arrival_s,input_tokens,output_tokens
0.0,1390,1
0.076492,1394,16
0.133264,2878,15
1.246054,4906,3
4.072357,1295,32
5.250729,7666,1
5.635029,304,8
5.822388,1417,11
6.251924,7679,55
6.621299,1251,17
6.734986,7647,1
6.98537,7647,1
9.02159,7669,1
9.081989,1367,19
9.740972,4280,10
11.235178,3325,14
12.124746,209,31
13.519188,7686,29
14.366293,1712,8
15.234946,2972,4
15.262134,2629,8
16.263522,7672,1
17.235259,2973,5
17.636579,3170,1
18.005332,3709,8
18.233919,1361,3
18.235094,3984,4
18.877603,7658,6
19.734788,2461,12
20.569318,1386,122
21.892827,2986,1
22.073502,516,18
22.764343,18,16
22.767086,2084,3
23.121059,1459,33
23.27433,2196,19
23.875751,217,25
25.336926,535,9
25.889774,802,11
26.381812,804,15
27.636341,12,12
30.137521,12,1
31.993213,2546,37
33.317163,2276,12
33.753922,21,17
34.067527,3338,8
34.386789,978,6
35.281215,2215,3
35.633424,13,9
35.750836,7682,3
37.567745,1317,3
38.133148,3172,12
38.98331,1373,3
39.115622,4222,75
39.234274,1635,5
41.070968,762,15
41.817116,763,19
42.256702,2271,4
42.393834,2360,17
42.890461,846,2
43.068721,2046,9
43.644592,2362,16
43.770849,355,47
44.738136,7658,40
45.523558,2755,8
47.14248,1240,22
47.996607,2257,78
48.565339,3232,11
49.235975,646,3
50.235425,1642,13
50.501835,2452,7
51.233519,1642,15
53.118493,1877,42
55.001404,2060,2
61.288693,4656,10
61.383339,858,30
62.319439,1754,4
64.8167,3355,22
65.567461,1470,8
65.996732,4057,1
66.488571,621,19
68.116535,1265,14
70.736041,3771,1
70.871981,2862,4
71.000915,485,14
72.140187,87,3
73.007321,39,53
73.883985,524,3
74.127751,2015,14
74.331002,779,13
74.384359,527,1
75.270307,1398,41
75.50039,3965,1
75.871158,4239,14
76.739318,290,7
76.878049,1829,11
77.752428,2282,1
78.745483,7686,1
79.989731,2398,32
80.386393,885,5
81.067838,1392,6
83.140741,51,28
84.368085,1827,18
84.750362,3962,3
85.385095,1349,1
85.639408,629,9
86.834223,228,33
87.139125,834,16
87.242737,1169,15
87.279752,1269,19
87.985717,7389,22
89.250208,2294,1
90.83299,852,12
90.833771,2276,8
91.823263,2746,5
93.590593,803,1
94.816342,904,12
95.002701,2300,6
96.137109,1004,6
96.638303,748,10
96.749363,3034,231
96.7691,83,2
98.368466,3428,9
101.016368,2304,5
103.009471,1955,1
103.132489,3265,1
103.614003,7678,2
103.737034,4074,1
103.827288,1100,51
104.136126,826,2
105.136677,603,15
105.886682,117,20
106.002634,1453,3
106.12402,3336,2
108.526148,2203,12
109.484464,475,1
110.136767,610,18
112.617597,3451,2
112.867224,1057,44
115.133067,46,1
117.637047,3704,7
119.002274,2947,4
119.254347,1963,4
120.564914,1953,3
121.638835,2659,24
121.887494,922,4
122.501532,2845,2
122.889007,607,14
123.066117,2622,25
123.884195,49,8
124.735185,137,18
125.50542,2953,130
125.635255,3706,13
127.005211,2954,11
127.066564,177,2
127.25259,478,3
129.484081,145,17
130.136768,147,4
130.504963,1973,6
131.490879,2266,52
131.492659,4118,26
136.490348,4769,9
137.635151,1894,1
138.020794,2210,7
139.12696,6,21
141.499197,3562,11
141.998311,4223,3
142.868355,1827,6
143.13412,69,23
144.315902,4801,12
144.818656,2795,15
145.316955,1122,1
145.754462,2188,2
146.370238,752,28
146.371396,7463,24
147.254186,490,3
148.567085,2397,9
148.818762,2799,13
148.81941,2631,2
149.27454,965,2
149.885966,3712,1
152.118737,1194,8
152.575743,2399,18
152.86798,1570,6
152.989222,1468,46
155.045615,3611,544
156.318643,1930,75
159.367128,144,16
159.749405,1851,8
159.889589,249,81
161.279135,4331,9
162.121271,265,24
165.076709,1587,7
165.484376,6534,2
165.524699,993,2
165.866437,1824,6
166.734082,4787,8
171.529314,4336,1
173.147271,2617,10
180.001836,91,13
180.638231,530,9
181.634273,530,9
182.135115,759,1
182.137166,7681,12
182.249918,525,94
182.733983,2231,682
186.736223,4261,4
187.521101,4357,3
191.566232,1709,3
192.636419,3739,13
193.618111,126,1
195.024099,2250,13
196.00934,7675,1
196.243891,352,12
196.519942,541,3
196.761178,7683,240
198.008471,7677,1
198.250241,353,183
198.510284,7657,1
199.38405,3741,12
199.507675,2266,8
199.818354,2253,15
200.319638,244,43
201.118195,7678,3
202.381197,3742,13
202.502867,946,129
202.737923,3993,2
203.369255,1834,25
204.123557,912,3
204.135616,635,8
205.896156,2363,9
206.002653,23,8
207.393089,1585,1
209.244111,2259,49
212.509181,545,9
212.619118,4142,56
212.741339,7686,43
212.750813,7674,10
214.739608,1135,4
216.362859,7685,1
217.821197,4429,1
217.865657,7679,37
219.066693,260,45
220.485355,2138,9
221.391333,3158,30
221.48365,3217,144
222.018777,541,1
222.135128,2381,346
223.74919,2112,19
225.868703,298,17
226.278332,544,77
227.487897,7209,11
228.386261,1835,5
229.618235,2264,42
230.025169,7517,24
230.315601,2697,5
231.066381,1088,2
234.36703,1222,21
235.004605,7658,12
236.238076,3700,5
236.384544,3280,17
237.372641,5966,1
237.774389,3700,116
238.869421,1499,9
239.643199,2025,273
241.647851,2027,7
242.067489,1092,8
243.738268,4570,49
244.617267,3238,1
246.007364,1335,17
246.889506,729,9
247.387141,7682,4
247.734453,7673,14
249.769926,344,24
250.904485,2250,35
251.068538,1096,3
251.137915,4456,18
252.371167,7665,36
252.385162,4456,18
254.571782,1382,157
254.613508,4885,2
255.268791,1745,80
256.752724,935,1
257.241109,246,157
257.992008,164,29
258.523328,2564,3
260.326289,7621,19
260.896955,1989,3
261.142279,1989,6
261.895879,1990,8
262.067789,1966,1
262.31993,2601,9
262.576079,1966,1
263.876129,5398,1
265.140857,1991,3
265.823388,1426,9
265.883522,139,19
266.385165,990,5
267.145645,530,4
267.254809,2253,5
267.890658,6490,48
268.389902,2056,3
270.238737,4561,18
271.484957,3996,1
272.3962,7677,1
273.367722,835,1
274.142272,732,3
274.613662,835,2
275.023952,1750,605
275.772668,2267,11
276.896852,3164,3
279.32119,1983,1
280.330513,2752,8
280.866429,3188,2
281.642848,26,17
282.248799,926,17
282.994036,1986,5
284.13861,171,2
284.389565,171,3
284.884765,1900,7
286.492649,2801,45
288.751627,2356,1
289.884916,33,1
295.388427,434,47
297.023546,7686,11
297.876116,4887,14
303.566501,7309,8
305.236607,2221,73
312.238694,5538,13
312.634218,495,6
313.889506,158,3
314.11426,3446,2
314.817094,1054,10
317.892888,162,18
319.145412,38,1
319.242794,2666,12
320.023545,805,3
320.75261,674,4
323.23845,6,20
324.251186,2200,1
324.313471,611,3
324.492147,2685,5
327.270746,805,3
327.742211,3393,63
329.819758,1027,3
330.50427,2207,1
335.820741,2034,6
337.985991,2681,133
338.147483,606,6
338.998698,5098,1
339.893046,7680,4
340.885835,1193,2
341.00376,2553,2
342.867061,2729,17
343.733612,2677,25
344.618165,566,26
344.98381,1253,15
346.375312,307,16
346.504181,7686,1
348.40011,1265,7
350.015111,2212,9
350.020338,2483,25
350.771383,7686,26
351.270083,7668,76
354.521564,7673,21
354.780769,173,16
355.024455,818,38
355.139232,5278,3
355.253708,2369,1
355.777438,7674,1
357.488363,2703,23
362.021083,7686,1
362.071894,1421,109
362.365597,1554,2
366.755816,2223,10
367.262626,2224,6
367.270948,7686,21
368.770603,817,15
369.9905,2235,20
371.483683,2238,6
371.829652,7292,4
372.506585,4623,15
372.739284,3,13
376.270727,7686,4
376.383579,4299,3
377.650845,1847,55
377.734388,2833,32
377.753029,1251,8
377.823109,1035,16
378.022242,7686,20
378.141542,4302,2
379.736478,3,10
381.484682,586,1
381.505334,152,19
382.001937,2226,2
382.985556,2837,6
383.276727,1513,8
384.624563,998,6
386.485907,2075,45
388.140741,2701,7
388.77115,1561,6
388.886841,7619,25
391.899711,1923,2
392.137765,1923,3
392.639793,7385,57
394.983863,2448,55
395.521418,2070,10
396.507787,2377,37
396.750934,7676,4
399.484356,2452,12
399.890404,628,16
400.502781,4028,9
401.388917,1798,1
401.565112,1920,4
403.868679,2845,3
404.03105,830,55
404.817997,5279,15
407.891509,1943,3
408.002372,1267,9
409.125521,6023,2
411.882829,2715,13
412.271285,5950,29
414.234955,2837,53
414.983759,987,6
417.320687,7301,9
417.565158,1827,1
417.74836,2819,2
419.867639,3087,8
420.1142,2217,16
422.770107,492,7
423.992289,642,19
425.632503,22,11
426.774263,498,15
428.240473,4039,1
428.522031,1217,6
429.269695,7685,18
430.23579,34,1
430.372318,783,12
430.499115,1283,3
430.992185,885,3
431.735373,4303,9
432.268542,4043,1
432.488072,2858,20
433.877347,3576,4
434.374132,3577,45
434.752253,2501,12
435.368889,2159,52
435.866949,42,34
436.001903,3091,28
437.757271,3991,41
439.2538,598,5
439.4836,1563,1
440.52136,1199,5
440.751034,7385,12
443.386993,2211,7
444.388898,644,37
447.512671,2450,8
448.137339,2451,1
448.484773,1565,2
449.887223,4347,1
451.386459,79,6
451.735407,2860,109
452.012157,3502,115
452.897652,1234,10
453.406065,521,3
454.396803,1796,17
454.49249,2462,135
455.869099,3455,5
456.315555,1905,162
457.643456,7618,6
459.234946,2467,1
461.248475,297,3
462.067257,7370,7
462.816495,237,51
463.235491,2470,1
463.57219,7375,46
463.883677,776,123
465.632094,2200,61
465.771197,2497,6
466.00184,1443,20
467.630617,1556,2
468.52502,2497,1
468.984141,2472,52
469.026407,2498,4
471.25344,941,85
471.364271,913,19
472.61461,282,16
473.890535,1880,17
474.616614,3463,2
476.493075,7686,15
476.736848,563,18
478.381677,478,1
480.321497,147,17
480.889957,662,26
482.642277,292,4
482.983886,3012,70
483.737695,568,12
484.613052,2222,21
486.343486,7368,3
490.000244,706,1
490.519542,1641,16
490.645342,549,9
491.391795,1294,536
493.242509,2465,11
497.369102,245,31
499.640967,780,4
504.024159,782,9
504.577205,1940,3
505.069872,1825,1
506.636934,1100,265
507.814893,39,104
510.237987,2230,1
510.736945,2230,24
511.987932,1552,2
512.48373,3401,7
518.320468,2459,10
518.540109,370,15
520.526695,3766,6
521.242995,243,4
524.566673,591,15
524.636611,478,172
527.865064,1118,125
529.113994,7680,6
529.236637,3655,3
529.252076,83,6
530.235587,3358,136
530.733798,2798,1
532.885522,483,25
533.998364,88,1
535.484596,3924,105
536.143939,7685,8
537.132168,509,53
539.021647,2468,17
539.502958,4379,2
539.777582,3940,12
540.997014,3328,5
541.830735,1930,17
542.235957,766,4
544.276374,494,20
544.821712,40,8
545.483891,3328,6
545.568527,40,20
546.316442,7658,3
546.887682,554,4
549.63509,7684,281
550.279981,5678,4
552.281749,2799,33
552.642249,1854,100
552.781298,2236,129
553.569281,662,16
556.024943,7685,3
556.819658,3118,1
557.239096,2591,8
557.63744,1663,7
558.322168,2254,19
561.071096,4207,3
561.250422,2364,2
562.565338,2634,1132
563.568117,712,21
566.53052,509,42
566.867303,768,8
567.814385,3148,1
569.240039,3528,10
569.280745,578,41
569.567188,43,7
572.567317,1937,4
572.890608,1992,1
573.253919,3174,4
573.526811,2811,4
574.239224,3343,5
574.531575,2461,19
574.985921,888,2
576.487099,2107,1
577.027814,1603,82
577.565999,3268,12
577.889396,348,55
579.816531,2159,1
580.003141,3136,15
581.313527,7658,1
581.536002,3832,12
584.023066,555,1
584.067167,915,19
585.890978,1192,8
588.150701,302,1
589.635012,1196,64
590.75384,901,4
591.884728,7677,12
592.271191,1323,4
592.756988,1211,3
592.769245,1387,9
593.634719,2114,183
594.639778,7391,24
595.320474,631,101
596.483824,3901,1
596.866745,595,89
598.815886,744,19
598.865274,562,3
601.067134,1447,2
601.23579,3350,3
601.503404,1757,91
602.234208,311,10
603.635924,1895,6
604.074266,2053,12
607.271988,549,18
607.523086,7681,1
608.490153,2591,15
608.636654,3873,64
610.25701,1781,1
610.754912,56,11
611.506245,2096,82
611.98928,814,3
613.388668,4898,7
614.758226,901,4
615.240428,4057,5
615.263324,2944,28
615.483292,4480,6
615.514257,2353,1
615.515011,2845,7
616.620433,3290,4
617.83368,5116,1
618.870727,2454,2
619.819362,3217,3
621.006917,2848,7
621.528668,5872,82
621.998999,781,192
622.521567,1203,1
622.624632,5958,33
623.00391,3591,9
623.827257,3829,18
625.006509,2848,4
625.869288,903,7
626.983819,189,7
627.883862,5606,4
628.531294,788,19
629.888136,7678,13
631.494146,536,14
632.374253,890,11
634.001519,2106,10
635.505409,2353,3
636.030028,4753,9
636.566306,5117,1
636.872103,1918,6
637.566024,1171,10
638.528389,4754,23
638.999209,2355,3
641.067934,70,7
645.067555,74,2
645.136394,3411,7
645.316202,1003,1
646.863396,582,318
647.52256,1543,6
647.862303,3299,1
650.817751,945,12
651.525614,1926,2
651.885465,2086,9
652.019528,2808,1
652.636572,1277,8
653.386136,1783,3
657.752798,3624,1
660.386282,592,1
661.567523,1966,150
662.128166,185,1
662.48909,541,1
666.365448,5832,8
668.82472,645,161
669.237284,785,7
677.068649,4555,9
677.635881,1555,1
679.382594,1932,1
679.483306,545,1
681.384719,448,56
682.321415,3004,5
682.368531,1129,2
684.255437,295,21
688.020263,2301,3
690.000067,3188,3
690.133699,4580,13
692.634934,1969,1
693.275898,7685,30
696.324438,3221,19
696.484807,295,29
697.139457,1990,1
698.06884,3734,11
702.070576,141,3
703.250235,3584,22
704.083912,7678,11
704.124771,266,5
704.736398,709,3
705.619936,1032,4
705.765113,877,17
706.386834,13,4
711.61279,1831,5
714.757878,4589,15
715.026796,2905,3
715.821884,2299,3
717.776518,7686,9
718.116387,175,1
718.272572,4650,7
718.503526,2905,3
718.622885,175,1
718.984543,7372,17
720.136889,356,10
721.817567,4595,7
724.573781,1928,3
725.069578,3751,3
726.367894,1861,6
728.615033,1054,19
729.570838,2280,6
732.76022,885,17
733.866092,1645,16
734.11705,1681,7
734.826316,3043,6
735.756723,5220,3
736.018873,462,2
736.737934,802,16
736.831234,723,25
737.011438,1173,1
737.269465,4674,7
740.00166,2791,7
740.066782,727,27
742.252223,2768,9
742.566387,1454,61
744.237638,3558,11
745.750463,2798,1
746.748894,2799,1
747.000683,2060,9
748.270838,4761,3
748.772399,2221,1
751.139397,1273,4
752.124969,1228,10
752.634351,28,1430
754.319962,1458,52
755.067671,1458,36
756.028561,82,9
756.503726,2897,11
756.987471,1877,15
760.140861,1285,14
762.638711,1578,6
762.734903,3306,945
763.000776,2157,4
763.072148,1981,9
763.824336,3342,3
765.745158,3408,6
766.279056,7670,3
766.525466,509,4
769.072059,1659,1
770.117461,1078,9
770.241522,2204,10
771.501225,1862,8
774.138734,350,7
777.488141,1130,1
779.022556,4951,20
780.117545,1253,18
782.240227,3538,2
783.318637,4303,24
784.114105,1258,1
784.565498,4304,4
784.816406,3207,45
784.870982,1259,28
785.384163,4739,8
787.771353,4744,2
787.887764,1869,98
788.115285,1076,7
788.252014,7685,20
789.071783,4655,37
789.506274,7686,75
789.639248,2486,8
791.135194,2593,51
792.886673,2088,49
795.365832,625,1
798.069466,1063,13
798.365826,766,130
798.487774,3417,3
800.510526,127,88
801.993447,30,63
803.645589,1759,18
803.742766,35,14
806.278987,2182,2
806.48546,56,5
807.636716,1760,15
810.253154,7678,30
812.737246,1797,10
815.503246,3216,2
818.068317,1206,1
818.385197,7682,1
818.486737,3872,3
818.643827,7682,23
819.511741,146,23
821.989701,3431,1
822.144136,3750,3
822.485439,3432,1
825.393213,666,6
826.48861,7687,12
828.63756,1575,33
830.816617,929,21
834.270763,4935,1
834.887336,197,38
836.580166,1207,22
837.079428,7686,3
837.269986,4743,47
838.749866,1216,4
838.750632,7666,22
839.644882,2235,4
840.751588,1219,88
841.770938,2853,4
843.984885,1632,21
845.250457,1239,3
846.32416,1952,5
849.626388,1331,8
849.985437,1635,18
850.390915,7681,1
850.524573,2193,15
851.817954,4556,12
853.003387,3225,4
853.39645,4199,9
853.397792,1535,16
853.398545,2603,6
854.567411,748,87
854.750996,1043,1
859.50153,5236,76
862.499264,3225,4
864.001655,3225,3
864.503694,2122,30
864.504844,748,2
865.484103,2089,3
867.133111,304,2
867.314612,1954,16
867.818071,4782,5
867.818087,2265,4
868.248938,2126,4
868.865738,2107,34
869.072375,4784,1
870.564514,2757,4
870.771422,648,12
870.863444,410,10
871.250482,2130,1
872.235525,1222,3
873.02552,4362,46
874.233658,3924,4
874.48413,1225,1
877.524517,760,13
877.567091,3859,14
879.769464,1050,99
880.998924,1413,1
881.022629,1886,7
883.502972,5247,4
887.075917,136,9
887.57459,773,23
889.888614,1542,17
890.500842,2850,44
890.868376,359,5
891.368981,4979,9
891.614688,2995,3
891.616609,860,2
891.637944,572,6
892.635574,538,1
892.865827,872,3
892.884883,539,2
894.317911,3869,3
894.823616,1961,26
895.640566,4509,23
895.772243,2078,16
896.736208,1641,3
896.75074,1879,9
898.119046,205,7
901.884013,2074,13
902.24884,1671,2
903.136847,543,2
903.251559,7685,9
903.874923,2270,1
904.882009,1494,5
905.628567,1495,4
907.134789,1130,18
908.067823,742,3
909.737147,1756,9
910.383359,464,1
912.75222,1417,8
912.775708,1282,3
915.140916,113,16
915.81637,785,26
916.02409,599,9
916.487255,1683,12
916.524021,386,27
918.741067,7676,34
919.616768,2539,7
920.570696,746,6
923.385446,2408,5
923.531792,7679,8
924.523989,3773,5
924.751574,1592,3
926.000405,3611,4
926.004073,1327,2
926.118169,2274,1
926.148699,7686,10
928.501395,1936,1
928.751433,3576,3
929.634742,738,123
930.066523,1857,4
930.523339,2244,9
930.634852,925,286
930.820391,126,1
931.642056,1896,11
938.119491,104,1
938.272357,265,2
939.773044,882,3
941.568634,120,15
942.028524,614,15
943.255271,7679,1
943.522899,1901,12
943.771963,615,3
944.620918,2511,26
945.142446,4407,1
945.240369,1371,13
945.882131,7682,33
946.02151,2365,1
946.121106,7681,10
946.132921,602,15
947.511361,3556,23
948.133806,3751,18
951.987753,26,13
952.812961,5935,1
954.021549,7684,20
954.029465,715,11
954.500628,715,29
956.820552,818,1
957.314226,812,74
959.388168,1929,21
959.522342,1303,61
960.749123,5516,1
962.362615,879,1
962.499724,114,2
962.86794,879,3
963.892353,5944,70
965.27729,3569,1
966.819136,834,33
967.50749,2869,14
971.503882,7675,18
972.25495,1976,17
972.615432,3596,6
973.133114,933,3
973.484293,3362,19
975.569617,2978,11
975.818188,7682,3
976.270787,1296,35
977.495642,2371,3
979.382856,7217,3
981.521429,2442,1
982.750136,1999,44
983.025713,796,79
983.48413,2577,9
984.249021,1397,24
986.502971,3600,14
987.235678,1553,52
993.01376,902,21
993.242133,1555,7
993.244534,2581,9
994.503717,3203,15
996.739367,409,46
997.741219,409,147
997.751364,1453,6
997.987319,1370,39
998.254213,1890,1
1000.364907,447,3
1001.319765,1884,1
1001.772147,1101,6
1001.999413,7686,1
1003.239346,3247,11
1003.892432,510,3
1005.571729,363,10
1005.817769,1882,2
1007.50281,140,2
1010.001306,3605,11
1010.235286,3931,5
1013.272102,2805,10
1017.526711,304,29
1019.319365,1399,1
1020.490731,256,1
1021.88522,1086,3
1022.890407,1088,20
1023.618189,1526,8
1023.752883,3577,13
1024.275639,2480,9
1024.50069,161,2
1029.734635,264,2
1030.773954,1482,7
1031.284504,620,28
1031.28852,1482,52
1032.898944,15,10
1033.502089,852,260
1033.637725,1093,313
1033.63914,2297,1
1034.295942,1484,20
1037.885889,362,5
1038.484181,871,23
1038.888324,2300,53
1038.990303,3411,10
1039.000635,2634,66
1040.11507,531,1
1040.364535,6978,4
1042.140536,1485,33
1042.645338,3889,1
1043.113043,532,1
1043.499898,3239,11
1043.637148,3924,8
1044.317363,868,58
1044.74841,2230,88
1044.998229,3119,12
1045.239746,2231,58
1048.883226,1255,8
1049.500944,7684,19
1050.750389,3241,8
1051.637439,1258,6
1052.56602,5028,3
1053.247886,2426,148
1054.06565,4943,9
1054.500056,13,20
1056.49162,2319,7
1057.494306,2662,8
1057.884337,2146,2
1058.364782,373,4
1058.634626,6965,3
1058.635355,500,2
1061.133383,361,7
1061.618995,539,8
1061.635226,14,7
1062.738329,2320,6
1063.48887,3780,47
1064.992374,2216,2
1065.019592,2306,29
1065.247359,3787,253
1065.514261,7684,16
1065.876076,3605,6
1066.019022,203,2
1066.485776,1276,5
1067.022337,1241,14
1068.113812,544,1
1068.501701,1489,4
1068.817054,7379,110
1069.004542,1046,1
1070.381919,48,803
1070.74678,2222,1
1071.623121,2256,14
1072.235324,896,16
1072.320715,3480,71
1073.877242,3711,8
1074.816953,3644,3
1076.364831,2257,6
1077.034561,1310,3
1077.816041,3477,88
1078.250899,414,15
1078.529418,2967,11
1079.63608,426,15
1080.386864,343,4
1081.005841,4151,2
1082.064859,3783,11
1082.252115,2023,46
1083.88876,1915,1
1084.139063,1915,10
1085.384774,3994,9
1086.398232,1895,20
1086.651919,504,72
1087.316896,4583,30
1087.642393,4000,1
1089.068147,721,4
1089.487644,705,13
1090.620271,5258,14
1091.239594,705,22
1092.256629,1494,55
1092.824986,948,1
1096.891628,365,1
1101.566855,722,7
1101.814752,309,1
1101.990114,3788,61
1103.88539,3466,9
1104.635164,344,9
1108.773832,232,95
1110.066523,917,135
1110.11706,5862,29
1110.815611,1335,6
1111.388684,374,4
1111.733535,3136,2
1112.138271,3469,48
1113.56753,4865,12
1113.750791,2142,26
1113.773935,2593,1
1113.869762,1572,63
1114.571516,5321,11
1114.736707,687,9
1115.735837,118,17
1116.073421,807,12
1116.324543,2589,2
1116.82047,5978,18
1119.06612,833,8
1119.484078,1457,1
1120.751216,1514,49
1121.003691,7681,16
1121.122349,1034,19
1122.735609,1634,7
1124.484699,697,18
1126.324184,1114,1
1126.368814,728,202
1126.817652,7676,1
1127.14001,1999,3
1127.505979,3237,2
1127.625188,1034,1
1128.00299,3237,2
1129.486153,1829,6
1140.317563,1410,1
1140.504772,7686,2
1141.324761,7676,1
1143.251446,7678,10
1145.485782,2531,35
1148.867028,2557,6
1149.26808,7682,1
1149.5204,7682,1
1149.761287,3511,30
1149.762833,5260,8
1150.564037,3864,1
1151.023467,7681,1
1153.252565,1905,3
1154.25704,484,7
1156.319823,5975,3
1156.387667,554,16
1158.236198,841,5
1159.069944,5975,3
1160.734295,2330,12
1163.501669,94,2
1163.734286,1366,4
1164.512026,2642,35
1164.641412,3477,34
1165.386485,3477,5
1166.506494,2643,24
1168.021407,2421,2
1168.27122,7680,8
1169.521044,7680,9
1169.88817,967,11
1171.133517,1995,3
1171.133828,6380,16
1173.50046,3513,12
1175.005838,3514,32
1176.253134,2027,13
1176.98733,3220,25
1181.988298,1119,17
1182.7385,879,4
1182.749181,913,8
1183.313698,1492,6
1185.757384,6969,17
1186.759854,313,9
1189.506799,2502,34
1190.983536,1631,2
1191.37278,1314,24
1191.985601,1647,14
1192.247912,2508,60
1194.364113,6776,6
1194.567561,2948,1
1194.884311,2125,18
1196.139674,7684,1
1196.503851,1534,5
1197.983655,1828,3
1199.614116,989,12
1200.02359,7685,301
1201.36668,2197,187
1202.242488,122,18
1202.388309,7683,27
1203.021631,2070,5
1204.504955,904,13
1204.751781,3283,88
1207.567618,94,7
1207.748667,1561,4
1207.776157,1563,3
1208.073344,95,3
1208.075539,1409,45
1209.484954,3318,89
1209.640912,608,16
1210.363005,384,1
1210.384502,7675,23
1210.885449,608,21
1214.999263,1321,4
1217.06792,4544,9
1217.86807,3914,21
1218.114947,388,7
1219.367519,293,1
1219.638863,6753,15
1223.069537,849,1
1224.735432,2395,5
1224.88932,1204,4
1228.634667,282,11
1231.371922,7680,11
1233.755171,9,5
1234.253349,1568,14
1235.25085,10,5
1236.370978,205,3
1237.749283,339,94
1239.118315,829,83
1239.271376,1400,29
1239.652411,2071,23
1239.757543,1550,12
1240.524906,2808,3
1242.370838,715,1
1242.383581,2070,23
1242.820495,1628,17
1243.024481,4002,73
1246.321849,380,173
1246.38389,2709,2
1247.253907,1377,16
1247.755234,1377,14
1248.385088,472,15
1250.739316,1386,3
1251.770233,112,39
1251.821195,744,3
1255.393063,3208,14
1255.888917,3208,10
1256.319867,520,19
1257.152173,1247,12
1257.152715,133,16
1259.888219,2540,2
1260.251043,874,7
1260.284135,7682,1
1261.642638,464,139
1262.77195,114,32
1264.501481,913,192
1268.639998,7678,1
1269.75287,2453,1
1273.375321,2284,3
1273.888662,5208,6
1276.613028,1950,1
1276.82166,1544,19
1277.651508,466,285
1278.649284,383,82
1279.389384,404,1
1283.752453,2463,1
1284.495632,4485,16
1284.761803,2461,3
1284.986502,1762,6
1286.256798,4967,18
1286.509839,1606,12
1288.376584,1019,148
1289.646054,185,4
1290.888556,3611,13
1291.370722,2256,14
1292.508627,877,5
1293.140987,2702,5
1294.324815,90,9
1295.985943,2520,1
1296.140446,1268,45
1298.999733,189,5
1300.890799,110,24
1302.138057,6457,29
1303.984694,2519,6
1304.137649,377,5
1304.282804,21,62
1307.275086,3387,9
1307.32126,1611,3
1307.637843,1599,5
1307.749874,1621,40
1308.644117,470,5
1309.889279,6555,5
1310.322858,1406,2
1314.279036,2570,11
1314.484239,7677,8
1314.75735,1315,11
1314.885239,2425,3
1315.114596,176,15
1316.135051,5536,11
1317.614005,1712,3
1320.891681,186,1
1321.019729,1482,42
1321.887316,1650,14
1321.985479,2525,1
1322.31843,1407,30
1323.138317,1606,15
1323.323248,712,21
1325.635301,2426,3
1326.575362,1392,8
1327.770592,2589,10
1329.028611,139,51
1329.075836,712,22
1329.253932,251,241
1329.817508,1610,12
1330.001971,4924,43
1333.364437,1812,23
1333.513535,4939,46
1337.628049,403,3
1337.885468,6,23
1339.737128,2538,3
1340.485582,2538,3
1342.749857,4942,1
1348.386702,1651,2
1355.640822,1284,1
1355.643348,406,229
1356.001232,1333,6
1356.248086,4939,1
1356.888725,2470,18
1358.141113,19,2
1359.00292,1335,3
1360.520792,155,6
1362.3982,1654,11
1370.327565,1995,24
1370.773699,1874,2
1372.521586,5038,16
1373.005813,1343,13
1373.887051,1317,19
1374.134247,6,20
1374.883243,556,56
1376.526595,1521,13
1376.637121,33,2
1376.882577,32,1
1377.816613,2004,9
1378.270136,433,4
1379.886165,1752,15
1382.383719,560,2
1384.647722,6308,14
1385.73522,7678,5
1386.615294,915,24
1386.887046,6400,4
1390.237631,7572,10
1390.565523,2045,9
1392.565112,5669,9
1393.896585,2126,9
1394.775129,664,15
1398.122402,3491,1
1399.317652,934,81
1399.822904,322,14
1400.261261,4995,14
1400.817479,935,102
1402.317398,938,69
1402.319165,938,35
1402.386456,488,55
1402.742496,5043,13
1403.070331,325,153
1408.983213,2742,30
1409.254515,2403,16
1410.770313,3052,3
1411.25187,3697,1
1415.316594,610,2
1417.316673,611,3
1418.001871,5004,108
1418.11551,995,14
1418.48695,1981,9
1418.526747,1602,4
1419.082382,3696,1
1419.249993,222,1
1425.027614,7677,11
1425.633407,1340,12
1426.635541,716,48
1427.638668,615,23
1429.636434,529,14
1433.491791,2763,63
1433.638941,1270,33
1439.73904,1536,40
1439.900276,2340,30
1441.513177,1528,8
1442.646957,530,2
1443.396765,530,15
1443.652979,532,14
1443.893976,411,13
1445.733495,2263,1
1445.983536,2263,1
1446.502497,1684,3
1447.026504,2378,1
1448.135764,583,1
1448.385892,584,10
1448.899145,1743,16
1449.149339,466,88
1449.387262,190,4
1450.9836,1990,4
1452.06879,2524,15
1452.771036,3002,10
1453.149999,533,13
1453.235115,2266,147
1453.655519,582,15
1455.564438,3852,10
1455.754333,187,3
1456.067471,2279,3
1456.564595,3852,11
1463.114177,383,7
1464.133922,62,19
1464.75243,2311,1
1465.749123,2311,1
1468.067496,992,6
1469.81882,2605,1
1470.569211,2605,18
1472.317241,2606,102
1474.003244,760,6
1474.751364,1706,109
1475.113135,240,7
1478.748406,2315,1
1479.634362,52,5
1479.749091,755,1
1480.134096,303,7
1481.771587,1562,15
1481.868657,2237,15
1483.248995,1817,2
1483.499492,1817,2
1483.889004,1615,1
1484.135791,87,4
1488.134498,1108,3
1488.499353,1230,2
1488.520509,3974,6
1489.270053,2964,32
1491.314454,879,3
1492.757058,1412,286
1495.496999,2804,57
1497.363818,2247,1
1503.135588,67,6
1504.25113,1101,5
1504.613749,2598,10
1506.000399,1106,28
1506.27842,1282,9
1506.999315,1108,5
1507.280467,2925,3
1508.067401,2246,9
1508.483743,1165,15
1508.614056,978,3
1509.278124,1283,8
1509.901842,1267,2
1510.875552,269,69
1511.881439,273,16
1512.038179,1100,47
1512.990207,1148,11
1513.236889,2147,1
1514.384274,777,4
1516.743571,3550,20
1517.140068,76,9
1517.88621,74,10
1518.002645,2049,24
1519.243654,1156,29
1519.385987,76,1
1519.87246,1445,9
1520.385044,588,16
1521.633982,1291,3
1522.008644,3972,12
1522.134452,588,27
1523.135011,588,3
1523.136672,2555,11
1523.483647,3565,16
1526.023333,149,9
1526.568219,543,28
1527.645742,1528,18
1528.137362,2105,3
1531.234851,2279,8
1532.070007,1067,24
1532.734115,228,6
1532.770773,7685,2
1532.820344,1069,27
1534.234977,335,31
1535.256686,515,1
1535.75494,234,35
1536.371457,240,6
1536.874696,807,4
1537.135188,628,36
1537.884882,1027,1
1539.069975,4761,2
1540.366039,742,3
1540.64468,629,33
1540.645507,6504,11
1541.641725,1732,13
1542.639546,2553,1
1544.877308,1013,10
1545.868315,2035,6
1545.885204,17,6
1545.98841,3718,6
1547.737644,314,20
1548.241699,1272,21
1548.332789,307,9
1548.634335,7686,1
1549.643594,7667,24
1551.864741,7683,1
1552.489981,1190,16
1553.616014,1623,1
1556.120503,1955,3
1556.734039,1234,11
1557.254325,1732,12
1557.734408,1233,14
1558.234549,230,1
1558.8708,1622,8
1559.366544,2217,2
1561.818975,1132,68
1563.484088,1655,6
1564.879336,1692,1
1565.583248,1588,5
1565.755215,1137,43
1566.736376,2807,25
1569.271994,2200,67
1570.486533,1269,7
1572.137267,1331,3
1575.270078,641,5
1575.509892,1235,29
1577.066789,7679,9
1578.813969,7681,8
1579.525333,619,15
1582.261079,3992,13
1585.269386,2659,9
1585.484787,34,10
1589.119984,630,160
1589.777886,509,3
1591.486541,2284,53
1592.244444,5055,11
1592.995936,947,3
1593.239105,145,22
1593.614623,4426,16
1594.617658,4427,13
1596.282222,1300,4
1596.521037,2090,1
1598.993348,1583,17
1599.318088,1202,1
1599.385761,6672,3
1599.735059,1230,1
1602.566214,399,16
1602.86525,773,8
1603.735621,1684,16
1605.258828,1430,2
1605.617974,1491,70
1608.319363,7682,15
1608.521605,1473,10
1609.910487,7400,21
1611.237222,1032,14
1612.564468,7685,22
1613.065964,1042,9
1613.819041,3909,11
1614.113601,194,1
1616.574746,441,85
1616.577313,903,11
1617.116614,5200,19
1617.24386,1725,6
1619.889881,590,27
1622.366345,1484,34
1622.565921,443,1
1624.504185,433,6
1624.613426,277,3
1624.736797,17,4
1624.985103,17,4
1629.752622,3812,1
1632.499906,1376,1
1632.734743,1749,246
1633.519909,2525,11
1636.011722,1432,56
1638.074199,270,12
1639.363808,2680,1
1639.983875,164,7
1641.246726,1379,17
1643.132483,1102,1
1644.116342,69,48
1644.741697,3097,6
1645.741902,3102,39
1646.873057,1514,6
1648.140178,6676,36
1649.571035,379,155
1649.744,3652,28
1651.625703,605,1
1651.820087,285,3
1651.821529,1483,1
1653.120593,902,1
1653.485309,1378,16
1653.641918,1450,12
1653.64375,2022,4
1654.378503,1524,8
1654.483909,3658,4
1654.484583,2753,4
1656.139271,2434,17
1656.891142,3587,11
1657.071307,605,14
1657.877099,901,1
1658.069324,1321,3
1661.238252,172,2
1661.269245,2123,2
1661.316594,4986,6
1661.625976,1447,6
1662.020869,428,1
1665.498049,3562,1
1665.639549,295,7
1666.501812,1430,1
1666.875394,26,26
1667.755947,1430,1
1671.50276,961,1
1671.991978,197,46
1673.64352,636,11
1674.737567,32,5
1674.77065,165,1
1675.50728,3481,1
1677.019075,1323,64
1678.32526,2303,4
1678.636725,7686,40
1681.565536,1493,2
1681.82005,2307,2
1683.616092,632,5
1684.884359,767,9
1685.888682,2059,16
1686.863097,1584,1
1687.36484,634,13
1688.066142,1439,21
1688.252317,1500,21
1688.318162,1239,6
1689.733203,44,5
1691.635919,7686,4
1692.644866,918,2
1693.315492,1239,1
1693.643015,4017,46
1694.884867,7682,7
1697.522958,1706,11
1700.002079,1848,28
1700.869829,1202,16
1701.741973,2504,1
1703.031135,192,27
1703.502311,1465,19
1704.136676,644,3
1706.010768,1853,153
1706.386603,2292,18
1707.316308,7621,18
1707.486793,4712,1
1709.318092,1288,14
1711.140403,616,13
1711.140527,7667,8
1711.314872,1249,2
1712.066193,2719,12
1712.886656,7668,8
1713.314637,1100,2
1714.021016,218,14
1714.140617,2294,21
1714.771421,275,8
1715.369407,645,3
1716.816299,1110,2
1717.11634,1021,13
1717.563686,2889,1
1717.865378,1021,8
1719.772343,428,2
1720.366302,647,12
1720.815461,636,5
1722.001886,3092,206
1722.270334,430,15
1723.142085,6554,102
1724.142784,1232,1
1725.254129,3578,9
1725.384495,6696,7
1726.319694,1256,1
1731.483817,6649,3
1731.645616,2710,8
1733.113052,1576,3
1733.749597,3702,4
1733.994365,1472,14
1734.252197,7685,23
1734.488819,6647,40
1734.817038,3593,15
1734.985052,6647,40
1735.822574,1840,4
1736.389198,1244,14
1736.633742,7634,28
1736.865667,666,4
1740.393422,597,4
1741.755725,1616,3
1741.994567,351,21
1742.872193,200,21
1743.007254,1707,106
1743.132699,6714,15
1745.068061,2464,2
1745.749589,1618,6
1748.06807,1589,149
1748.318899,896,12
1750.621003,21,9
1751.396265,6723,59
1753.009256,573,12
1754.009451,666,139
1756.564756,773,4
1758.13516,2316,18
1758.772567,2582,25
1759.273181,532,13
1760.633851,1310,13
1761.069549,2810,4
1761.250496,1626,610
1763.565486,1594,3
1764.249535,1549,26
1766.024825,780,3
1766.133525,2650,5
1769.897567,2569,2
1770.773562,2178,1
1771.005046,670,81
1771.885113,7670,1
1772.257801,670,108
1773.772128,731,44
1776.135679,7675,23
1776.269873,1370,1
1780.002208,3684,14
1781.769312,917,10
1782.504414,378,1
1783.314899,5088,5
1784.64155,1471,12
1785.135811,2585,4
1785.500066,3690,4
1786.001537,7685,17
1786.748964,3690,6
1788.986786,495,19
1789.362502,722,1
1789.50981,379,37
1791.883936,700,15
1793.133415,2024,8
1794.134171,2022,19
1795.40558,7621,5
1795.648826,1468,15
1796.256235,736,186
1798.649953,708,7
1799.397798,7215,5
1800.774694,523,12
1801.735477,1638,10
1802.392902,1556,9
1802.501333,1188,1
1803.867381,7676,3
1804.385591,1562,2
1805.028202,3922,21
1806.021182,2185,2
1806.067777,65,19
1806.398476,1321,3
1808.147743,1321,11
1809.384828,7686,19
1810.64631,6754,49
1811.138007,7668,13
1813.525873,805,53
1813.748984,1943,24
1815.616671,2952,3
1815.887071,2029,2
1816.31711,2549,61
1817.503968,2740,58
1818.004779,2743,7
1818.391387,936,40
1819.140543,7671,30
1820.251445,7686,7
1821.499973,1947,4
1822.651951,7671,6
1822.983607,1646,1
1825.993682,421,8
1829.114515,7008,3
1834.118403,7015,3
1836.315472,697,14
1836.390085,7614,1
1837.821434,420,5
1837.885,3026,52
1838.006908,1186,11
1839.785014,6964,1
1845.137177,1492,10
1846.317021,1699,313
1847.00134,7649,21
1847.999235,7679,3
1848.500981,4273,74
1848.815889,1700,15
1851.23512,1289,3
1853.313974,2038,5
1854.371983,591,44
1855.13501,1449,3
1855.383024,1481,24
1858.136604,1485,15
1860.257895,2699,37
1860.387781,1455,1
1861.114563,7651,8
1861.986394,7677,11
1863.489184,1397,3
1863.501841,1707,3
1864.135553,5122,4
1864.514704,2440,19
1864.517078,2708,2
1865.505903,2993,10
1866.370687,1318,8
1866.825649,2167,6
1867.238774,2053,5
1867.258973,1717,8
1867.754361,1209,2
1868.633822,6537,11
1868.736625,1678,10
1869.886324,1197,4
1870.752505,1222,12
1870.831578,693,4
1870.889997,1857,7
1872.136868,1198,9
1873.243668,5060,30
1873.986527,1350,10
1875.269852,1353,4
1876.25064,1532,111
1877.777133,1977,27
1881.328161,7677,8
1882.501579,1720,1
1882.576873,58,14
1883.502306,3222,8
1883.733761,1368,34
1883.985694,1625,51
1884.002554,1661,9
1884.507764,3224,1
1885.864248,7640,3
1886.021598,1738,113
1886.144564,1273,2
1886.502464,1723,3
1886.611292,7548,1
1886.819895,2240,10
1888.023126,1531,16
1889.011099,1579,3
1889.363512,7641,2
1890.525215,3139,33
1892.866263,2277,48
1893.36581,113,1
1894.618058,114,6
1895.613621,3043,9
1896.752192,1817,104
1899.068913,1715,8
1900.135382,4764,1
1900.529404,1542,4
1901.113914,72,3
1901.504256,1313,14
1906.385539,304,22
1909.636505,305,1
1910.636154,305,23
1913.068064,1721,3
1915.870084,301,10
1916.271644,7685,17
1917.327582,2157,3
1918.734045,3073,2
1920.770657,1547,6
1921.067944,2825,1
1921.394746,333,36
1921.483653,3075,4
1921.733701,1152,4
1924.001465,1729,32
1924.999578,2446,9
1925.491696,2505,25
1925.499984,1729,28
1926.364756,7573,96
1928.140399,6579,3
1929.898994,1021,10
1930.999734,1858,55
1931.249242,2452,3
1931.384949,384,26
1933.322134,642,37
1937.882242,7681,11
1939.863562,3266,1
1940.983264,6704,1
1941.751424,1484,79
1943.752555,1574,1
1943.88358,17,4
1944.49195,1745,42
1944.817703,1891,2
1945.020638,2893,1
1945.500051,3591,3
1946.50057,188,15
1949.1177,3282,28
1950.485922,760,3
1951.567619,640,9
1952.614612,4517,24
1952.749756,1315,3
1957.002676,5083,17
1957.766081,5084,15
1959.004855,3241,22
1959.071381,1935,5
1959.816857,646,1
1960.995766,762,3
1961.003081,3242,9
1961.077071,1154,2
1962.632941,3954,8
1962.774007,2305,1
1963.026796,3801,4
1963.519277,3801,8
1964.501954,3208,67
1965.068846,650,5
1965.882769,7660,3
1966.251863,3605,3
1966.252627,1597,15
1966.884714,3318,21
1968.119025,1392,1
1969.386058,1838,2
1970.271872,401,2
1971.074771,1164,9
1971.120327,3156,8
1971.25519,746,8
1972.069961,1164,6
1972.886098,6351,38
1974.636504,3892,1
1976.237076,1731,7
1979.019092,598,8
1979.069271,5883,3
1979.486958,1735,10
1981.000521,1104,1
1981.066743,2205,9
1982.067021,2207,2
1982.118245,2003,2
1983.503633,3159,25
1984.251056,3159,85
1984.74951,1110,1
1985.816318,1767,11
1986.001276,775,3
1986.816337,2213,2
1987.638823,23,15
1988.020568,522,21
1988.770555,1105,92
1991.249491,2336,13
1993.642874,2453,3
1994.369399,5449,95
1997.782163,1234,23
1998.50077,2214,6
1998.567288,1941,1
1998.994377,6711,21
1999.989816,1821,5
2000.024175,529,1
2000.816334,2236,63
2001.74615,1776,4
2001.886905,429,3
2002.527355,425,70
2003.31663,2249,24
2003.733705,1776,3
2005.038033,1804,19
2006.384887,755,6
2006.527331,441,1
2006.61369,2043,1
2007.38927,3022,157
2007.61297,2133,11
2007.734013,4037,1
2007.822861,4037,4
2007.825475,1619,6
2009.00441,1119,17
2010.38857,6632,14
2010.503782,333,28
2010.734333,2731,9
2010.885872,756,1
2012.139056,758,2
2012.280121,4630,9
2014.529606,1235,7
2014.7789,1815,22
2015.815315,848,44
2016.256127,19,109
2016.733569,1638,10
2017.076471,428,37
2017.61642,2285,4
2018.27122,1237,20
2018.776241,1357,6
2019.650699,1972,40
2020.321535,366,3
2020.815458,2365,1
2021.317086,1055,2
2022.866122,3519,3
2024.50086,1126,3
2026.821896,2290,4
2027.27134,667,15
2027.822583,594,105
2028.326531,1083,2
2029.736961,140,67
2030.998426,7686,2
2034.127871,2028,9
2035.622969,452,51
2036.995534,971,22
2037.489373,1777,8
2038.363701,452,2
2038.486603,1855,33
2039.022979,667,14
2039.139735,1842,12
2042.733945,974,1
2044.07037,2072,10
2044.98773,2543,1
2049.769146,1125,3
2050.487537,2427,6
2052.64798,4718,5
2054.742761,2534,21
2055.392854,1114,2
2055.39509,447,24
2055.893288,7682,12
2055.999993,1129,4
2057.398041,2770,4
2059.244924,1796,14
2059.752224,2486,1
2062.868551,2035,8
2065.2487,779,179
2067.151381,449,97
2067.270872,1349,22
2068.320319,2855,13
2069.134086,154,36
2069.776721,1350,1
2070.520824,1734,3
2072.11543,7674,3
2072.998115,1725,1
2073.522741,1182,15
2074.066298,215,3
2078.506507,1583,2
2079.395677,1158,1
2080.147723,1814,1
2080.566599,2721,7
2083.145084,69,9
2083.641075,69,29
2084.113424,1415,6
2085.237604,13,6
2086.500234,115,7
2086.989839,2448,61
2087.23662,15,6
2087.739009,2175,14
2088.507104,116,10
2088.86905,2039,23
2091.759521,3406,23
2092.638889,3429,1
2092.751824,7686,11
2096.866027,3186,1
2097.49625,1907,120
2098.021691,1360,15
2098.324043,2174,110
2099.57032,1334,14
2100.814272,1916,1
2102.56826,2174,127
2102.98551,187,460
2103.539706,1748,1
2104.869512,3187,3
2106.530987,287,4
2106.887908,1309,105
2107.064544,3512,1
2109.007512,3446,13
2109.064332,1806,1
2109.733606,7682,3
2110.068927,2179,85
2112.066623,1343,1
2116.984565,2192,19
2117.641898,261,15
2117.989443,2192,15
2118.635543,5285,24
2118.985471,878,1
2121.750775,1542,1
2122.64884,718,1
2123.132024,718,19
2127.871234,306,6
2128.123989,2213,9
2129.527586,1239,9
2130.733551,143,5
2131.134171,1334,5
2133.619059,4375,6
2133.753706,2983,6
2133.81717,1701,1
2136.069554,2063,2
2137.872799,479,14
2140.255767,1409,2
2140.276597,2307,2
2140.320327,1085,3
2140.752184,1781,2
2141.635976,1778,3
2143.752676,1887,1
2144.00431,1410,1
2144.376098,518,10
2144.484659,2455,5
2144.624826,485,16
2145.127202,787,4
2145.500384,2547,58
2149.522257,1745,60
2150.863565,1412,26
2152.020571,2313,2
2153.57103,123,9
2154.366022,493,1
2155.120759,493,18
2156.502897,3498,5
2157.021393,5917,2
2159.364251,437,33
2159.869709,831,14
2160.115136,1242,4
2160.771469,307,21
2162.769388,4025,3
2162.864433,844,92
2163.570176,49,16
2163.999496,1919,9
2164.024903,314,16
2164.82049,7687,11
2165.57723,497,22
2166.501848,75,15
2168.869871,2246,14
2169.761167,1138,57
2170.257883,1793,1
2171.271136,1428,34
2172.067841,2956,7
2172.270887,1815,3
2172.387786,1209,6
2173.020489,1429,23
2173.258569,183,1
2178.369868,1410,75
2179.249536,3050,1
2179.372626,2263,5
2179.876438,415,20
2181.072449,5931,5
2181.629591,208,14
2182.256691,1144,2
2182.275653,329,60
2184.139773,494,13
2186.004737,750,31
2186.116458,2287,36
2186.396649,2852,13
2187.234993,887,34
2188.134827,1845,17
2188.252615,2205,14
2189.636258,1216,62
2189.888155,1217,6
2190.816962,485,1
2192.75065,2206,14
2193.768969,3947,13
2194.272568,1780,27
2196.884809,2854,15
2197.636357,888,56
2198.255405,824,53
2198.892118,1159,1
2199.067336,312,6
2199.388872,1870,72
2200.494317,331,6
2200.888183,7686,8
2201.38546,2832,11
2201.887333,891,45
2202.504881,1832,70
2203.38694,305,1
2207.395046,305,1
2207.4947,212,33
2208.87375,6751,10
2209.113897,788,1
2209.894179,305,4
2210.365821,789,8
2211.117192,2754,26
2211.242075,341,67
2215.89681,2876,2
2216.868456,211,1
2217.61879,873,144
2218.001754,1801,16
2220.142099,7686,8
2220.488848,220,16
2220.88411,1167,1
2221.385756,1168,7
2221.75042,18,2
2222.132965,1167,1
2222.382125,1167,1
2224.3645,218,2
2224.384492,308,1
2225.891224,309,2
2225.891671,309,2
2228.885874,1879,20
2230.522567,5938,9
2230.86822,946,18
2231.505007,669,22
2233.500449,52,4
2233.521472,1096,21
2236.257061,7264,13
2238.578312,138,15
2240.386912,4682,26
2241.254996,61,13
2242.143833,182,20
2242.146111,7681,1
2243.893561,7685,30
2244.63956,186,16
2246.154007,1902,1
2246.6209,843,6
2246.644626,1225,3
2247.817355,4746,8
2247.817588,4277,5
2249.067164,5386,1
2249.750877,7683,5
2249.870116,707,31
2251.114339,71,1
2253.393316,3888,21
2256.115432,537,6
2256.314293,2778,1
2257.4891,583,1
2263.647803,3492,13
2266.999611,2050,5
2271.885762,3918,1
2272.394913,7681,5
2273.069445,135,3
2273.252473,1150,4
2273.503466,453,28
2273.999831,1809,1
2274.234442,524,2
2274.997161,6,20
2276.748222,857,23
2277.269523,1793,3
2278.755575,858,16
2289.36656,3165,3
2290.122363,5684,7
2290.314597,7680,2
2290.389536,3000,9
2290.77776,2354,313
2291.06839,531,13
2292.143868,557,5
2292.642889,555,4
2293.237731,2062,30
2293.363954,7680,1
2293.570237,1380,3
2295.373371,3165,4
2295.734478,538,15
2296.133787,4829,15
2296.249616,759,1
2296.616833,85,4
2296.988941,2062,56
2301.315027,2795,5
2301.3841,2836,65
2302.384638,2837,7
2304.120236,5837,12
2304.984354,547,1
2305.734071,1838,9
2307.075453,143,10
2307.319582,143,16
2309.867861,2291,22
2310.613965,3169,3
2314.636023,1395,18
2314.770413,1818,22
2315.386543,559,7
2318.269864,1404,13
2320.02166,1463,8
2320.636978,708,2
2320.638838,1401,17
2320.640314,2005,15
2320.839156,1734,20
2320.840381,1523,23
2321.616271,1463,9
2321.617375,7533,18
2323.007814,1506,3
2324.615489,4392,8
2326.254438,1159,20
2327.260752,2300,17
2329.06807,1839,1
2329.235843,2067,35
2329.866032,4391,4
2330.510625,3609,15
2331.025157,3558,26
2332.238514,2066,37
2334.373127,318,722
2335.250014,576,11
2335.63553,7683,82
2335.817055,3216,9
2341.240184,2071,30
2342.522107,165,4
2343.398138,395,20
2343.823449,3639,1
2343.999585,1627,1
2344.397366,2269,36
2345.315204,1300,7
2346.484312,1067,103
2346.50323,331,9
2346.756997,1635,1
2347.143142,3533,1
2348.390173,766,13
2349.137257,765,7
2349.772028,2706,2
2350.512165,3619,26
2350.884773,971,12
2351.877367,83,7
2353.777636,1582,8
2353.777706,3999,47
2354.75214,3623,20
2359.318133,560,18
2359.756002,1764,12
2360.254224,1764,11
2362.866769,92,1
2364.27787,3796,3
2364.81511,3303,13
2368.819955,1493,14
2369.52047,4136,7
2369.781082,7637,35
2371.89936,2015,15
2378.388403,647,85
2378.503284,1664,13
2379.760387,2174,58
2380.007012,1664,1
2381.38356,1595,7
2382.260217,438,13
2383.395358,1599,1
2383.62829,1139,10
2383.822749,1540,71
2384.633432,4058,1
2385.638877,2491,52
2385.640677,4058,49
2387.15033,655,94
2389.508203,1884,26
2389.985278,2070,53
2391.138483,7682,76
2392.006463,2159,3
2392.63608,4032,7
2393.027085,148,4
2394.237668,85,6
2394.367618,2839,1
2394.383209,2074,10
2395.114827,3445,3
2395.241516,3110,32
2396.741401,2072,1
2396.751605,2059,34
2396.984847,7675,9
2398.02812,2565,3
2398.028682,7682,79
2400.248136,7684,1
2403.235621,2161,11
2408.115827,1410,8
2408.139912,2044,2
2412.888676,1065,4
2415.772878,3260,1
2416.12676,126,68
2418.389397,4053,21
2419.509728,1766,18
2420.505201,786,30
2420.871143,280,22
2426.317568,1757,1
2426.501108,1952,17
2430.887658,4881,9
2431.893728,7678,14
2432.867768,92,219
2433.14496,1454,18
2433.616187,7684,11
2436.245959,7686,58
2436.317272,2366,15
2438.250707,833,9
2441.484098,7682,1
2445.065602,4349,2
2445.772354,2562,3
2447.024466,1377,4
2447.234725,2856,3
2447.639436,639,28
2448.073196,2147,4
2448.639718,642,3
2450.642698,1178,11
2451.636498,1780,1
2451.885317,1780,14
2452.142275,976,9
2454.140703,565,3
2454.826648,1020,9
2455.240927,2857,2
2457.317483,1810,3
2458.133273,1930,4
2458.520781,2462,9
2459.867135,5798,9
2460.572895,2151,9
2461.249011,2245,7
2461.366158,1316,72
2462.736251,2858,14
2464.249291,2247,8
2466.065615,4902,1
2466.378528,1667,3
2467.142214,6433,7
2468.988731,7677,11
2469.323027,672,12
2470.000056,3339,8
2471.820182,3295,19
2475.115812,306,3
2475.885743,4953,7
2476.019252,1920,5
2477.865042,307,11
2478.113538,1780,3
2479.374034,308,29
2479.374342,177,100
2482.615759,309,79
2482.865456,6331,5
2483.983873,1744,5
2484.113148,1663,17
2485.021184,993,4
2488.61696,1321,13
2490.570482,5897,6
2493.239738,1748,46
2493.388743,3289,30
2498.028338,2354,10
2502.565258,2179,12
2503.821066,2287,9
2504.500777,1511,13
2505.018338,21,79
2505.115402,3510,13
2505.268814,22,1
2506.618953,404,1
2507.316219,2185,6
2507.865314,1522,21
2508.769896,4147,87
2509.76889,4645,7
2509.864273,1439,3
2510.647597,2964,29
2510.884502,142,67
2512.750845,1757,23
2512.863786,3940,1
2513.615148,768,1
2514.407626,1317,10
2516.504889,2595,49
2516.615101,1494,9
2522.613225,319,3
2523.488481,1394,17
2523.865581,322,23
2526.250605,960,3
2526.386879,345,3
2527.315366,988,20
2529.003375,1765,17
2529.114396,4785,3
2529.814717,3840,3
2532.136702,577,7
2534.278437,1505,2
2536.52994,1019,9
2537.002771,2283,3
2537.06469,2106,1
2542.002476,1840,10
2543.385601,582,11
2547.018947,525,1
2547.770259,169,1
2548.125546,1593,41
2548.322237,261,1
2548.578213,1576,11
2548.877904,1323,20
2549.370186,1323,11
2550.11564,1070,3
2551.249735,2283,3
2551.614235,3105,1
2552.138347,347,14
2553.01971,2595,2
2553.135473,450,1
2555.736127,1111,118
2556.869802,1326,12
2557.121862,1326,11
2557.493725,2476,2
2557.620252,1328,12
2557.869359,1074,2
2558.886063,585,19
2559.738311,1935,14
2560.774034,4138,23
2562.983667,1935,54
2568.567644,2387,108
2572.625057,1524,242
2572.735065,2121,15
2574.319162,18,41
2575.240487,2123,14
2576.072652,270,5
2576.235565,282,150
2576.751113,1448,10
2576.751679,1702,3
2577.064939,2034,34
2579.386404,4150,3
2586.240214,1051,59
2586.364445,1288,2
2586.387189,1798,32
2586.492951,2123,10
2586.501704,1452,5
2588.269617,7675,3
2590.07005,958,2
2595.143574,220,79
2595.14616,2024,9
2597.645994,1028,17
2598.143752,520,16
2598.753349,2321,21
2599.067497,1609,1028
2599.752705,2322,32
2600.113767,1897,13
2600.636785,272,30
2602.003479,2327,4
2603.819818,2238,7
2604.251859,1282,10
2604.615603,1344,2
2605.619928,2677,3
2605.821075,2043,7
2606.635003,4514,37
2606.999409,2326,18
2607.815195,3852,12
2609.320913,1507,13
2610.383256,772,1
2611.253835,281,9
2611.733755,1137,379
2614.822799,1050,14
2617.25481,2328,18
2618.251055,2529,3
2618.271198,575,122
2619.00064,2641,3
2619.383181,6111,3
2620.774135,219,4
2624.252932,1581,23
2626.822352,220,67
2627.771705,1051,4
2628.251802,293,36
2628.567618,1379,14
2629.488505,3396,9
2631.771036,1055,3
2634.23484,7209,9
2634.566131,2133,3
2635.136497,6445,21
2635.816195,1255,2
2638.485637,7686,11
2638.636387,3245,5
2641.113817,1234,19
2642.565055,1977,2
2643.48797,3517,3
2643.736177,7686,40
2645.274533,78,40
2645.642841,6343,30
2646.756544,448,16
2647.739419,233,27
2652.386639,235,25
2653.271478,663,6
2655.235741,976,1
2655.38808,1556,1
2656.066637,1867,10
2658.984265,989,4
2660.866288,2818,3
2661.07205,1851,37
2662.574294,108,8
2663.072502,109,19
2664.254436,1885,13
2664.501745,197,18
2667.483436,4070,1
2667.523872,1540,9
2667.739737,1941,18
2670.255027,2244,16
2671.271015,3689,16
2674.12223,3826,9
2678.614871,1634,1
2680.490934,1115,1
2681.896402,4962,23
2686.896129,3649,4
2687.75055,643,1
2689.142853,3652,28
2690.114828,2074,2
2692.391154,1182,5
2692.393906,6441,14
2692.891986,1183,9
2693.525349,2137,18
2694.390137,112,61
2696.135368,113,67
2696.269443,2485,1
2698.392874,6449,4
2699.393634,6452,1
2699.899306,7686,4
2700.484148,1377,14
2702.386027,1002,6
2702.642366,1519,12
2703.146971,281,5
2704.63457,6459,32
2705.369396,697,8
2707.144521,536,17
2707.147589,282,6
2707.756914,7665,12
2708.388919,1410,16
2708.754117,2264,1
2711.864165,2075,2
2713.761907,2266,1
2713.983588,3113,2
2714.90102,390,8
2715.647444,1521,11
2717.486136,2124,3
2717.565991,724,1
2720.393633,7680,9
2723.13997,6493,3
2723.775637,1401,6
2724.0277,1401,5
2724.287712,704,8
2726.771493,1405,8
2727.392796,1566,97
2730.386493,1389,6
2730.649951,2415,2
2731.25439,467,4
2732.517004,1895,1
2735.004335,1897,5
2735.753842,423,27
2735.817072,1908,94
2735.86874,940,3
2737.635063,2101,9
2738.066609,798,1
2739.503052,462,9
2740.520731,3640,8
2741.998864,7675,2
2744.132881,1788,1
2744.568476,1856,1
2746.133057,1266,7
2747.005704,539,2
2747.526937,1189,77
2748.241285,130,13
2750.00179,2087,500
2752.272999,3830,135
2754.315624,123,28
2754.485134,1231,48
2755.73492,138,31
2758.984659,1235,10
2762.073728,996,22
2762.527804,353,8
2764.236416,2698,2
2764.635233,2635,46
2765.569208,331,17
2766.001349,2881,928
2766.500775,2225,50
2769.02978,328,45
2770.508453,2276,10
2770.567785,5270,15
2772.115482,3835,4
2772.998995,1959,1
2774.566464,5274,4
2777.819336,158,25
2778.240447,2001,52
2778.738205,6453,1
2780.246746,5611,5
2782.816308,729,5
2786.019007,912,3
2786.518966,3340,8
2790.133171,2645,1
2791.238228,6456,52
2791.368889,1008,6
2791.764334,3839,102
2793.616412,13,8
2794.501969,888,8
2798.884274,1673,9
2799.369811,184,7
2799.620896,1147,1
2799.821181,164,1
2799.823125,3097,21
2799.989268,6464,23
2801.815492,736,2
2802.528343,3118,10
2803.019827,292,9
2803.137334,1211,15
2803.570264,166,6
2804.487493,2916,12
2804.502783,145,1
2804.751191,145,3
2804.999452,896,1
2805.883767,1270,3
2806.615504,1748,5
2806.814701,168,4
2807.483451,7007,1
2808.242984,2694,2
2809.365183,19,7
2810.870445,271,9
2811.071063,1023,3
2813.237784,3335,4
2813.524711,298,7
2814.372051,3006,1
2816.523787,4181,13
2816.640362,1272,3
2816.89123,985,6
2817.390044,2738,8
2817.617838,625,25
2818.24831,1882,6
2819.114073,25,6
2819.529133,7684,22
2821.142215,1492,79
2821.617337,25,4
2822.510105,1570,46
2823.146476,1492,33
2823.255012,1568,34
2823.886014,1494,16
2824.738094,6497,24
2825.389286,991,7
2826.069147,1368,8
2826.253478,929,88
2828.384309,2279,1
2828.985366,2587,1
2830.071126,613,25
2830.753962,764,18
2831.235686,2186,4
2833.270153,2155,46
2835.986706,475,9
2838.020543,2167,18
2842.140438,106,20
2842.733884,2208,4
2843.521792,3331,27
2843.733673,2198,1
2844.372568,3012,49
2845.483236,3344,4
2845.63425,3843,5
2847.253625,1981,21
2847.255792,548,1
2848.021536,3960,37
2849.25414,1128,8
2849.384658,1009,133
2851.758688,1129,4
2852.758887,481,4
2852.819332,724,338
2854.820766,139,25
2857.033347,4000,31
2857.776084,759,21
2858.322496,215,4
2858.755725,2846,1
2861.504796,2847,8
2863.240797,6296,183
2863.629225,898,3
2864.752846,3494,3
2865.238257,1180,3
2865.252328,793,265
2866.074792,2990,30
2866.634746,848,1
2867.621157,3341,17
2867.623042,3764,97
2867.774367,4016,37
2868.87074,3067,3
2869.259548,2665,46
2870.274358,2092,6
2873.259122,6395,34
2874.639305,6870,40
2877.00979,2665,87
2877.889852,1747,4
2878.536532,437,34
2878.751376,2698,71
2879.522997,766,16
2879.867682,5466,2
2881.483286,3176,12
2883.023966,2416,6
2884.245332,6264,6
2884.253825,1043,6
2884.642463,223,11
2884.999972,7678,6
2885.991795,106,30
2887.316608,702,3
2887.889961,6268,10
2887.89183,3864,12
2888.007803,2694,3
2888.644997,2732,4
2890.365308,921,3
2890.620994,1547,40
2892.31635,1320,14
2892.566003,92,5
2893.388527,7677,68
2893.522039,997,4
2893.871391,2881,195
2893.883219,1943,6
2895.067043,321,16
2896.024848,4112,89
2896.247387,303,4
2897.026065,1821,9
2898.112701,1112,1
2899.362265,912,1
2900.06436,99,124
2900.885398,130,7
2901.065452,99,6
2901.118557,213,18
2901.363701,3398,4
2902.118053,5468,7
2903.565097,7676,3
2904.120494,1617,19
2904.136501,1743,15
2907.082816,1627,32
2907.239198,4736,8
2907.578146,981,6
2908.896724,891,3
2909.390369,1744,89
2910.238342,307,1
2914.888084,2033,7
2915.568861,1178,12
2915.816348,22,3
2915.884812,893,10
2916.250068,3126,17
2918.521681,4110,5
2918.638612,3253,2
2919.502019,1816,18
2921.502469,1130,18
2923.755322,3567,20
2925.025725,357,5
2926.384126,3880,2
2927.140732,1679,4
2927.368677,1252,21
2929.734459,2115,14
2930.501709,2102,8
2932.316146,1048,2
2933.022339,2839,7
2934.636055,1065,7
2935.521794,3029,1
2936.015233,1829,20
2937.135778,1158,8
2937.375435,33,5
2938.815773,1012,20
2939.114786,3965,1
2939.505673,1175,8
2939.890798,893,7
2940.065742,1009,19
2941.007139,2215,1
2941.010781,6277,12
2941.519178,4286,3
2942.633017,1706,76
2944.868841,1767,16
2946.024603,4232,71
2946.383936,2041,6
2947.31567,4438,12
2948.133162,2296,9
2948.566078,1009,70
2950.383942,1908,1
2951.025507,2993,10
2952.382567,6106,3
2954.778227,1195,2
2955.316779,1017,19
2955.486224,2973,68
2956.315957,2541,23
2956.525435,1354,1
2957.890205,4411,2
2959.501335,1838,1
2959.56753,651,53
2960.569128,1543,13
2963.614522,1862,176
2964.002888,4317,1
2964.736274,1864,54
2966.257656,7681,17
2967.118605,1862,166
2967.245654,6279,189
2968.139639,4076,3
2969.897957,2053,2
2973.120676,1863,16
2973.772139,2063,20
2975.815857,43,1
2977.238397,2105,12
2977.988836,2106,40
2981.00047,1273,7
2981.250657,2579,5
2981.637282,1901,1
2982.074369,3405,9
2982.252186,2581,24
2982.318751,7259,126
2983.36471,137,247
2986.007617,1132,37
2986.507551,1132,16
2986.983807,2127,3
2989.623331,1780,15
2990.567576,1015,17
2993.758646,199,44
2994.018821,2434,3
2994.749737,1206,4
2994.819804,2676,16
2995.000479,2588,17
2995.6213,1796,18
2997.080409,1030,16
3000.081456,2566,15
3001.362827,1881,13
3001.826297,1029,8
3002.279348,2081,56
3003.250945,1184,2
3003.734417,5607,11
3004.384714,3229,187
3004.885463,3235,4
3006.63583,3843,2
3008.021634,2835,153
3009.612811,1971,1
3012.13238,3882,4
3012.321559,2056,20
3012.524763,1470,2
3015.001084,7684,2
3015.134042,597,5
3017.501599,5951,1
3019.574801,42,2
3020.570192,3680,1
3021.393876,1919,26
3021.818868,44,3
3024.520749,4354,16
3026.568869,1437,94
3027.072641,44,1
3028.065376,5488,16
3029.986817,3222,2
3032.368527,915,12
3032.898537,6417,88
3032.999296,391,17
3033.279647,4355,11
3034.499909,6228,22
3035.006438,4243,9
3035.99817,398,14
3036.313912,1774,47
3038.521099,79,5
3042.508313,4267,1
3042.817792,722,1
3043.252711,287,2
3046.071973,3446,9
3046.750575,1222,1
3046.983872,2240,6
3047.251207,1219,10
3047.754572,1218,12
3048.006522,2166,30
3050.255003,2184,14
3050.27259,4358,26
3051.006412,389,74
3051.007489,4376,25
3051.250921,4277,218
3052.00301,1272,11
3053.489835,1235,6
3054.633814,888,2
3057.135365,107,1
3057.564457,3653,3
3057.753478,2231,15
3059.019331,333,2
3059.250151,4388,47
3059.613103,7686,1
3059.64452,7676,1
3064.0677,2366,1
3065.572364,1171,33
3066.890366,1966,5
3070.003752,1232,30
3070.140589,534,2
3070.636074,2515,9
3072.365758,6184,25
3072.996605,3449,36
3074.134258,2522,4
3078.13363,23,14
3078.376985,1813,13
3079.134055,1933,10
3081.383797,1933,1
3082.270213,334,15
3082.890103,3910,9
3083.640737,1933,12
3084.63636,1934,19
3084.758824,681,12
3084.885697,1938,25
3085.564308,895,8
3085.635812,1965,3
3085.638053,3913,23
3087.027719,4480,14
3089.734555,577,15
3089.888046,2935,1
3090.612793,773,3
3090.751047,4409,15
3090.867181,6873,13
3092.502509,1146,3
3092.613706,167,9
3094.483618,1434,4
3096.068862,7648,142
3096.523227,466,135
3098.323028,3340,5
3099.73478,823,9
3102.515586,1291,8
3102.517897,1291,11
3102.816824,60,3
3103.734988,824,6
3104.384776,613,11
3107.114465,5275,5
3107.500801,1200,2
3109.113542,3494,7
3109.13475,1459,6
3109.484751,2221,3
3109.523164,4359,6
3110.134551,1460,10
3110.249424,1204,2
3110.612406,736,13
3110.750741,1627,5
3111.237218,3340,143
3112.236074,380,7
3112.983417,3344,8
3113.386332,1462,1
3113.825128,261,3
3114.13462,1463,8
3115.23515,2082,15
3116.004984,1375,17
3116.985494,3293,10
3116.999745,596,1
3117.391547,1838,5
3119.00449,4083,6
3119.066917,1233,49
3121.251359,4084,5
3123.000344,4036,57
3128.614032,2660,2
3130.866431,463,50
3130.906735,2099,70
3131.13714,2201,3
3131.235576,2504,4
3131.500924,7672,2
3132.891256,2140,52
3134.643758,1990,15
3136.39494,1864,3
3140.867564,1495,3
3140.897719,1032,16
3143.081233,2318,9
3144.520323,467,9
3145.270725,2272,2
3145.568671,67,1
3149.236702,1185,3
3150.734062,5768,123
3152.023901,1484,1
3154.132127,2103,39
3156.27161,2670,22
3156.519445,339,1
3157.986033,389,67
3160.518798,341,1
3160.564492,68,26
3160.734256,2620,10
3160.8879,1997,7
3161.820227,2610,14
3161.870174,115,1
3161.888398,1997,7
3163.870542,1498,23
3165.118254,1810,24
3166.06806,3524,15
3166.864942,1504,20
3169.772372,6945,50
3169.892029,1653,2
3173.637697,1530,11
3173.63783,1997,5
3176.883151,1531,173
3178.021201,5484,1
3178.257711,4443,16
3178.384255,2019,16
3179.079058,74,14
3181.770805,6956,14
3182.067619,76,42
3182.115637,770,3
3186.236244,2232,43
3186.261325,1476,3
3186.317534,76,11
3186.508309,4450,2
3188.268349,1475,1
3188.572133,279,11
3189.02221,343,20
3189.616097,5362,2
3189.867904,463,10
3192.242681,2163,14
3193.613409,1907,140
3195.066191,2588,12
3196.364595,5154,3
3198.023349,355,16
3198.322913,740,14
3200.262627,831,4
3200.283319,1859,3
3201.530067,6947,13
3204.521086,2679,72
3205.12062,5380,4
3207.135154,596,409
3208.321695,934,12
3211.50465,2911,192
3213.241211,460,302
3214.768556,2832,6
3217.819414,83,14
3220.138705,620,6
3222.074276,291,10
3222.824491,7686,18
3222.828126,1822,18
3224.235824,624,42
3225.751054,1498,4
3225.867263,8,9
3226.520424,4113,12
3227.324946,2638,51
3228.364699,463,78
3229.022615,2880,2
3229.735198,124,7
3230.523396,1297,13
3231.772244,2166,4
3232.021589,1640,20
3232.504149,795,12
3232.884156,1690,9
3233.029467,41,19
3233.574627,90,24
3234.253382,7685,20
3235.751479,2925,22
3238.393167,220,1
3240.752263,4916,8
3242.025992,1655,1
3242.395108,1030,4
3242.638884,2682,12
3242.890335,2683,12
3243.394736,1699,93
3244.394585,3323,15
3244.644624,2684,13
3245.634844,1026,6
3245.754452,2929,20
3250.615405,985,163
3253.748868,3348,3
3256.238255,7681,5
3256.889493,1725,9
3260.280227,2747,1
3260.364755,3826,364
3261.751418,1329,9
3262.387254,2587,9
3262.815788,951,3
3263.641708,1992,10
3265.646323,1029,40
3265.820615,96,1
3265.888916,1045,1
3269.005615,989,15
3269.270218,1487,49
3271.255679,888,13
3271.619702,417,15
3272.153112,3129,3
3275.503669,572,3
3275.504358,1363,6
3277.138423,975,1
3277.252354,1002,166
3277.314784,1181,3
3277.813657,1536,1
3277.864042,7684,1
3283.277629,1318,17
3285.066159,3569,7
3285.646888,1933,14
3286.134525,1900,3
3293.654771,1953,57
3294.250577,881,20
3294.315665,739,12
3294.817132,739,13
3296.816209,85,3
3299.234623,7671,3
3299.645345,1959,44
3300.887788,1600,14
3301.249294,417,2
3301.770527,1319,33
3302.485964,1859,1
3302.522222,25,31
3302.645083,1016,40
3303.005522,32,46
3303.317186,7675,5
3303.483581,3369,1
3303.520025,1860,13
3304.615274,622,1
3306.133512,7682,16
3308.394562,50,60
3309.268189,7281,1
3310.115391,7281,7
3310.882623,3310,1
3311.137719,1953,47
3313.00065,580,31
3313.134221,1764,3
3313.883595,1953,42
3315.138689,1763,3
3315.521559,2954,9
3316.522209,2954,9
3316.740041,4659,45
3317.136239,86,13
3318.236588,3371,16
3318.32203,2204,26
3319.065932,3560,23
3319.240374,588,6
3320.735518,2461,3
3322.750829,592,4
3325.24874,148,2
3326.023648,885,5
3326.023948,2957,4
3326.63695,3204,8
3329.984955,2424,1
3330.273388,2212,11
3331.021629,888,1
3331.394535,887,3
3331.751959,589,3
3332.520106,3759,2
3332.643931,3203,9
3333.399457,650,298
3336.137347,569,55
3336.567326,2562,11
3337.89269,3105,3
3340.564416,7682,9
3341.620546,1215,5
3345.887339,751,7
3346.067145,2228,24
3347.00433,2060,13
3348.646518,3100,3
3349.86518,1214,7
3350.071655,545,1
3350.316926,545,5
3350.635769,1792,9
3350.779347,429,9
3352.370036,1904,15
3352.500887,1098,1
3353.867346,519,1
3353.98874,1313,30
3354.065602,7676,4
3354.364905,7672,3
3355.885344,7681,3
3358.1357,2180,10
3358.485835,1315,145
3361.488978,2196,1
3363.489267,1835,10
3363.883984,1951,14
3364.024346,204,15
3367.9835,761,2
3368.567094,182,3
3369.134105,1862,52
3370.020401,6918,9
3370.065194,7686,3
3370.628903,19,228
3371.318082,238,20
3372.235302,3369,12
3374.000898,1184,3
3374.984162,1135,9
3375.235285,751,2
3379.384084,1940,17
3380.314985,460,52
3380.620636,2119,1
3382.023191,1930,1
3383.501142,535,6
3384.620146,2025,5
3385.502349,4598,5
3387.269652,1929,5
3388.863559,1805,170
3389.001135,1424,3
3389.022875,950,9
3391.024709,2499,2
3391.238373,1393,2
3393.750672,1430,4
3394.364407,1257,1
3395.115935,1194,21
3396.257074,2529,13
3396.986769,2328,1
3399.56592,281,5
3400.739403,4138,5
3401.52098,3761,8
3403.028642,1933,8
3403.0677,3482,5
3403.487319,4140,6
3404.23799,1074,9
3404.613387,2050,9
3404.741103,4567,40
3405.989945,1081,8
3407.034802,2184,301
3409.366362,1572,5
3409.3951,2223,2
3411.02089,2181,5
3411.892766,1944,5
3411.986632,971,424
3412.005667,285,20
3412.276116,6947,47
3413.52153,2183,78
3413.818908,2142,76
3413.871477,5624,8
3415.565778,1173,2
3415.985085,1054,3
3417.38671,7516,3
3420.886097,1832,36
3421.112532,1287,10
3421.385072,2254,3
3422.237904,3443,8
3422.364029,1266,172
3422.81797,2321,1
3423.249938,1541,11
3423.365921,245,1
3424.519672,972,55
3424.639798,1042,5
3425.736351,1440,8
3426.316263,708,5
3427.3691,2333,1
3428.021133,3767,1
3429.122497,883,5
3429.868044,884,1
3432.815549,885,39
3433.635381,1080,2
3436.993462,5740,31
3438.23758,1168,11
3438.740875,1168,5
3439.388968,2106,9
3440.249957,2336,1
3441.275375,5835,7
3442.638276,2000,10
3443.314059,7685,9
3443.52135,1000,1
3445.003112,949,1
3446.983846,7684,5
3447.865806,2965,13
3448.010201,783,14
3448.483326,1753,1
3451.115519,72,312
3453.069175,879,3
3453.270046,2497,1
3454.391942,2000,3
3454.769409,3767,1
3455.133765,1915,4
3455.884807,1916,1
3456.270125,3800,1
3459.370039,2137,2
3460.121317,7678,9
3462.067382,647,1
3462.751325,7684,5
3466.753285,7686,19
3467.135611,1793,8
3467.754711,7686,39
3467.986336,4016,3
3469.018768,3770,1
3469.268993,3770,1
3469.773621,1453,5
3469.777629,2687,14
3469.867867,3016,11
3470.259626,1527,1
3470.885676,3055,9
3471.005075,7673,18
3472.256464,2954,12
3473.484817,4208,14
3473.522662,2687,15
3473.992212,71,3
3475.134884,1920,7
3475.883423,3753,8
3476.569711,7660,10
3477.641982,876,1
3477.893871,876,87
3478.616534,2122,79
3479.24853,2649,11
3481.138272,1861,6
3481.139253,1607,26
3481.642013,3440,9
3481.771681,4,19
3482.003808,1518,1
3483.11455,1817,21
3484.364506,2116,15
3485.239486,352,17
3485.39254,3761,5
3485.643996,3454,9
3486.31518,1566,1
3487.114544,2488,20
3487.575724,3070,1
3487.89173,2061,11
3489.645112,3164,14
3489.892702,1137,3
3491.253052,7685,10
3491.501295,7673,1
3492.818781,1886,3
3493.757081,171,5
3495.869468,1295,4
3498.822409,1624,1
3499.571653,1184,4
3500.007382,3967,2
3501.022891,6953,15
3501.118214,160,7
3502.818654,2152,10
3504.281841,438,3
3504.7733,3898,11
3505.137304,1869,7
3508.021637,46,10
3508.251994,938,19
3508.370844,163,57
3509.483855,2356,2
3510.002549,940,22
3510.776392,2730,26
3511.070624,711,21
3511.571598,7614,7
3511.620264,2331,13
3512.146231,1875,21
3513.884693,1874,26
3518.385233,2513,3
3520.259264,1074,2
3520.638329,2665,14
3521.384903,1069,422
3521.76893,2734,23
3522.270889,1167,9
3522.532326,3659,4
3525.752329,1849,5
3532.136022,2106,24
3532.633355,2302,1
3533.133905,2302,1
3535.250846,842,7
3535.773551,3096,5
3537.004948,1529,20
3538.004998,3087,14
3539.250401,3087,1
3540.14046,2210,29
3540.889518,2212,127
3544.282717,6942,15
3546.885682,3092,82
3547.501085,1856,12
3548.030067,1934,43
3549.367918,2474,11
3550.278186,3094,22
3551.98457,684,15
3553.138306,2120,33
3553.484839,4927,4
3555.117096,2222,1
3557.56721,1894,8
3558.567644,1895,6
3561.020753,1221,34
3562.768589,2094,9
3564.739719,6278,16
3565.254718,978,3
3565.736713,1008,23
3566.260956,1691,10
3566.48556,700,2
3567.865418,2348,3
3569.637699,1208,10
3571.141646,1209,13
3571.39831,1937,499
3572.390274,1209,41
3572.634885,2771,2
3574.523854,925,2
3576.867396,3559,3
3577.019845,3204,1
3579.000886,7686,13
3580.020882,3509,3
3582.06656,7654,15
3582.503265,7682,13
3582.525144,1451,1
3585.38801,1225,7
3590.235459,2469,1
3590.500381,3095,35
3591.76984,1218,93
3593.888627,1994,11
3595.73701,174,5
3595.757971,2866,3
3595.815842,1677,5
3597.141421,1059,109
3599.492134,4891,9
3599.511537,2040,2
3599.776172,1126,4
3599.886274,1123,12
3599.886457,341,8
3600.13051,1923,1
3600.137752,617,48
3600.246981,3942,14
3600.26983,748,1
3600.389503,2930,40
3600.489012,2707,3
3600.513795,2943,15
3600.632221,3640,8
3600.749186,859,3
3600.780959,2787,5
3600.891867,2211,3
3600.997693,2923,19
3601.033394,1126,9
3601.144288,7666,6
3601.243517,2405,15
3601.529418,1757,14
3601.774112,1373,3
3602.277655,7674,3
3602.834946,467,1
3602.840501,1893,17
3603.249256,412,1
3603.494185,2030,49
3603.640339,199,17
3603.782581,1126,23
3603.89345,4399,9
3604.000718,1434,4
3604.081531,469,1
3604.126163,3004,23
3604.327256,677,3
3604.391582,4400,3
3604.583167,2899,15
3604.900093,4401,3
3605.331344,6414,13
3605.583166,471,1
3605.587132,1444,14
3605.8847,1975,3
3605.886096,821,8
3606.129841,96,9
3606.383803,2354,1
3606.494961,3358,17
3606.498552,2668,1
3606.514624,7674,64
3606.758171,2066,28
3607.03514,780,1
3607.505188,3430,18
3607.508956,31,26
3607.537878,849,1
3607.759425,3823,6
3608.083982,2567,8
3608.749388,1377,1
3609.047245,2068,4
3609.071452,2515,1
3609.540089,1595,1
3609.547865,1624,125
3609.568674,2265,24
3609.572279,2085,14
3609.648662,7673,2
3609.653616,5614,203
3609.746371,478,11
3609.904074,5844,7
3610.324625,2086,1
3611.097001,2779,14
3611.320237,2161,18
3611.508245,124,3
3611.539167,48,15
3611.744077,2197,26
3612.005593,532,2
3612.070193,517,60
3612.135414,495,4
3612.321747,1414,18
3612.897657,2929,5
3613.072336,684,10
3613.259121,2745,26
3613.261637,2340,1
3613.511095,2066,116
3614.405654,1108,1
3615.069536,14,1
3615.514632,7569,12
3615.515666,3421,25
3615.739009,7686,22
3616.373092,7686,1
3616.387187,1568,6
3616.533932,3207,13
3616.886647,3625,26
3617.08962,5894,5
3617.380926,2346,2
3617.753051,2758,28
3617.829165,2853,1
3617.992046,1361,6
3617.992656,1039,9
3618.492154,2475,2
3618.584847,16,2
3618.996596,898,2
3619.325044,6445,1
3619.640493,2220,3
3620.126678,4644,1
3620.130171,453,4
3620.743707,358,10
3620.83231,7682,17
3622.535454,2051,2
3623.02448,1232,1
3623.254939,492,11
3623.370264,2435,2
3623.524492,7139,1
3623.838134,1483,9
3624.006867,2654,15
3624.010877,3685,3
3624.502196,2477,1
3624.502535,669,9
3624.627542,7686,17
3624.759121,2623,9
3624.886091,1686,1
3625.367184,289,10
3625.387771,146,2
3625.640784,218,3
3625.755956,14,15
3625.891307,1040,15
3626.391046,1096,1
3626.550075,451,31
3627.043911,3809,4
3627.662106,3806,41
3627.664943,448,24
3627.836827,1485,165
3628.257055,1769,1
3628.579121,225,10
3628.755094,1770,1
3629.007414,2993,21
3629.03395,2081,8
3629.54051,4323,1
3630.010443,552,2
3630.581925,1164,2
3630.832297,1072,8
3631.334576,28,8
3631.335437,845,3
3631.641578,7667,13
3631.900143,1045,4
3632.000859,3615,11
3632.13965,1201,1
3632.144955,43,6
3632.385517,297,1
3632.826815,3202,15
3633.396912,4086,1
3633.507979,7686,15
3634.074163,28,1
3634.324238,1923,4
3634.501284,2880,15
3635.006335,1525,1
3635.150969,4416,16
3635.388098,302,12
3635.505559,5873,74
3635.631957,285,7
3635.822449,120,12
3635.883136,436,10
3635.888121,7671,9
3635.902177,1402,32
3636.004684,2257,17
3636.255847,2211,8
3636.276853,1004,3
3636.347882,1598,10
3636.527835,2100,1
3637.096694,1560,5
3637.097581,734,1
3637.388951,2749,1
3638.004947,33,3
3638.082051,7674,1
3638.082909,31,1
3638.374801,1950,1
3638.504543,228,3
3638.899367,919,6
3639.346767,2689,2
3639.346829,1345,14
3639.350824,3323,2
3639.404766,1320,3
3639.491846,7677,15
3639.582909,2913,7
3640.084163,124,1
3640.523081,2104,1
3640.834641,1344,13
3641.255575,230,1
3641.640983,1236,20
3642.133627,437,11
3642.569256,36,2
3642.755683,12,391
3642.782078,2007,3
3643.07409,2127,1
3643.323462,1345,11
3644.153133,1237,13
3644.367942,60,1
3644.40632,4399,4
3644.536239,7139,6
3644.619982,60,1
3645.504437,7528,9
3646.07422,1189,1
3646.631,75,2
3646.884962,1931,85
3646.885445,2725,51
3647.031977,1254,2
3647.837324,1544,16
3647.896798,7672,4
3648.033069,4808,3
3648.036401,286,1
3648.267037,1989,1
3648.280731,1115,1
3648.641053,7673,1
3648.897118,7673,3
3649.068201,1019,13
3649.384226,5059,5
3649.821496,69,1
3649.891119,2342,727
3650.126887,5495,16
3650.570788,2282,16
3650.570866,2730,3
3650.753278,114,15
3651.155443,4082,3
3651.252096,894,8
3651.372756,2014,4
3651.374318,4083,9
3651.402845,3423,12
3651.508555,3487,54
3651.509861,2628,6
3651.572552,2454,11
3651.627274,719,9
3652.28172,889,13
3652.507862,1783,1
3652.567732,4339,13
3652.57129,1116,3
3653.125643,2015,8
3653.534955,4810,13
3653.536936,7680,3
3653.629174,952,9
3653.648354,2452,6
3653.758556,7686,1
3653.758871,1786,7
3654.011167,1746,9
3654.242715,1474,1
3654.380161,4084,38
3654.531463,7680,3
3654.900231,2436,15
3655.018562,4559,2
3655.019397,2375,4
3655.401005,6409,29
3655.406013,1030,1
3655.751999,4619,1
3656.155343,2437,7
3657.152209,1200,24
3657.283459,3713,36
3657.374747,317,9
3657.569178,2273,3
3657.83474,7682,4
3658.005475,7686,15
3658.504379,2539,1
3658.506641,1370,27
3659.512504,1789,4
3659.624336,865,2
3660.288045,1209,34
3660.322552,1829,2
3660.508198,895,3
3660.532704,2849,6
3660.576675,1829,2
3661.080692,67,1
3661.143603,1578,2
3661.62929,107,6
3661.998368,4573,2
3662.140192,3459,3
3662.252488,2896,7
3662.583264,517,1
3662.631324,2018,13
3663.01574,2017,17
3663.631425,7542,7
3663.773687,4630,4
3664.270254,1798,19
3664.385838,7102,1
3664.401016,259,10
3664.571819,7666,1
3665.023963,3970,3
3665.644187,1834,5
3666.023605,3272,21
3666.335559,7687,23
3666.366131,2550,2
3666.574092,7502,1
3666.640189,4400,3
3666.763641,1925,9
3666.888881,1654,2
3668.136152,2551,4
3668.239211,5835,1
3668.259525,2452,16
3668.336735,949,6
3668.496085,2016,3
3668.749576,822,3
3668.778566,1745,2
3669.094244,909,1
3669.578584,7504,13
3669.83533,531,12
3669.835791,910,7
3669.839031,950,6
3670.027588,1226,11
3670.077689,1024,1
3670.335874,7678,4
3670.636071,1939,31
3670.767197,1244,4
3671.634501,2853,63
3671.640168,5512,14
3671.762955,2129,5
3671.763062,1246,1
3672.015304,1927,9
3672.404528,2379,9
3672.761523,1689,27
3672.8346,949,5
3673.010694,3496,49
3673.048938,59,13
3673.081857,3033,111
3673.131234,7516,14
3673.26979,1260,17
3673.377319,7454,1
3673.519551,1249,6
3673.829712,1546,14
3674.281565,60,13
3674.395627,1189,10
3674.396115,1352,3
3674.508448,7408,261
3674.755477,1246,1
3674.839234,679,28
3676.11978,973,11
3676.329764,918,194
3676.769802,2544,3
3676.780071,1229,4
3677.03976,2979,9
3677.083126,1824,20
3677.284495,1266,4
3677.332363,5886,35
3677.373011,1520,3
3677.871013,1355,11
3677.989036,7681,1
3677.989463,6742,111
3677.991951,4200,14
3678.081352,2365,4
3678.084699,7681,5
3678.279029,4521,3
3678.404957,445,2
3678.528009,2107,2
3678.995858,6729,27
3679.330554,954,6
3679.507389,1253,15
3679.756796,1151,6
3679.994461,1018,1
3680.260935,2543,4
3681.012174,2995,1
3681.131228,1223,2
3681.393968,1680,2
3681.519615,543,4
3681.57944,1035,5
3681.838678,808,2
3682.000411,147,3
3682.035582,4424,53
3682.623411,831,3
3682.765381,181,21
3682.785907,4426,1
3682.786668,2712,1
3682.834916,1369,13
3683.120659,181,1
3683.125217,1782,11
3683.260543,1796,3
3683.374332,1864,12
3683.530305,412,6
3683.620861,1694,6
3683.639152,1914,8
3683.779766,1244,2
3683.782339,90,21
3683.875548,1514,96
3683.879052,4057,2
3684.018046,3957,1
3684.515952,1118,20
3684.790978,2717,1
3684.997056,2509,8
3685.011154,1796,3
3685.037775,7680,6
3685.3706,992,5
3685.627628,7615,11
3685.866613,2351,11
3685.991227,1355,3
3686.024007,4884,20
3686.572114,7223,3
3686.576197,2382,12
3686.641255,6440,61
3686.765807,746,100
3686.777101,1561,18
3687.026038,340,4
3687.026396,135,1
3687.371388,856,2
3687.489723,147,1
3687.76412,7678,5
3687.832748,6547,63
3688.28256,2981,4
3689.087273,4490,381
3689.129335,2739,18
3689.139345,473,4
3689.395456,1004,16
3689.834972,3615,3
3689.839497,735,4
3690.022793,2023,10
3690.253834,2791,21
3690.255106,837,10
3691.135892,1777,23
3691.14667,1920,131
3691.330869,1882,1
3691.332265,3198,12
3691.332383,5459,18
3691.627282,2563,4
3691.750516,3974,3
3692.000283,781,7
3692.001255,150,12
3692.392991,1265,30
3693.26234,1610,1
3693.329998,381,8
3693.394355,991,115
3693.504037,1745,18
3693.584575,1914,3
3694.870938,263,1
3695.002527,3466,7
3695.129654,242,5
3695.617704,4844,25
3695.757451,1425,39
3695.90805,992,7
3696.536118,1414,26
3696.659411,992,17
3696.659626,1747,17
3697.036081,2760,4
3697.160445,2966,10
3697.401961,3581,12
3697.751921,505,5
3697.892635,1747,12
3699.263971,7654,6
3699.327267,2596,19
3699.391497,1822,6
3699.391907,1852,14
3700.039953,1383,3
3700.276998,136,11
3700.336289,3623,1
3700.342184,447,54
3701.005732,1248,16
3701.12178,329,4
3701.287959,7685,15
3701.396279,244,7
3702.032235,7466,3
3702.116606,2752,1
3702.237896,6762,10
3702.745163,2577,33
3702.831083,1847,8
3702.991034,371,20
3703.031927,4908,88
3703.288756,4021,4
3703.506435,3895,4
3703.574941,3191,3
3704.122223,2049,3
3704.786945,1108,1
3705.038392,3330,5
3705.329971,559,17
3705.501898,2399,61
3705.996303,6141,13
3706.084895,1064,15
3706.580007,770,14
3706.892734,948,162
3706.893314,1618,154
3707.627349,1900,3
3707.627679,7685,2
3707.834857,1849,5
3708.035511,5966,12
3708.126822,977,1
3708.384093,976,1
3708.503138,787,85
3708.642351,1200,14
3709.041386,7673,18
3709.091443,925,1
3709.133855,7686,3
3709.32538,977,1
3709.379395,1391,1
3709.520145,149,20
3709.625286,7685,2
3709.756335,56,15
3710.129791,7686,2
3710.5317,1111,7
3710.883582,6975,2
3710.888587,307,2
3711.015272,741,2
3711.017259,582,3
3711.017604,7687,13
3711.131271,1845,10
3711.244073,100,32
3711.384112,273,5
3711.514703,7674,4
3711.646919,2122,7
3711.740576,6771,7
3711.789858,1113,1
3712.137245,1811,28
3712.244424,7664,61
3712.282185,1283,12
3713.093677,1852,1
3713.140249,1301,10
3713.142435,3674,22
3713.267693,584,1
3713.337371,3617,11
3713.337671,6420,1
3713.339837,3595,55
3713.50988,3906,3
3713.77643,6452,17
3713.834627,127,14
3714.038123,7474,3
3714.078913,1854,7
3714.267631,584,4
3714.388988,921,14
3714.389576,1927,2
3714.490512,2394,2
3714.535087,1114,1
3714.995798,1384,3
3715.040974,2943,11
3715.141183,1843,3
3715.241769,1124,3
3715.386725,273,30
3715.58569,724,4
3715.634194,288,67
3715.897752,666,74
3715.990958,7685,24
3716.136012,978,12
3716.254374,7306,4
3716.259413,585,4
3716.326135,1820,3
3716.385984,2383,26
3716.65929,1311,3
3716.739898,106,103
3716.756764,2732,1
3716.787009,1768,1
3717.143323,1134,1
3717.256051,3010,1
3717.387856,2898,19
3717.572074,1827,11
3717.740011,1141,2
3717.900478,2749,12
3717.915949,5159,13
3718.002853,156,13
3718.077487,3451,12
3718.151864,1570,8
3718.317821,6424,12
3718.625874,1883,2
3719.022867,3255,1
3719.025242,7338,1
3719.319724,3436,12
3719.657288,2469,19
3720.274079,699,55
3720.369625,2385,48
3720.623458,1885,118
3722.282489,2945,7
3722.508217,2188,74
3722.885374,7683,15
3723.50776,2189,2
3723.528718,3843,8
3723.744583,812,25
3724.121205,1061,10
3724.258041,7678,10
3724.522074,4247,5
3724.775547,3989,9
3724.82364,1354,15
3724.884767,6453,9
3725.571574,4386,3
3725.614969,2297,8
3725.772072,3258,1
3725.773533,703,54
3726.084374,1451,14
3726.574305,7288,1
3727.026527,2079,3
3727.369031,1599,15
3727.371961,2244,12
3727.521175,1254,2
3727.527256,6908,73
3727.527317,3666,1
3728.124768,1600,14
3728.124999,1226,24
3728.774955,1312,3
3728.907361,1244,1
3729.02149,705,22
3729.125507,1877,3
3729.374039,370,4
3729.574188,3093,5
3730.261323,5841,9
3730.274918,1493,40
3730.583703,1101,4
3730.65147,1221,3
3730.774257,1578,38
3731.365902,2558,2
3731.400958,2360,16
3731.752012,7674,3
3732.029018,1579,124
3732.510914,7682,7
3732.574966,931,1
3733.072238,5471,8
3733.152362,504,20
3733.250923,839,1
3733.261212,54,16
3733.322187,3072,15
3733.522687,7682,3
3733.785481,3592,6
3733.821601,5705,100
3734.331955,4089,6
3734.501434,1293,16
3734.642983,5888,34
3734.751615,4101,2
3734.778468,3022,31
3735.008607,1096,8
3735.638971,1748,11
3736.26939,1123,1
3736.655283,2509,26
3737.366768,1663,4
3737.619477,3346,34
3738.26955,3021,2
3738.27468,112,33
3738.368307,2694,11
3738.622232,2284,1
3739.254102,578,5
3739.582126,641,4
3739.619857,2287,5
3739.894675,1678,23
3740.027408,3110,2
3740.241646,807,15
3740.375831,898,162
3740.499263,2434,7
3740.904024,7669,4
3741.021962,1956,55
3741.164309,6019,1
3741.375615,901,9
3741.652815,392,9
3741.867231,1922,5
3742.08004,505,3
3742.121029,2289,7
3742.124133,1578,3
3742.506671,21,3
3742.776867,1492,4
3742.832494,4323,13
3742.868837,1051,15
3742.993158,1310,27
3744.148414,2133,12
3744.151609,1140,1
3744.322829,7681,37
3744.388748,91,10
3744.622243,7655,1
3744.776539,5593,3
3745.070626,7682,2
3745.122091,7655,15
3745.140268,1680,3
3745.373449,3361,3
3745.623069,1820,5
3745.757981,21,17
3745.819709,4672,13
3746.02785,4009,6
3746.328329,933,7
3746.364103,2410,1
3746.891642,1775,3
3746.988332,852,7
3747.269274,2996,13
3747.615446,1926,1
3747.817437,84,3
3747.87023,4149,3
3747.872966,2500,3
3747.895103,1070,3
3748.324813,3698,3
3748.746634,124,53
3749.334261,5701,33
3749.825508,3460,11
3749.995149,956,3
3750.077776,1015,1
3750.833904,3965,11
3751.630989,4405,4
3751.835486,3386,3
3752.128991,1172,4
3752.28452,4484,1
3752.519111,866,4
3752.779702,4921,30
3752.783535,1224,5
3753.143027,1577,12
3753.822294,4212,39
3754.010902,2714,51
3754.275665,1153,10
3754.384174,1595,4
3754.534288,1467,3
3754.634095,1765,13
3754.640663,7686,3
3754.77366,50,15
3755.026452,2015,1
3755.077234,3101,2
3755.403443,7666,24
3755.52006,6454,24
3755.642441,1029,24
3755.643794,2614,31
3755.897499,1277,12
3756.382558,2065,3
3757.330903,1957,74
3757.391438,2504,7
3757.83401,4212,9
3757.9027,1137,4
3758.085006,3941,10
3758.327755,2634,35
3759.087593,7682,1
3759.255533,2768,2
3759.642103,398,1
3759.775441,2699,1
3760.025238,7671,10
3760.149345,3250,1
3760.245376,69,6
3760.405678,5062,2
3760.507913,2908,31
3760.508958,3674,42
3760.531207,2699,20
3760.654631,1025,90
3760.832036,3618,16
3761.118951,2953,1
3761.254918,2088,2
3761.370961,1061,1
3763.406095,1959,2
3763.489516,2712,7
3763.828588,499,3
3763.874589,152,11
3764.489089,937,9
3764.572792,1132,3
3764.78461,2481,24
3764.905432,7665,14
3765.005354,1111,1
3765.035026,2050,9
3765.128432,1912,8
3765.144786,2183,16
3765.905645,1490,5
3766.162266,1231,26
3766.379805,1913,95
3766.400342,3427,23
3766.787023,2356,34
3766.88868,981,55
3767.23922,7675,9
3767.393268,818,2
3768.126766,164,27
3768.819147,759,28
3768.821391,1390,15
3768.908653,3775,14
3768.909315,3338,3
3769.008951,854,16
3769.629615,3269,12
3769.650914,84,1
3770.031541,2021,10
3770.130803,949,7
3770.135354,172,4
3770.249422,5246,2
3770.54126,29,1
3770.821271,3315,1
3770.825396,1527,9
3770.908131,88,7
3771.502355,7686,12
3771.660622,3777,13
3772.045117,4851,79
3772.322949,1031,1
3772.569449,1031,1
3772.759309,604,11
3773.371876,2920,1
3773.634164,1858,17
3774.537022,3456,2
3774.568715,1178,1
3774.823701,2426,2
3775.007291,6062,1
3775.258862,2106,12
3775.259287,6062,7
3775.318455,1688,66
3775.393388,2335,13
3776.045791,5396,223
3776.279995,1876,10
3776.389918,6555,1
3777.000867,3593,13
3777.044404,7686,12
3777.045442,2661,31
3777.757632,21,18
3777.797633,902,73
3777.869892,437,6
3778.003645,919,11
3778.004585,1265,1
3778.149417,96,15
3778.287022,1370,6
3778.526035,7681,11
3778.75348,7674,1
3778.757524,7682,192
3779.258291,1686,14
3779.288891,991,4
3779.644014,3333,1
3779.822677,917,1
3780.035519,431,11
3780.036347,1756,9
3780.140746,2053,11
3780.636656,557,14
3780.819203,1720,1
3781.034905,2615,1
3781.131866,153,7
3781.263512,1689,82
3781.392458,7452,7
3781.510594,3004,9
3781.514357,6067,16
3782.043075,996,1
3782.154009,665,6
3782.382921,2900,34
3782.386708,7677,13
3782.758134,2316,19
3782.762164,1688,294
3783.284962,1767,211
3783.56952,711,271
3783.642469,1786,43
3784.033819,724,19
3784.388581,2698,1
3784.510413,20,251
3785.070764,4994,1
3785.071504,1177,6
3785.07187,2805,3
3785.394513,249,3
3785.567325,1311,2
3786.254606,875,331
3786.260241,2064,21
3786.290837,2433,3
3786.38044,647,27
3786.585354,270,5
3786.640531,3854,9
3787.033093,229,1
3787.152308,1309,2
3787.280307,7676,11
3787.326939,4420,3
3787.378931,3059,179
3788.241863,7683,38
3788.254385,1896,11
3788.254648,543,22
3788.393283,891,1
3789.035621,7098,103
3789.038141,1568,9
3789.285665,1005,4
3789.40013,2488,35
3789.898352,2696,17
3790.624135,2049,9
3790.82102,3680,14
3791.010745,236,14
3791.126933,987,2
3791.533799,4330,15
3791.636392,988,1
3791.655693,7671,3
3791.745654,7678,57
3791.883673,2865,3
3792.004871,5188,8
3792.148807,641,4
3792.255258,1011,1
3792.257346,2717,1
3792.399841,2199,2
3792.647846,1431,8
3792.648391,6487,15
3792.753397,622,3
3792.754979,1313,1
3793.081046,5003,34
3793.251619,2332,18
3793.27838,5329,19
3793.366883,3308,1
3793.36886,904,43
3793.396253,7685,5
3794.075767,1363,1
3794.40509,3838,3
3795.014207,1577,17
3795.760607,663,2
3795.866621,4243,1
3796.030027,5965,9
3796.138542,4640,15
3796.141157,1774,4
3796.318215,3292,2
3796.395764,7686,7
3796.507828,6728,13
3796.517264,2058,6
3796.529016,7102,1
3796.529416,2435,1
3796.76384,6568,1
3796.775445,1371,47
3797.000679,1124,70
3797.024832,356,1
3797.127504,2918,7
3797.249519,7679,472
3797.250708,1027,6
3797.510947,1124,50
3797.771965,2089,1
3797.828522,754,4
3798.02343,356,12
3798.387259,1119,17
3798.388005,2668,1
3798.50483,1674,2
3798.570352,1914,7
3799.134782,3895,4
3799.268312,750,4
3799.513921,931,10
3800.272363,2801,12
3800.275134,1229,18
3800.319103,1628,1
3801.014099,1272,6
3801.071131,5184,37
3801.514568,2673,12
3802.000721,3901,12
3802.023438,3132,2
3802.636504,6500,74
3802.827396,6318,3
3803.012276,6262,4
3803.026901,3131,3
3803.030202,1367,3
3803.072812,1866,14
3803.139293,7644,13
3803.325251,7662,7
3803.510445,6213,17
3804.013339,811,2
3804.634148,521,3
3806.000557,1315,13
3806.087819,2387,1
3807.090961,1870,35
3807.09337,2388,4
3807.387879,990,9
3807.497075,2231,36
3807.579542,3062,15
3807.58314,7684,10
3807.752087,1302,8
3808.393059,4202,2
3808.512728,1593,26
3808.590191,1120,25
3809.038342,1976,5
3809.56921,7667,4
3809.570007,6547,40
3809.644812,22,40
3809.64634,7671,14
3809.832545,1923,10
3810.033477,284,12
3810.139824,2270,48
3810.265203,3096,17
3810.629695,7672,150
3810.787033,7672,6
3810.891886,7683,73
3811.019759,2735,16
3811.134784,1748,8
3811.139351,1532,4
3811.567283,613,166
3811.760325,333,1
3811.886464,2002,1
3812.28719,1438,2
3812.31624,95,4
3812.515288,6890,17
3812.777226,1580,4
3812.883985,2327,10
3813.167837,2546,4
3813.505624,7666,6
3813.577442,7682,27
3813.636333,1078,2
3814.379844,886,6
3814.391821,2514,3
3814.750911,897,3
3815.013079,2287,2
3815.276463,2521,6
3815.782192,1369,12
3816.071712,940,7
3816.392945,372,5
3816.515981,1576,1
3816.516337,7098,25
3816.740169,566,12
3816.821223,748,42
3816.876003,7150,55
3816.888041,3016,22
3817.128042,1390,3
3817.276194,3158,5
3817.374678,526,6
3817.52649,2225,10
3817.584247,356,10
3817.887173,1532,4
3818.371525,5236,2
3818.568827,590,9
3818.751269,5290,1
3818.766087,3148,3
3818.76644,1789,7
3818.781892,695,13
3818.865851,1615,1
3818.997367,2685,21
3818.997801,1081,2
3819.397639,7669,23
3819.490965,2685,13
3819.58255,618,1
3819.582663,5932,1
3820.018801,3235,1
3820.121219,1214,1
3820.279025,199,2
3820.32674,1808,2
3820.402519,7669,33
3821.258929,348,79
3821.292633,15,15
3821.372983,3922,21
3821.403688,2875,3
3821.757786,2626,2
3821.83668,7665,9
3821.842334,1007,119
3821.91036,2360,78
3822.61772,2487,2
3822.906837,4400,3
3823.087662,2381,5
3823.281723,2523,6
3824.156363,1449,24
3824.404329,6504,55
3824.627271,2845,1
3824.627504,2321,19
3824.753677,7111,1
3824.782986,2882,1
3824.824439,1073,2
3825.01379,2108,77
3825.583722,3406,12
3826.0882,495,10
3826.09283,708,10
3826.093387,1801,10
3826.32944,3608,2
3826.329742,1173,3
3826.752965,2248,27
3827.085322,4055,52
3827.121278,868,1
3827.392732,4896,54
3828.001341,1703,6
3828.017758,3234,409
3828.265304,7682,43
3828.587328,1706,4
3828.617043,5799,1
3828.895094,2550,1
3829.12768,1288,2
3829.151119,1333,8
3829.266483,618,11
3829.403056,1229,10
3829.53548,7680,18
3829.762013,4171,6
3830.074339,1333,3
3830.323319,4072,9
3830.749608,2209,5
3830.803482,1185,13
3831.017193,205,9
3831.050331,1185,13
3831.252104,3502,39
3831.404521,3859,1
3831.825027,1176,23
3832.492274,2761,56
3832.757394,630,28
3832.830149,2488,14
3833.133529,1628,17
3833.324442,1197,3
3833.523951,4562,15
3833.528492,2470,6
3833.62827,5418,37
3833.630804,4428,1
3834.033398,1120,3
3834.389312,2597,5
3835.06152,3094,13
3836.28574,1367,71
3836.329487,275,23
3836.642207,2114,4
3836.647493,1811,5
3837.019154,166,30
3837.271278,1642,20
3837.371539,147,1
3837.517686,7170,12
3837.632316,2945,4
3837.648436,2647,4
3837.650697,1778,1
3838.243479,473,8
3838.874142,236,26
3838.904084,475,1
3839.515893,1826,11
3839.526651,900,26
3840.25912,150,1
3840.262262,1704,1025
3840.275257,3311,26
3840.518383,5390,19
3841.028866,2321,6
3841.126774,2264,14
3841.275936,2118,3
3841.371367,873,49
3841.407545,1800,352
3841.627772,2850,9
3841.65937,6517,14
3841.665418,27,14
3841.774433,2549,3
3841.868319,6845,19
3842.117511,2264,1
3842.32238,3113,5
3842.375423,6846,7
3842.515224,7393,52
3842.527506,35,1
3843.383888,1513,14
3843.398792,1803,51
3843.514713,2571,1
3843.760915,3276,6
3844.122332,878,22
3845.015222,1656,11
3845.031659,603,20
3845.037311,546,49
3845.138483,1398,9
3845.252649,3613,1
3845.505039,3931,4
3845.570916,660,13
3845.897836,3072,4
3846.081914,972,1
3846.653466,1804,61
3846.654077,3674,8
3846.890246,1281,18
3846.896755,3072,1
3847.388716,220,2
3847.393428,3199,3
3847.638107,5008,55
3847.760635,7676,3
3847.892238,882,5
3847.906884,7666,12
3849.006272,4545,12
3849.246708,632,3
3849.88246,2797,1
3850.000499,4546,43
3850.396597,2046,1
3850.639903,2814,193
3850.640197,409,3
3850.647349,27,14
3850.753507,392,16
3850.832238,1046,6
3851.243408,5869,1
3851.409656,3496,15
3851.579734,7070,11
3852.007255,6815,35
3852.583449,7683,1
3853.154477,27,8
3853.25506,1258,14
3853.27445,4285,1
3853.577006,1260,20
3853.78631,2340,80
3853.879265,3389,1
3854.320885,7667,1
3854.401568,1431,16
3855.127722,1654,8
3855.504589,2512,3
3855.578547,7680,13
3855.785026,1212,285
3856.012785,635,10
3856.051684,4825,9
3856.059157,760,21
3856.151765,3318,9
3856.151953,704,46
3856.282544,1752,1
3856.325778,3830,6
3856.503171,1397,5
3856.747903,7679,16
3856.788338,1809,1
3856.888405,1431,2
3857.035072,2356,32
3857.260314,7685,64
3857.589334,1261,3
3857.793011,2436,2
3857.794026,1577,1
3857.897085,1258,4
3858.081477,560,14
3858.081896,1054,44
3858.540989,1949,14
3859.144714,2499,12
3859.145903,2500,13
3859.51638,1465,3
3859.529645,3933,2
3859.625687,1947,33
3859.641968,1280,26
3860.123165,1947,7
3860.152933,1696,7
3860.281026,2035,1
3860.374571,1097,5
3860.646175,2147,8
3861.115834,1510,1
3861.116259,1053,1
3861.640668,854,15
3862.282585,6803,7
3862.889984,1056,8
3862.999472,1080,2
3863.084192,341,5
3863.088399,1873,1
3863.134638,7682,3
3863.144447,2349,29
3863.379496,4343,27
3863.641369,30,1
3864.140916,11,1
3864.141053,1541,4
3864.250139,1764,1
3864.255653,3530,1
3864.259787,348,33
3864.373386,1376,12
3864.375805,557,1
3864.639379,557,1
3864.776408,2748,17
3864.821577,1272,20
3865.004469,947,3
3865.261385,2250,1
3865.330506,1878,18
3865.791402,1002,2
3865.877575,1662,1
3865.892532,2934,3
3866.377383,15,6
3866.395238,2934,3
3866.621676,7675,21
3866.622916,1990,16
3866.628637,1711,1
3867.035125,1982,1
3867.373466,2932,1
3867.751673,3892,49
3867.907096,1389,11
3868.019865,7686,3
3868.260214,2831,1
3868.645253,1258,10
3869.03091,39,14
3869.261823,337,24
3869.502498,3154,22
3869.749446,1071,4
3870.289722,840,3
3870.39495,2396,24
3870.501947,1708,19
3870.638418,2109,1
3870.786559,40,128
3870.791548,4106,11
3871.278319,354,2
3871.404341,1292,30
3872.046365,2873,12
3872.119282,4791,24
3872.822869,2943,22
3872.894607,4869,26
3873.067351,7683,47
3873.625671,292,2
3873.783438,1758,29
3873.90962,6208,6
3874.035699,411,20
3874.123545,5722,3
3874.872657,19,1
3875.01216,512,37
3875.152303,4364,3
3875.400585,1284,2
3875.825209,7675,12
3875.992486,1660,6
3876.094299,3412,5
3876.266964,1990,24
3876.492885,165,12
3876.643367,251,24
3876.64388,3229,29
3876.649868,965,1
3876.824981,939,9
3877.017667,512,1
3877.406505,3587,6
3877.54036,414,4
3877.829541,6968,14
3878.144997,7511,45
3878.331217,7669,2
3878.3734,832,1
3878.582468,7682,9
3878.786635,6762,4
3878.903789,7681,30
3879.009595,7686,12
3879.136572,5959,14
3879.382656,2106,4
3879.509585,6702,14
3880.152181,7682,11
3880.262776,685,71
3880.530126,4886,9
3880.654543,1187,1
3880.761815,7678,1
3881.010476,450,18
3881.034554,584,21
3881.647155,2701,42
3881.996252,5044,6
3882.570129,3421,1
3882.575387,1267,2
3882.824841,1266,12
3883.003447,96,2
3883.255401,2170,118
3883.319612,3686,22
3883.625342,2990,10
3883.649643,2372,36
3883.78853,1760,2
3884.042745,49,1
3884.042919,1017,1
3884.141749,747,7
3884.268523,1144,7
3884.320407,7683,1
3884.88443,811,15
3885.000769,2737,1
3885.016227,7687,1
3885.133646,2251,10
3885.575605,2947,1
3885.62773,3417,5
3885.629739,2513,5
3885.777881,2155,2
3885.879688,122,1
3886.127226,1070,7
3886.322738,7684,4
3887.009263,479,5
3887.03008,16,10
3887.032278,2775,14
3887.084995,3323,46
3887.335641,3600,22
3887.383858,2671,14
3888.130308,7682,13
3888.657988,5851,15
3888.768905,1665,3
3888.775075,2517,4
3888.775936,895,1
3888.793955,587,3
3889.269103,1249,1
3889.379626,1807,142
3890.076052,2460,1
3890.288016,2808,40
3890.288769,1942,157
3890.325912,2460,31
3891.011775,1251,14
3891.637485,2817,9
3891.642558,3969,2
3891.771731,1196,3
3891.833114,7473,1
3891.836898,1584,9
3892.033091,3252,10
3892.070137,3086,1
3892.138121,3971,2
3892.155912,2119,13
3892.390694,924,1
3892.504507,1665,11
3892.632947,1679,9
3892.645172,1016,10
3892.762435,1151,1
3893.40175,3896,4
3893.886153,2988,4
3894.260989,2376,8
3894.323884,4316,1
3894.327219,73,25
3894.39582,152,22
3894.576008,2873,1
3894.632682,2817,7
3894.655754,3757,9
3894.820162,2948,17
3894.99856,4274,85
3895.256846,7686,5
3895.756281,464,1
3896.007983,887,19
3896.264957,3562,3
3896.265123,2759,8
3896.37379,846,9
3896.490089,1667,1
3896.582066,1560,11
3896.646549,4103,6
3896.88648,1819,28
3897.327476,576,44
3897.639328,633,1
3897.639603,38,1
3897.642652,2900,2
3897.821071,1136,28
3898.257226,1256,13
3898.511694,229,1
3898.753858,889,227
3898.821895,7666,107
3898.882393,1898,1
3899.018787,2831,13
3899.076911,2944,13
3899.325496,246,5
3899.390827,1853,13
3899.586435,692,3
3899.884774,1572,559
3900.126338,42,1
3900.39056,1146,4
3900.637715,3841,1
3900.885003,3268,3
3901.389996,1483,11
3901.392518,2790,17
3901.505317,7686,9
3901.530257,220,3
3901.645507,1860,1
3902.139319,909,17
3902.387516,3295,9
3902.507838,1253,7
3902.578526,2877,3
3902.637824,1485,7
3902.754635,1255,1
3902.906946,445,3
3903.011521,480,12
3903.144068,4366,12
3903.256254,1432,3
3903.389081,4112,68
3903.575208,4561,1
3903.754585,1256,1
3904.076976,7672,11
3904.11553,1141,54
3904.257005,5438,3
3904.279796,2518,4
3904.519853,2398,1
3904.614945,7430,391
3904.615512,1701,20
3904.644421,2134,3
3904.754924,1822,9
3904.827857,50,1
3905.143447,3463,113
3906.286885,178,8
3906.532213,670,7
3906.578151,7662,61
3906.583199,743,3
3906.584107,3141,4
3906.616254,418,3
3906.754067,491,12
3906.831671,583,117
3907.005522,1153,1
3907.074358,1837,14
3907.623329,1062,9
3907.75679,177,1
3907.883736,672,8
3908.250913,1686,115
3908.381746,1685,1
3908.627175,673,1
3908.758313,2027,1
3908.878174,3111,5
3910.024772,940,2
3910.132334,7670,6
3911.006386,3577,1
3911.127179,7684,8
3911.506081,1245,241
3911.511914,2688,67
3912.009335,226,11
3912.013268,4065,9
3912.330946,1145,7
3912.505564,7198,3
3912.522724,752,2
3912.755345,965,1
3913.024231,3744,17
3913.617612,1711,4
3913.618042,52,1
3913.82517,517,1
3913.888306,2138,4
3914.008874,780,43
3914.00917,5059,15
3914.507911,1028,2
3914.513169,968,1
3914.51334,5059,14
3914.619605,1780,35
3914.825519,13,7
3915.127123,1715,32
3915.375077,3113,4
3915.586318,3153,1
3915.756428,2516,7
3915.829955,14,1
3915.887166,2138,3
3915.898903,2347,22
3916.254379,3093,2
3916.38857,2996,2
3916.640626,2996,2
3917.022432,947,14
3917.135767,537,13
3917.750996,3739,13
3917.884664,4176,1
3918.137514,908,190
3918.258828,4540,2
3918.507475,6932,3
3918.755574,972,5
3919.740366,3740,23
3920.083766,23,18
3920.145101,6939,12
3920.384745,17,17
3920.589248,54,2
3920.644241,1397,37
3920.775753,7669,13
3920.844293,496,1
3921.024606,2001,1
3921.028266,1856,8
3921.089927,3737,23
3921.253578,5068,4
3921.276067,2867,9
3921.532645,2002,2
3921.533791,1145,1
3922.006339,547,6
3922.149591,2464,2
3922.151348,1017,6
3922.881394,1316,19
3923.010745,934,12
3923.5059,1704,1
3923.526965,5698,19
3923.579009,3231,25
3923.753589,6327,9
3924.004466,1257,4
3924.339041,2441,15
3924.526296,2368,10
3924.64436,4179,4
3924.868939,1689,1
3925.498022,2237,9
3926.262143,4380,8
3926.320994,3275,18
3926.372671,2836,83
3926.395079,2602,34
3926.788254,1856,16
3926.822853,1487,12
3927.286146,1613,142
3927.286557,91,13
3927.328779,2326,1
3927.371139,3113,4
3927.579445,999,16
3927.771001,2223,9
3927.789742,12,34
3927.897207,7682,83
3928.248499,2671,16
3928.2866,3839,35
3928.40017,1592,4
3928.500671,1167,15
3928.501776,1478,8
3928.617838,2578,8
3928.620684,2702,1
3928.783975,1592,10
3929.021173,7686,1
3929.270381,2134,1
3929.27404,7680,1
3929.514326,2134,1
3929.516182,1255,16
3929.527103,7171,5
3929.641818,709,24
3929.779672,3042,3
3929.873883,2308,3
3929.890707,1156,4
3930.143119,1287,70
3930.620791,1436,3
3930.625347,7675,16
3930.875892,2116,6
3930.876297,1955,5
3931.510801,5071,12
3931.779638,1663,4
3931.886249,128,1
3932.005692,3546,14
3932.142678,4363,16
3932.143522,867,2
3932.279966,2768,2
3932.322054,1489,2
3932.379036,3114,2
3932.570585,7678,1
3933.51091,7579,1
3933.575063,369,4
3933.768494,2095,1
3934.011841,1080,3
3934.281757,1373,71
3934.541843,3042,3
3934.542725,959,5
3934.753432,1184,35
3934.780174,833,3
3934.828765,7457,4
3934.828974,7679,15
3934.896723,131,13
3935.505967,4311,2
3935.506565,7670,1
3936.07899,573,1
3936.322889,1013,12
3936.383282,1788,24
3936.576409,2153,2
3936.882093,2937,1
3937.386316,7675,217
3937.882969,1446,8
3938.328238,4116,4
3938.572196,2856,6
3939.002459,750,17
3939.039754,436,1
3939.893244,7675,14
3940.001024,2150,9
3940.004254,7665,15
3940.120087,6959,42
3940.293169,238,2
3941.398976,807,40
3941.539247,2774,35
3941.782157,3646,11
3941.785397,22,8
3941.883896,1751,11
3942.282381,3600,3
3942.509963,1188,1
3942.536683,7678,7
3942.537824,4124,9
3942.749339,6795,11
3943.005844,3952,1
3943.009038,2656,88
3943.071603,5832,13
3943.133143,7379,6
3943.148423,7676,12
3943.148908,2687,1
3943.242035,1189,15
3943.645626,1029,23
3943.646068,281,13
3943.742606,1191,1
3944.071196,5621,10
3944.247374,1191,49
3944.290207,1892,2
3944.295051,7676,1
3944.508909,3268,3
3944.783849,2068,8
3945.038208,1790,3
3945.075684,7671,7
3945.129128,3317,3
3945.287914,51,2
3946.069965,378,12
3946.259592,1808,3
3946.301437,1375,39
3946.304688,3285,14
3946.305288,1232,9
3946.574586,1149,3
3946.749551,987,2
3946.888381,2000,11
3947.324812,125,10
3947.547648,2638,385
3948.012443,1487,4
3948.136323,1472,76
3948.390032,3471,6
3948.631648,6643,25
3948.757947,2968,4
3948.780318,1234,5
3949.014693,860,11
3949.014729,2519,2
3949.029297,857,19
3949.334628,1602,2
3949.389933,658,1
3949.527582,1235,1
3949.576815,2474,5
3949.75891,2597,21
3949.761749,2519,2
3950.025904,3602,5
3950.392107,455,3
3950.626871,62,24
3950.752675,3508,40
3951.125249,2245,10
3951.139716,1693,7
3951.275712,149,9
3951.637555,1246,11
3952.025059,2954,1
3952.270064,6345,500
3952.775953,1104,1
3953.516214,2015,1
3953.775112,7682,6
3955.273087,1689,6
3955.386873,1888,3
3955.889472,3372,3
3955.994018,1869,10
3956.254007,1532,4
3956.286212,7685,3
3956.374846,3928,3
3956.404035,3206,4
3956.776563,37,1
3957.00312,2107,1
3957.636324,1910,7
3958.005664,2174,110
3958.033585,2189,6
3958.253902,17,1
3958.273166,3812,5
3959.317695,1153,1
3959.527954,752,2
3960.137408,2783,500
3960.383542,803,4
3960.384451,4506,17
3960.385217,804,5
3960.523785,1304,6
3960.902062,752,4
3960.991025,20,11
3961.14695,7514,33
3961.259357,1900,13
3961.410066,1972,2
3961.582139,1156,13
3961.749,776,2
3961.793738,2195,10
3961.833448,1468,2
3962.5761,7679,22
3963.159413,1124,3
3963.266629,153,5
3963.643598,1456,9
3963.776262,1903,1
3964.017715,4945,5
3964.260015,7649,4
3964.510537,953,1
3964.512837,866,6
3964.651867,1123,3
3965.011396,3562,1
3965.154259,829,15
3965.158214,1365,6
3965.415257,1366,7
3965.415853,1506,11
3966.019018,156,13
3967.024001,43,1
3967.319213,6058,33
3967.524559,1778,169
3967.821657,3428,10
3967.909635,1661,7
3968.326044,1165,2
3968.395507,1876,7
3968.755638,1206,45
3969.52558,1469,3
3969.576372,860,13
3969.76314,989,20
3970.009153,714,11
3970.250519,2502,4
3970.380724,294,79
3971.021659,1980,14
3971.126651,7670,13
3971.519308,7675,6
3971.830572,127,99
3971.910103,1375,2
3972.383739,1017,4
3972.384997,5809,7
3972.543509,941,19
3972.827145,1197,30
3972.900783,1875,1
3973.164874,4050,68
3973.271005,162,31
3973.40482,2459,52
3973.900257,716,14
3974.254793,6386,5
3974.284775,7669,12
3974.891787,2918,12
3974.896046,1347,7
3975.077428,933,3
3975.136902,83,10
3975.264292,353,4
3975.405119,1571,13
3975.532775,1136,1
3975.538925,7686,2
3975.765694,1920,12
3976.008514,1923,1
3976.15281,7675,12
3976.403959,7686,37
3976.653337,4213,1
3976.889604,672,15
3976.894542,6104,9
3976.896059,1738,13
3977.160477,133,18
3977.395594,3744,13
3977.630643,672,23
3977.819253,376,9
3977.895039,7536,1
3978.032202,6873,1
3978.033605,16,20
3979.743732,1311,17
3979.765798,1256,18
3979.887905,6106,13
3980.764491,480,17
3980.884399,1911,24
3981.014143,21,1
3981.548926,1503,1
3981.787636,1627,106
3982.376318,7063,26
3982.376846,2023,8
3983.001167,7686,13
3983.006746,7686,1
3983.325533,2905,1
3983.531762,1430,20
3983.657712,440,1
3984.039651,1784,1
3984.265232,356,14
3984.526759,7676,14
3985.012955,2213,11
3985.382441,2008,1
3985.741973,2617,11
3986.011001,177,3
3986.273527,7678,5
3986.633111,5816,9
3987.122519,6938,1
3987.27546,358,4
3987.336634,4637,11
3987.491352,800,541
3987.530147,3053,70
3987.628642,674,36
3988.023722,1516,1
3988.266871,1574,13
3988.629757,7683,1
3989.013901,1155,37
3989.074981,180,12
3989.0752,139,96
3989.144594,1846,9
3989.492826,2057,5
3989.77366,3206,1
3990.27272,2550,13
3990.776244,2777,21
3990.87923,304,55
3990.90673,7686,23
3990.910535,6981,11
3990.910954,5014,11
3991.075352,136,74
3991.627872,96,7
3992.281048,3521,11
3992.534437,1917,12
3992.572236,136,3
3992.778798,342,12
3992.989274,7686,3
3993.016539,2818,11
3993.020701,455,9
3993.531106,189,69
3993.875404,7681,9
3994.027454,344,8
3994.132794,31,105
3994.159524,1877,12
3994.531091,931,14
3994.533848,3386,10
3994.661788,1878,27
3994.890383,2763,4
3995.275544,202,10
3995.279403,1313,1
3995.515306,14,1
3995.518695,1792,12
3995.837488,2143,1
3995.901176,1466,11
3996.276323,695,22
3997.89546,3480,20
3998.042604,1432,1
3998.504664,1814,13
3998.541826,7673,11
3998.757807,2211,3
3999.135837,1282,1
3999.25482,3061,24
3999.292116,192,1
3999.501898,1787,12
3999.567536,521,9
3999.648326,1362,3
3999.753969,2826,15
4000.152658,1707,1
4000.378639,7604,14
4000.382071,1285,8
4000.54062,1540,4
4000.575394,3665,1
4000.660979,5129,15
4001.075139,2362,5
4001.075262,57,30
4001.630243,7678,15
4002.004969,5952,3
4002.135524,2122,17
4002.660327,5022,34
4002.759,1265,1
4003.249951,4070,7
4003.384337,678,1
4003.505577,15,1
4003.63125,1702,22
4003.631821,1362,9
4003.791252,25,34
4004.010616,1669,10
4004.256696,1824,4
4004.75214,102,3
4004.761839,1290,1
4005.065768,934,5
4005.250086,1307,7
4005.574829,295,23
4005.762662,2163,17
4006.003857,7680,19
4006.122618,155,26
4006.320085,1830,3
4006.32133,305,15
4006.651481,3358,1
4006.884997,1169,9
4007.32825,788,9
4007.382896,1087,3
4007.514358,2830,12
4007.546287,1701,1
4007.66206,5025,13
4007.76053,7680,1
4008.000644,3828,5
4008.749132,2185,2
4009.146623,896,41
4009.321074,2931,66
4009.65676,1196,14
4009.994266,876,12
4010.028627,2268,14
4010.402531,1411,3
4010.569923,1704,3
4010.571576,1399,1
4010.769218,5164,1
4010.791259,1037,8
4010.821023,178,20
4011.004662,1491,7
4011.027284,349,3
4011.375123,2171,28
4011.578903,146,97
4011.621844,2990,8
4012.153585,1416,12
4012.24758,2707,198
4012.261119,1209,7
4012.399495,1314,9
4012.535115,3225,24
4013.004625,205,1
4013.144227,2541,27
4013.268946,2277,11
4013.319955,1022,12
4013.573687,286,6
4013.816614,697,3
4013.870785,2794,73
4013.875077,3947,39
4014.25148,1498,334
4014.536287,331,6
4015.263829,3957,4
4015.275427,7687,12
4015.332951,240,3
4015.755961,4303,11
4016.008243,922,18
4016.127288,7685,3
4016.258264,2278,5
4016.655397,1939,12
4016.658265,2563,11
4016.781607,7678,2
4016.819849,161,3
4016.823394,284,25
4016.896108,1393,1
4017.040505,3621,228
4017.747434,7673,232
4017.755248,2180,1
4018.006277,7676,14
4018.656164,1426,3
4018.80132,5183,1
4019.039199,1710,1
4019.495221,576,6
4019.535238,1099,1
4020.005995,5205,32
4020.318969,163,13
4020.532937,667,20
4020.533877,2416,4
4020.893626,1077,4
4021.277963,1281,5
4021.826881,3287,3
4022.040729,1100,9
4022.244613,1690,6
4022.491079,314,41
4023.512064,812,2
4023.899128,1868,6
4024.005084,2405,12
4024.141857,1997,20
4024.287595,7550,10
4024.507413,1628,2
4024.511591,7678,27
4024.886757,2845,8
4025.385451,1236,1
4026.028532,1549,2
4026.13467,433,7
4026.750139,902,8
4027.034118,1928,373
4027.077718,1403,19
4027.252014,7676,19
4027.291043,7558,2
4027.540054,2063,11
4027.626643,436,5
4028.625657,696,16
4028.753695,6898,14
4028.907119,1858,1
4029.119285,2062,15
4029.256118,7681,1
4029.296245,562,6
4029.49805,938,151
4029.617763,3129,1
4030.008944,34,2
4030.285655,7669,1
4031.267651,811,12
4031.271347,2988,13
4031.525127,544,4
4031.646747,308,26
4031.782138,1624,4
4031.834152,1409,13
4032.017894,2774,1
4032.286141,905,15
4032.775823,7671,1
4032.9072,506,9
4033.264261,1247,7
4033.273491,879,6
4033.377066,1589,3
4033.397072,2216,16
4033.639049,2865,11
4033.832212,206,14
4033.832715,1167,8
4033.881949,443,9
4034.028575,2990,17
4034.079447,244,24
4034.382643,444,8
4034.517106,725,7
4034.536829,56,17
4034.775226,2085,3
4034.775438,2652,6
4034.994094,1699,2
4035.376218,127,17
4035.626504,7676,1
4035.760331,1140,10
4035.837494,245,73
4036.514754,6022,9
4036.769268,324,44
4036.876598,1845,1
4037.131578,7667,29
4037.146196,3119,5
4037.341879,3632,1
4037.776294,2885,15
4038.080144,5127,1
4038.27756,7686,4
4038.517448,323,14
4038.517642,693,124
4038.763833,7682,1
4038.776331,1197,66
4039.525371,2196,54
4039.52842,7685,31
4039.639346,2029,1
4039.765905,1145,2
4039.881786,131,1
4040.006259,2856,1
4040.128376,131,1
4040.376749,132,1
4041.261343,1251,45
4041.392031,7670,12
4041.636092,1738,1
4041.834457,1350,1
4042.272766,2979,3
4042.529773,2576,56
4042.902409,1808,51
4043.143874,1891,27
4043.521063,1203,1
4043.635878,1562,5
4043.741174,513,5
4044.138422,2881,82
4044.141425,1277,57
4044.27559,1475,2
4044.531338,1598,2
4045.13178,998,2
4045.134754,2969,1
4045.389903,1341,10
4045.389963,2016,21
4045.60216,7679,1
4045.888559,414,8
4046.140593,2239,9
4046.335441,7653,11
4046.635217,1943,5
4046.822569,900,1
4047.010877,1277,26
4047.028621,6158,30
4047.25568,2517,20
4047.574834,84,5
4047.576617,55,1
4047.842227,3723,5
4048.1399,3086,9
4048.487032,2937,9
4048.775102,1858,40
4049.010551,770,2
4049.380507,1418,39
4049.390869,917,16
4049.636155,3335,1
4049.739573,2439,15
4049.742498,4257,12
4050.237135,1623,1
4050.275865,2097,1
4050.392038,2286,1
4050.756801,550,9
4050.890941,2338,9
4051.004228,338,1
4051.081502,87,2
4051.331994,7686,8
4051.390532,918,18
4051.637427,1203,5
4051.778432,581,9
4051.887008,803,7
4051.887746,3088,6
4051.890318,1311,5
4051.992875,4087,3
4051.998429,4905,48
4052.029759,3221,42
4052.586453,2505,13
4052.587202,2851,4
4052.744524,1722,6
4052.753261,2079,15
4052.88431,2216,6
4053.508663,1275,2
4053.50891,1074,15
4053.752967,3112,25
4054.129354,2888,125
4054.139786,4354,5
4054.259598,1151,9
4054.283721,2452,3
4054.388496,7674,1
4054.633596,2226,5
4054.646855,4063,4
4054.75847,3482,14
4054.874797,1214,1
4055.090721,2329,22
4055.147616,1542,10
4055.507845,1152,8
4055.536652,626,9
4055.753839,1267,1
4056.752852,1929,1
4057.039222,7682,81
4057.039457,3068,32
4057.259346,1258,1
4058.557163,181,10
4058.630017,816,9
4059.005809,179,134
4059.130305,802,4
4059.508235,100,5
4059.879481,7090,10
4060.13342,1936,2
4060.141357,1394,6
4060.25605,122,13
4060.642847,886,7
4060.756147,5726,46
4060.763564,3,3
4060.870368,1289,15
4061.033501,341,5
4061.575735,3098,34
4062.087114,4901,33
4062.280608,2555,9
4062.509183,4,1
4062.871699,7266,6
4063.126383,136,1
4063.371351,7266,6
4064.147059,731,5
4064.520178,2475,5
4064.520579,5,5
4064.749853,1739,6
4064.889219,7674,4
4065.005901,5731,39
4065.382299,2525,5
4065.867307,6898,32
4066.318009,2862,111
4066.998823,1704,22
4067.516837,5727,6
4067.542355,1375,32
4067.576118,1547,9
4067.757987,418,1
4067.904659,124,14
4068.005642,419,2
4068.280508,4255,8
4068.381797,2528,1
4068.503554,2804,31
4068.649915,1399,11
4068.781099,2755,5
4069.145272,7687,166
4069.384503,10,17
4069.385239,1373,36
4069.893715,1668,6
4070.012012,6750,9
4070.0436,6159,3
4070.280118,645,22
4070.643141,3472,73
4070.783483,3080,47
4070.784085,1627,1
4070.890056,2761,5
4070.890252,7275,1
4070.890378,2815,3
4071.127359,3144,1
4071.637714,12,26
4071.754984,2554,7
4072.033885,1912,3
4072.076509,3347,1
4072.077132,12,2
4072.289541,3083,51
4072.75409,1940,1
4072.827263,3348,1
4073.004017,2555,13
4073.034951,5776,12
4073.068079,7675,1
4073.242422,659,1
4073.261138,2894,24
4073.285867,1285,61
4073.505744,1941,1
4074.551744,3087,35
4075.015819,1959,7
4075.038856,498,250
4075.092576,322,3
4075.628315,2823,1005
4075.629563,18,29
4075.632361,1939,1
4075.792394,1284,3
4075.871293,1626,5
4076.379891,2532,2
4076.52573,1958,1
4076.794731,789,28
4076.999022,4933,7
4077.087405,865,80
4077.12829,912,1
4077.244599,144,8
4077.375356,1097,18
4077.391112,2752,3
4077.583517,17,6
4077.617861,2245,1
4077.783601,2316,7
4078.039504,4256,1
4078.298243,2315,5
4078.378494,355,111
4078.381824,2533,1
4078.548092,4449,3
4078.63845,4342,14
4078.793399,2886,11
4079.264299,3073,3
4079.285916,2766,1
4079.285967,2316,6
4079.586945,3247,13
4079.591237,4998,10
4080.135274,7295,6
4080.632914,4559,15
4080.789763,603,25
4081.836089,1027,9
4081.887427,1644,10
4082.120294,29,5
4082.279321,3011,4
4082.381506,2014,6
4083.390395,5479,1
4083.641042,999,3
4083.780375,3747,18
4083.8851,194,1
4084.02148,340,38
4084.022019,7685,15
4084.262347,3307,14
4084.322146,5127,19
4084.393968,2122,17
4084.640721,2099,15
4084.877392,586,118
4085.388529,1173,1
4085.389334,4354,7
4085.509417,2786,1
4085.537203,941,4
4085.756498,1480,88
4086.07601,1719,11
4086.382028,371,8
4086.650882,431,23
4086.777773,7678,11
4087.006177,268,12
4087.254956,7677,235
4087.274907,652,2
4087.756901,2507,1
4087.880723,218,1
4088.073,506,8
4088.508561,845,2
4088.888019,7672,13
4088.889025,30,6
4089.140263,685,1
4089.540751,5646,1
4089.890268,7668,13
4090.13107,7393,1
4091.138101,555,7
4091.262611,5630,15
4091.388063,168,1
4091.50538,4233,3
4091.507203,2784,7
4092.080538,4989,25
4092.576148,690,1
4092.754046,1108,1
4092.882455,7680,13
4092.987842,6504,2
4093.242275,104,22
4093.263291,909,1
4093.378602,3364,2
4093.636457,2100,16
4094.040736,7685,43
4094.293846,3443,51
4094.537698,2429,8
4094.619817,31,1
4094.990125,225,13
4095.087053,3459,2
4095.123189,141,1
4095.379558,1001,3
4096.14828,4499,14
4096.251983,90,4
4096.874706,1001,10
4097.503778,91,3
4097.773471,400,3
4097.897333,1435,3
4098.126408,7651,2
4098.369504,53,30
4098.375045,3604,13
4098.987523,5924,6
4099.001855,1147,1
4099.005725,11,1
4099.392084,1676,4
4099.82086,1319,21
4099.883113,956,4
4099.897905,1792,7
4100.276523,755,3
4100.393122,1436,19
4100.648746,996,30
4100.885839,62,72
4100.993002,1225,12
4101.570546,582,3
4101.635435,2603,2
4101.636049,824,5
4101.647736,1436,53
4101.824503,3810,4
4101.913737,1129,3
4102.382198,2023,55
4103.570228,1383,18
4103.787586,2794,61
4103.791395,2527,27
4103.900789,1655,11
4104.319184,1097,7
4104.397034,4661,2
4104.514776,6712,3
4104.780609,716,9
4104.893343,2042,61
4104.992097,1060,21
4105.073615,1724,22
4105.076325,3644,7
4105.37912,3135,3
4105.489121,1195,1
4105.638635,6613,11
4106.019155,7680,4
4106.034981,1907,6
4106.07515,2293,1
4106.492902,1947,7
4107.146197,3102,8
4107.384288,40,1
4107.514283,2678,2
4108.016266,2444,1
4108.282296,934,2
4108.285093,2544,1
4108.393782,2503,8
4108.542113,3794,1
4108.573769,1969,1
4108.644496,2045,40
4108.769592,3709,10
4108.782775,2114,18
4108.820632,1969,1
4109.043421,217,20
4109.259714,1589,24
4109.260407,1858,3
4109.535733,4589,14
4109.642111,3629,4
4109.746,1387,4
4110.138908,5177,18
4110.262878,359,1
4110.324223,3210,3
4110.386259,2043,20
4110.38771,179,10
4110.825227,1834,1
4111.146626,556,28
4111.498323,1262,76
4111.522395,7341,20
4111.638875,5177,24
4111.640299,1353,10
4111.64105,1294,25
4111.642127,390,1
4111.795582,3799,5
4112.041434,7236,31
4112.741678,927,52
4112.773035,2898,25
4113.399012,3530,11
4114.383829,893,1
4114.772629,1098,5
4115.32716,2170,14
4115.394436,688,13
4115.893159,1885,2
4116.133202,3585,4
4116.402481,4616,4
4116.40881,2047,1
4116.887983,625,1
4117.00434,3334,15
4117.023907,4139,7
4117.156071,1598,142
4117.394464,4346,1
4117.394531,711,6
4117.586983,3683,3
4118.141574,4347,4
4118.278087,4414,68
4118.334298,1562,5
4118.375713,7681,2
4118.744668,582,5
4118.894896,1599,106
4119.278516,1482,20
4119.529955,23,17
4119.7444,7674,5
4119.836605,2086,1
4120.029333,2543,8
4120.030097,1508,12
4120.084109,1975,18
4120.124053,1800,2
4120.578029,7369,6
4120.777591,1763,3
4121.019534,1227,5
4121.581793,2609,3
4121.771526,1280,20
4122.020859,1015,9
4122.542712,2576,3
4123.748537,1556,1
4123.785376,2606,60
4123.879591,2778,12
4123.880632,842,15
4123.994683,218,23
4123.997041,6617,5
4124.078584,7677,1
4124.389334,7214,3
4124.632956,1167,1
4125.00035,220,22
4125.260892,992,3
4125.575182,3275,39
4125.760206,6822,1
4125.897233,7686,7
4126.020053,2565,50
4126.075057,1829,1
4126.144345,7683,29
4126.763583,6822,1
4127.022899,1233,40
4127.144664,7219,76
4127.284908,3909,9
4127.820224,571,8
4127.878546,2876,6
4128.407905,1082,4
4128.50101,7677,14
4128.513436,2748,15
4129.488528,1740,12
4129.534584,3933,70
4129.56912,1135,1
4129.62917,13,41
4129.752213,1559,1
4130.007048,30,13
4130.132113,14,26
4130.135471,4180,3
4130.151707,747,20
4130.25928,2546,3
4130.644461,2782,2
4130.889044,4180,34
4130.904046,650,12
4130.905401,2105,9
4131.023852,4837,3
4131.759221,2051,9
4131.849783,3102,2
4131.84989,1635,4
4131.85397,1405,8
4132.142966,258,13
4132.151638,4433,1
4132.156237,1514,3
4132.156442,7685,9
4132.252137,4002,39
4132.395748,596,1
4132.877658,7682,20
4133.367101,1134,50
4133.587644,1885,5
4133.874872,1211,3
4134.365565,7686,15
4135.000814,867,1
4135.037038,1931,3
4135.037656,1931,1
4135.250484,1222,18
4135.330311,3101,1
4135.502177,6450,6
4135.616541,1481,1
4135.775437,7368,24
4136.254824,2734,11
4136.53096,4457,10
4136.904862,1258,11
4137.336233,2009,9
4137.579469,1749,24
4137.627616,2432,1
4137.656602,7271,3
4137.656849,2118,5
4137.840602,1724,13
4138.00616,1888,78
4138.253614,3989,14
4138.641903,7664,3
4139.070514,5514,1
4139.073933,6492,18
4139.13548,1481,3
4139.380545,2940,1
4139.507886,1641,16
4139.824932,3170,28
4139.893275,6176,5
4140.322173,1497,20
4140.647716,759,1
4140.647951,1258,1
4140.753771,157,21
4140.778033,2689,15
4140.895684,1259,1
4141.260973,5088,2
4141.281912,1483,17
4141.324512,878,5
4141.399061,2097,13
4142.0267,3445,3
4142.285773,1189,73
4142.397881,2437,43
4142.512253,1695,12
4142.5128,4063,16
4142.757503,352,1
4142.762725,7356,14
4142.793105,2362,19
4142.833749,1773,1
4143.006154,3597,15
4143.240044,450,18
4143.259352,934,12
4143.260621,6987,9
4143.50616,7686,11
4143.593284,651,9
4143.788972,369,44
4143.83253,6051,12
4143.88711,431,1
4144.246027,3597,10
4145.141367,2074,26
4145.330763,2233,639
4145.3854,762,5
4145.63958,5199,13
4145.77762,945,16
4145.993517,164,7
4146.260429,7110,1
4146.876456,3921,3
4146.892532,7666,19
4147.042961,2396,7
4147.130569,1367,56
4147.390869,1573,9
4147.575734,5513,1
4147.620004,709,3
4148.32985,527,41
4148.378643,92,11
4148.641109,1003,15
4148.744435,163,16
4148.876109,5971,1
4148.901528,1683,49
4149.019962,1657,24
4149.49642,1774,1
4149.497992,6487,72
4149.498322,1774,1
4149.513682,4795,1
4149.534347,1386,4
4149.782411,2372,2
4149.827556,1760,4
4149.878807,41,21
4150.039745,2828,3
4150.083488,6062,309
4150.265789,1808,2
4150.390824,1476,9
4151.138946,719,12
4151.244483,7681,25
4152.515515,2515,43
4152.578477,2694,9
4152.737439,1573,12
4153.252332,5417,9
4153.534637,370,4
4153.78769,2303,4
4154.024805,1513,10
4154.327714,1279,14
4154.641771,1097,3
4155.089919,3710,7
4155.279895,4271,17
4155.380432,2051,7
4155.631239,2807,1
4156.388514,2115,8
4156.644353,2555,19
4156.753179,1817,68
4156.889951,6597,9
4157.142595,7674,7
4157.390155,907,14
4157.511153,7680,1
4157.819844,3074,5
4157.820086,772,40
4158.258754,5098,6
4158.261409,228,2
4158.825901,915,24
4158.874118,2857,4
4159.010549,4830,4
4159.011309,674,1
4159.141657,1632,82
4159.324169,1733,8
4159.324477,1639,1
4159.76309,4389,11
4159.888915,1448,34
4160.025517,617,3
4160.137798,1945,1
4160.38023,1288,5
4160.630052,6033,31
4161.027416,303,10
4161.330775,1339,4
4161.507063,1395,20
4161.828642,1551,1
4161.890699,2275,2
4162.002028,7121,11
4162.241589,2686,9
4162.257204,3358,16
4162.277901,7685,16
4162.279634,1305,1
4162.486086,1104,3
4162.577958,1389,24
4162.778418,1367,52
4162.8212,2513,9
4162.892465,1106,9
4162.893125,163,1
4162.990904,1763,4
4163.329831,3834,5
4163.39198,38,55
4163.752162,7687,22
4163.755689,3029,4
4163.89305,1510,649
4164.323624,3639,1
4164.323973,6066,1
4164.74238,3612,8
4164.775041,2889,97
4165.012064,196,1
4165.390955,1217,3
4165.781057,804,2
4165.994212,3612,8
4166.010037,574,27
4166.153925,2498,4
4166.258983,574,1
4166.528727,1537,70
4166.642529,2499,3
4166.819884,1396,7
4167.127498,7672,3
4167.391612,7683,16
4167.393937,373,8
4167.489355,1180,5
4167.626253,1667,9
4168.004905,574,152
4168.251143,621,22
4168.391894,373,8
4168.757371,5338,1
4168.779767,1520,109
4169.022889,3904,22
4169.143888,3139,7
4169.501242,461,18
4169.513532,3596,10
4170.009039,3596,1
4170.271786,2208,193
4170.331804,1703,3
4170.386498,3100,1
4170.750341,3296,1
4170.761835,7008,2
4170.831448,778,1
4170.878737,452,15
4171.262735,3357,9
4171.639186,2031,1
4171.758195,4007,1
4172.0355,2973,23
4172.036379,7682,2
4172.494916,1704,1
4172.496854,1332,70
4172.587058,778,12
4172.587128,183,5
4172.879412,2635,7
4173.628726,5235,3
4173.647324,2644,18
4173.652679,1338,3
4173.895488,1404,18
4174.024495,2732,1
4174.530083,2733,6
4174.582702,366,14
4174.751485,1118,2
4175.085627,778,3
4175.127631,2036,9
4175.491464,1219,12
4175.625816,549,15
4175.774918,2632,9
4176.035873,1553,2
4176.257705,1455,17
4176.512764,1438,5
4176.631133,953,5
4176.631892,7686,1
4176.832405,780,1
4176.993346,177,18
4177.279401,2957,1
4177.332341,780,3
4177.778217,2733,1
4177.895127,3140,130
4177.990908,463,9
4178.025355,2331,19
4178.389467,550,17
4178.774493,2733,1
4178.88142,7412,7
4179.261976,1435,159
4179.267938,235,13
4179.28631,3241,9
4179.747234,2274,14
4179.776677,1143,70
4179.832502,218,18
4179.874804,6772,7
4180.31903,2697,3
4180.787033,732,1
4181.635135,265,28
4181.635661,2888,1
4181.746033,783,13
4181.887287,4344,11
4181.888586,551,5
4181.998036,250,77
4182.138733,1544,3
4182.144585,1016,8
4182.318341,6616,5
4182.390218,551,7
4182.569656,2704,11
4182.627776,267,1
4182.630904,551,12
4182.742903,947,3
4182.904613,551,1
4182.90487,1020,7
4183.003041,5190,31
4183.137107,6,20
4183.253987,3726,17
4183.383456,2642,6
4183.495267,947,8
4183.538123,41,2
4183.575765,258,32
4184.004441,104,9
4184.007189,1544,4
4184.079383,6086,97
4184.24062,3791,55
4184.319049,108,22
4184.506922,7679,13
4184.626336,2280,8
4184.780502,7663,3
4184.885948,6978,11
4185.034499,3150,6
4185.075917,3343,14
4185.123316,3211,301
4185.539,320,4
4185.617886,3223,1
4185.808148,3151,2
4186.253272,2935,1
4186.490998,2752,97
4186.570864,2755,3
4186.619214,2164,1
4187.387164,1741,3
4187.392143,857,26
4187.759607,1280,1
4188.029049,2507,204
4188.258801,6706,1
4188.321839,316,34
4188.503156,7678,1
4188.503342,980,1
4188.753954,188,7
4188.830068,1997,4
4188.89236,3185,12
4189.039415,3152,1
4189.138622,19,24
4189.27714,3100,3
4189.32613,4245,16
4189.391199,675,3
4189.396997,2637,9
4189.78925,770,41
4190.266271,7079,5
4190.368834,2163,49
4190.535158,7664,1
4190.770266,7014,64
4190.995309,3220,17
4191.013448,4882,1
4191.076105,1794,12
4191.076879,260,19
4191.321675,3970,22
4191.877073,545,46
4193.146602,1280,94
4193.323077,3971,1
4193.328879,898,1
4193.330997,870,1
4193.51136,3282,3
4193.532829,7672,17
4193.577433,2803,3
4193.901442,7686,1
4194.14803,2624,17
4194.583412,2161,67
4194.638933,2407,1
4194.995673,458,46
4195.133108,7666,2
4195.323071,2592,26
4195.6306,4276,1
4195.742522,27,2
4195.907157,1419,15
4195.993509,2451,43
4196.496538,3362,10
4197.032879,860,12
4197.035574,1759,1
4197.12984,2167,1
4197.130353,7686,1
4197.132893,362,3
4197.514258,2346,1
4197.743605,3710,1
4197.89628,2079,6
4198.010672,33,22
4198.011489,7013,12
4198.08867,661,21
4198.12462,275,35
4198.376905,275,4
4198.505064,5246,2
4198.524965,2658,14
4199.071977,1127,5
4199.374036,27,1
4199.489214,3969,328
4199.815161,661,69
4199.893881,3377,6
4200.316701,1719,24
4200.403302,29,1
4200.40434,4496,19
4200.485438,946,4
4200.526465,1762,1
4200.824894,999,27
4201.068494,661,51
4201.155127,7680,8
4201.898081,2658,18
4202.141437,4929,3
4202.316319,3970,1
4202.623556,1327,7
4202.648504,7689,43
4202.653191,236,6
4202.743942,1258,3
4203.369839,2072,18
4204.825543,2009,5
4204.875242,2074,3
4205.004848,4900,8
4205.00523,1623,3
4205.085713,1717,8
4205.141152,7678,6
4205.327262,3947,4
4205.379976,35,5
4205.752965,3253,5
4205.755519,2996,3
4205.756178,571,17
4205.776148,59,1
4205.875302,3024,74
4206.00395,2639,19
4206.517264,14,9
4206.573381,1161,33
4206.57562,1625,7
4206.615384,1676,38
4206.994596,1938,4
4207.12179,1433,1
4207.624788,1678,29
4208.31943,1248,41
4208.523343,641,1
4208.772721,1047,3
4208.773816,3513,7
4208.817521,1249,1
4209.123559,169,11
4209.25578,511,4
4209.578384,347,6
4209.752482,3533,25
4210.06978,342,93
4210.150961,3565,3
4210.26052,1635,6
4210.490099,3254,1
4210.490513,1925,3
4210.747153,1181,7
4211.505947,590,20
4211.573539,358,9
4211.897345,731,22
4211.89849,6979,13
4212.023962,3357,18
4212.074273,2010,20
4213.028012,664,5
4213.497616,3222,20
4213.625171,309,21
4213.995751,279,39
4214.038144,212,3
4214.151315,1300,4
4214.7759,3223,10
4215.290328,1682,3
4215.377141,5866,18
4215.380808,7660,3
4215.381712,787,1
4215.783157,797,8
4216.0203,2685,9
4216.03082,1339,9
4216.033675,1685,2
4216.327049,1167,139
4216.374396,559,1
4216.524852,862,1
4216.741908,3876,4
4217.017079,2687,6
4217.033207,1441,42
4217.037306,1724,1
4217.1521,2423,5
4217.280089,471,37
4217.66731,726,2
4218.259739,949,9
4218.265315,3725,1
4218.379329,1373,3
4218.6494,7663,29
4218.832228,2147,1
4219.516106,894,2
4219.766067,2753,9
4219.891867,48,9
4219.993337,5929,1
4220.321242,817,2
4220.901552,1322,6
4221.49934,472,79
4221.515305,1593,10
4221.651662,864,7
4221.777435,481,1
4222.016836,2263,64
4222.265366,118,3
4222.275953,3221,3
4222.378218,2641,1
4222.378459,5274,5
4222.524927,2552,13
4222.766822,3745,25
4222.868565,2738,5
4223.151617,7207,49
4223.318907,765,29
4223.405673,7561,17
4223.519999,3967,18
4223.746912,3732,1
4224.026254,1706,43
4224.378637,1342,1
4224.401713,737,4
4224.508087,4154,1
4224.742047,714,56
4224.774659,2542,52
4224.897413,570,6
4224.993836,2394,1
4225.073599,1714,16
4225.123073,3424,52
4225.262761,1885,1
4225.74498,7261,1
4225.897797,2931,30
4226.273051,2655,1
4226.282912,481,4
4226.521801,1886,13
4226.631508,3244,3
4227.275898,1358,1
4227.654616,2002,21
4227.749613,286,1
4227.821454,3039,11
4227.821611,1727,2
4228.016903,1090,178
4228.490082,2049,13
4228.519281,7638,1
4229.080639,2145,9
4229.153668,577,1
4229.413456,1399,6
4229.491752,1552,2
4230.085184,3802,7
4230.377158,1764,3
4230.626398,675,42
4231.508089,2984,2
4231.536042,2835,239
4231.65499,356,3
4231.909934,868,7
4232.333665,7686,6
4232.99543,2273,1
4233.098739,2210,22
4233.161063,1053,7
4233.247374,2273,1
4233.378707,1702,18
4233.502288,651,5
4233.511743,1260,3
4233.622954,1366,25
4234.010706,2985,2
4234.160246,2598,11
4234.240249,1188,9
4234.524202,2651,3
4234.903832,4132,11
4234.992899,1198,13
4235.152465,1258,1
4235.495261,4268,23
4235.519899,573,8
4235.651787,683,50
4235.879196,702,4
4235.992105,2618,9
4236.499899,1862,5
4236.521979,476,202
4236.754898,334,3
4236.790541,4685,32
4236.881776,1332,9
4236.899789,2575,13
4237.266947,575,187
4237.576379,2033,3
4237.774534,981,4
4238.243192,2587,12
4238.319868,945,1
4238.604517,7650,7
4238.768385,2375,3
4238.819115,6648,17
4238.99275,1802,8
4239.026531,3953,1
4239.08024,7670,15
4239.90273,2603,4
4240.007904,2607,10
4240.007954,1627,3
4240.323197,4006,1
4240.655779,53,206
4240.757064,1378,11
4240.759387,579,11
4240.821856,435,4
4240.891517,1417,2
4241.887637,75,14
4242.006523,2329,1
4242.074499,3985,1
4242.147166,2004,5
4242.507911,2646,34
4242.840131,1849,12
4243.003288,1187,1
4243.258039,3900,1
4243.326387,1419,5
4243.512996,1781,29
4243.751879,2331,11
4244.00243,1468,183
4244.329738,334,16
4244.744501,1809,105
4244.887556,3458,7
4245.00597,3749,13
4245.006846,584,6
4245.247536,475,6
4245.276718,941,4
4245.524461,7492,158
4245.630073,334,79
4246.004506,1626,3
4246.394104,574,96
4246.503255,849,310
4246.506209,1728,19
4246.888205,334,147
4246.893162,1943,1
4247.070808,435,4
4247.14725,82,16
4247.275563,3886,4
4247.495541,7683,16
4247.633179,4888,3
4247.883831,334,1
4247.908907,2010,13
4248.278708,2356,19
4248.394907,7684,18
4248.638609,3460,15
4248.642104,2656,6
4249.027278,1527,1
4249.137979,114,1
4249.510343,1113,4
4249.525154,2521,5
4249.641425,507,1
4250.778315,7677,13
4250.783957,4915,10
4250.902202,241,3
4250.993929,3234,1
4251.002531,4280,184
4251.123036,1376,1
4251.158601,2011,70
4251.16392,2606,20
4251.906505,478,2
4252.081446,478,9
4252.500211,2324,1
4252.581735,3990,43
4252.62324,5273,1
4253.081465,783,1
4253.085012,2972,8
4253.280043,953,5
4253.490809,13,4
4253.57838,784,1
4253.584334,2972,1
4253.623116,2909,40
4253.657858,3276,10
4253.874107,4890,11
4254.539288,7669,17
4254.624669,5273,10
4254.625344,1429,12
4254.764406,7000,19
4255.160118,4499,2
4255.256986,673,84
4255.274298,4209,1
4255.79486,221,1
4255.802786,7053,17
4256.020375,567,5
4256.022456,2375,3
4256.042515,604,38
4256.134101,6658,1
4256.38071,117,6
4256.501322,3876,5
4256.761013,4255,6
4256.76118,2327,3
4256.793731,261,3
4256.824517,2393,10
4257.016597,7682,3
4257.020044,1800,15
4257.132358,1630,3
4257.246004,7676,22
4257.286251,776,6
4257.320831,3463,8
4257.763617,7683,14
4257.8862,2023,1
4258.290495,778,2
4258.49976,1728,4
4258.638619,2396,16
4258.740003,99,5
4258.743969,5135,3
4258.7928,3222,1
4258.822343,1604,4
4259.626937,7647,9
4259.742359,1318,2
4259.897178,2098,19
4259.995404,1797,20
4260.070088,569,1
4260.117547,3673,2
4260.318976,569,1
4260.371262,7669,76
4260.374722,1372,10
4260.571309,2509,14
4260.757022,133,21
4260.777045,957,1
4260.870897,639,1
4261.130066,272,10
4261.765061,25,18
4262.264217,2879,3
4262.276967,333,16
4262.318275,676,76
4262.369168,482,103
4262.639716,2787,24
4262.63993,274,15
4262.762339,26,15
4262.82512,1175,16
4264.256963,1731,2
4264.319556,2730,24
4264.520073,7684,76
4264.878792,7651,20
4265.641039,2426,2
4265.64143,2182,1
4265.776067,2006,11
4265.890524,640,14
4266.088283,205,17
4266.12039,1136,3
4266.2698,447,1
4266.392353,1292,3
4266.505265,6404,1
4266.620776,1146,12
4266.635799,2510,4
4266.755175,3645,14
4266.774477,2862,1
4267.011174,1847,44
4267.323733,196,15
4267.518417,1070,3
4267.643107,683,18
4267.760289,1847,51
4268.017564,160,20
4268.123456,1143,1
4268.145132,979,1
4268.287073,380,1
4268.515102,599,3
4268.999705,846,1
4269.327392,198,12
4269.378172,2750,13
4269.396966,88,2
4269.400241,914,15
4269.48583,7686,1
4269.541548,380,1
4269.892937,83,9
4270.016503,2125,10
4270.515749,1082,1
4270.576021,1434,4
4271.128874,1146,21
4271.398946,241,3
4271.50859,623,16
4271.645764,85,8
4271.753332,1668,3
4272.015401,1835,22
4272.08665,2606,19
4272.144717,893,3
4272.253617,3408,4
4272.273399,2340,61
4272.28547,1766,2
4273.035254,2835,57
4273.084936,1512,3
4273.25096,1941,10
4273.391483,4017,6
4273.504702,87,16
4273.784074,597,12
4274.263898,162,1
4274.387246,3195,3
4274.893962,2550,1
4275.292188,7674,1
4275.644799,3465,11
4276.337639,3086,6
4276.7495,2724,57
4276.749899,207,5
4276.77113,163,9
4276.789335,54,86
4276.907701,3664,77
4276.998879,207,3
4277.15458,2426,11
4277.248993,4331,3
4277.588337,3251,3
4277.906012,2010,1
4277.907948,2790,15
4278.151023,142,17
4278.398333,476,2
4279.013794,1649,3
4279.157337,2013,1
4279.294646,3311,132
4280.545946,56,1
4280.62439,275,19
4280.650476,149,53
4280.848631,453,208
4281.14633,2015,23
4281.260744,350,5
4281.633206,1975,14
4281.742925,7670,9
4281.776357,886,23
4281.784454,2347,1
4281.992805,1053,9
4282.036044,7682,97
4282.266708,7682,25
4282.768636,4356,5
4282.882284,7674,11
4283.139642,6548,9
4283.142272,2016,21
4283.332933,1985,1
4283.883869,4765,41
4284.082355,1726,22
4284.255442,3506,9
4284.395251,1171,13
4284.551622,980,4
4285.043127,1012,9
4285.136886,4013,1
4285.58678,353,21
4285.883485,465,7
4286.074929,1185,13
4286.329001,23,2
4286.637344,2029,32
4286.77104,882,6
4287.013975,882,6
4287.030686,1807,4
4287.269304,2350,50
4287.995358,2513,3
4288.036035,3342,3
4288.131928,6217,5
4288.142044,895,15
4288.538346,7667,22
4288.589676,3981,5
4288.743857,1668,10
4289.015247,1,15
4289.083888,3611,55
4289.266792,116,1
4289.409152,90,14
4289.624175,1651,10
4289.655078,2788,6
4289.774177,90,3
4290.039272,320,4
4290.589428,1442,4
4290.741289,1669,6
4290.783243,4219,1
4291.051673,327,6
4291.518681,2062,5
4291.585528,3812,10
4291.589992,18,1
4291.645973,845,21
4291.839811,18,1
4292.010004,6790,3
4292.136752,1442,3
4292.494146,686,3
4292.772689,22,15
4292.773553,5247,3
4292.777612,57,1
4292.78242,1532,1
4293.020515,3755,4
4293.302601,2767,15
4293.302661,394,2
4293.532055,7685,1
4294.025395,7685,1
4294.038697,4088,29
4294.288592,3816,13
4294.737241,4553,36
4294.784844,2488,6
4295.134744,551,12
4295.796198,612,1
4295.899548,166,13
4295.996854,335,5
4296.139006,550,9
4296.53038,1391,6
4296.530626,1352,5
4296.53228,2774,9
4296.652818,3922,13
4296.757054,2489,5
4296.874143,1105,5
4296.875207,1172,11
4296.997761,335,48
4297.024852,1281,3
4297.15099,1386,1
4297.267222,2349,43
4297.269121,2136,1
4297.389284,1386,1
4297.492372,4556,27
4297.535656,1391,1
4298.005536,2758,1
4298.642491,7662,6
4298.783587,4098,19
4298.895142,2949,7
4299.002876,1721,43
4299.242459,189,17
4299.510711,1497,1
4299.656741,7666,61
4299.660292,2949,8
4299.756937,710,34
4299.761513,3306,12
4299.84199,1446,103
4300.40271,4754,44
4300.650253,103,8
4300.760357,1668,9
4300.829808,2075,8
4300.896364,1845,11
4301.010092,190,25
4301.329635,7684,1
4301.388497,2247,12
4301.503415,1209,64
4301.577127,4084,1
4301.63137,1164,20
4301.777959,263,1
4301.831503,136,25
4302.007135,895,16
4302.289415,985,5
4302.2896,2570,4
4302.384972,3747,112
4302.403452,894,22
4302.844105,398,30
4303.010193,1497,2
4303.085232,7686,36
4303.248217,278,14
4303.778349,554,4
4303.82682,362,2
4303.994536,916,3
4304.741632,1056,43
4304.836717,3494,20
4304.991751,222,28
4305.004242,1038,1
4305.081837,2621,15
4305.142182,546,9
4305.339843,1449,7
4305.994325,7668,3
4306.08918,2093,12
4306.743173,4305,134
4306.763819,1209,2
4307.347504,381,3
4307.505467,1622,26
4308.118973,3009,1
4308.260433,292,24
4308.776248,6707,16
4308.994913,2532,16
4309.337817,1081,3
4309.52136,1420,6
4309.637163,1110,16
4309.773503,7686,20
4310.24572,1134,1
4310.368915,877,4
4310.787014,1497,25
4311.010321,1154,110
4311.504284,242,6
4311.512405,7200,30
4311.625483,1403,2
4311.790453,1497,4
4311.994447,2105,2
4312.092566,691,16
4312.335111,1871,1
4312.518794,975,6
4312.522817,1498,19
4312.778556,401,18
4312.845615,1992,2
4313.087354,3130,10
4313.397674,384,1
4313.763175,2781,47
4313.831553,1727,4
4314.027982,914,3
4314.39593,1844,7
4314.502652,1321,8
4314.88032,7167,68
4315.094021,691,5
4315.151275,1628,1
4315.257412,1396,2
4315.262217,413,2
4315.50011,4324,70
4315.525796,1545,39
4315.636885,513,7
4315.894624,513,15
4316.078717,692,159
4316.404859,901,3
4316.491653,4152,66
4316.521291,48,10
4316.583561,667,5
4316.904716,1745,12
4317.014155,1433,5
4317.025155,1042,3
4317.074021,668,17
4317.159595,2062,75
4317.264788,1216,20
4317.265577,7679,3
4317.378881,602,14
4317.628613,3748,5
4317.754758,5512,14
4318.328081,1328,9
4318.633374,314,33
4319.026887,83,1
4319.375971,514,17
4319.638713,1740,9
4320.133664,1363,1
4320.258032,476,5
4320.283289,3738,1
4320.502659,485,14
4320.885046,515,7
4320.906849,1477,19
4321.026328,2319,9
4321.528563,4152,1
4321.656501,1901,1
4321.78751,3740,3
4322.264843,485,49
4322.319622,1193,1
4322.367808,517,23
4322.507118,944,6
4322.617132,1398,7
4322.66071,1732,11
4322.759227,6354,21
4322.872248,7480,47
4323.148121,1449,6
4323.276198,288,33
4323.402006,391,13
4323.875042,602,16
4323.996378,41,2
4324.118093,1750,4
4324.369596,3285,3
4324.373081,2855,28
4324.515672,1239,82
4324.991728,2546,1
4325.082534,3700,3
4325.132943,1749,5
4325.140295,145,11
4325.240844,1432,18
4325.528578,92,16
4325.648308,2693,1
4325.896429,1756,4
4325.896966,3264,13
4326.253661,1054,5
4326.278989,3575,1
4326.38117,7672,7
4326.397267,3264,31
4326.526726,466,25
4326.640753,151,1
4326.896808,1229,3
4327.124114,3727,11
4327.244106,713,2
4327.245939,765,18
4327.248045,3753,94
4327.499685,1240,1
4327.641471,152,1
4327.873756,2550,18
4328.335209,3868,8
4328.761877,2499,6
4328.762599,1737,5
4328.76269,204,8
4328.893358,508,19
4329.093374,5337,15
4329.396407,6253,10
4329.52816,277,10
4329.781099,2467,3
4329.830993,3959,23
4329.879222,2619,6
4330.072887,2861,3
4330.2518,1687,1
4330.27656,338,8
4330.331601,2604,3
4330.389852,4107,83
4330.834349,2044,16
4331.004937,134,8
4331.005349,3026,4
4331.330674,749,16
4331.58493,34,6
4331.633902,7686,9
4331.877835,2628,123
4332.08855,1455,1
4332.139077,82,6
4332.261991,1415,6
4332.370746,3283,3
4332.89254,638,5
4333.027922,2469,24
4333.584794,2607,4
4334.007017,4879,1
4334.388881,2101,44
4334.397479,3485,58
4334.52183,2016,197
4334.522061,2390,13
4334.875728,519,1
4334.896849,1516,28
4335.149854,6256,1
4335.260014,1722,1
4335.264566,2774,3
4335.284691,2473,1
4335.328365,1307,6
4335.403062,5060,10
4336.256469,7665,1
4336.2588,7685,7
4336.760997,1592,6
4336.823885,36,5
4336.903569,2800,1
4336.903834,3562,9
4336.989517,181,1
4337.032541,3898,11
4337.262429,7684,15
4337.393292,510,3
4337.405677,2168,7
4337.753694,2591,45
4338.036616,3582,3
4338.256895,918,25
4338.508314,3467,43
4338.5567,2474,1
4339.009149,4112,2
4339.510875,1624,5
4339.755643,460,20
4340.078217,1759,6
4340.260796,216,9
4340.531305,69,4
4340.532437,69,4
4340.65501,434,5
4340.897385,2154,51
4340.991216,1201,11
4341.010681,7683,2
4341.24251,2050,4
4341.260794,463,22
4341.870869,7674,162
4342.492992,2051,5
4342.579999,1761,4
4342.778574,71,10
4342.909098,2213,646
4342.90934,758,21
4342.988878,2623,4
4343.019904,495,1
4343.375069,1114,7
4343.737054,1259,4
4344.038914,1511,10
4344.043153,861,23
4344.087196,2867,3
4344.088005,1466,1
4344.336067,6099,59
4344.624921,491,15
4345.2942,103,14
4345.379955,515,18
4345.394569,1559,4
4345.492574,1176,4
4345.757871,6419,1
4345.788659,3557,3
4345.790244,483,12
4345.909196,17,25
4346.291045,3424,14
4346.899713,647,72
4347.128818,618,7
4347.336877,7650,8
4347.340135,973,2
4347.340498,1214,5
4347.401209,5516,19
4347.49194,3904,8
4347.526007,1599,157
4347.527125,2941,97
4347.646959,5517,7
4347.830279,167,47
4347.888312,229,16
4347.990248,7143,5
4348.577033,743,8
4348.745331,2054,8
4348.764067,4379,16
4348.764508,449,1
4348.832492,7653,3
4349.080084,2423,14
4349.136324,1563,1
4349.272616,6732,41
4349.58165,203,3
4349.874477,2801,7
4350.385009,3271,3
4350.997604,59,12
4351.138822,3974,5
4351.329947,694,40
4351.374263,413,14
4351.638879,1974,8
4351.765994,1151,43
4351.793229,2445,4
4352.238843,846,3
4352.639341,1954,6
4353.392239,7663,3
4354.026205,2990,3
4354.37539,2801,9
4354.866837,3005,3
4355.238903,1897,3
4355.333281,20,4
4355.891385,7660,5
4356.013681,305,8
4356.118203,1013,15
4356.50896,2928,7
4356.524094,2989,1
4356.869244,1722,2
4356.994465,130,8
4357.008285,1154,37
4357.034891,302,34
4357.081977,1222,79
4357.151042,3987,8
4357.396317,2006,18
4357.579201,7425,4
4358.402543,2159,9
4358.491938,781,28
4358.496264,3030,67
4359.245314,1543,3
4359.516207,3037,9
4360.027979,2482,1
4360.496761,879,12
4360.511608,2104,34
4360.885851,3028,4
4361.15377,3996,13
4361.258406,3320,3
4361.495897,1864,9
4361.881678,615,7
4362.073014,755,8
4362.63454,608,32
4363.011441,2506,4
4363.257643,7007,1
4363.257706,768,3
4363.506002,1866,5
4363.748421,3928,9
4363.872883,1916,3
4363.892546,2437,1
4364.257289,5086,39
4364.262141,2827,2
4364.281343,638,2
4364.401328,2596,1
4364.759404,1867,36
4364.765626,2507,9
4364.893229,371,3
4365.387013,628,7
4366.003699,3936,4
4366.278477,1700,2
4366.505995,552,1
4366.635985,769,1
4366.636468,1321,10
4366.747686,1040,2
4366.782322,563,14
4367.628541,771,1
4367.765631,6063,1
4367.886267,1195,3
4369.136533,1198,62
4369.255269,308,14
4369.268041,6726,1
4369.631025,2553,1
4369.835961,183,15
4369.887398,5100,7
4370.000221,85,11
4370.025194,4219,325
4370.273693,4219,1
4370.620088,7677,9
4370.775374,2079,1
4371.030839,1428,3
4371.377464,2970,18
4371.587056,1446,10
4371.837433,2198,31
4372.365443,1589,1123
4373.007192,486,3
4373.149039,7686,3
4373.330062,7681,9
4373.645168,5030,5
4373.74106,7204,3
4374.491776,7679,34
4374.492296,7675,3
4374.510999,7010,58
4375.007594,813,15
4375.243061,7675,8
4375.747153,2168,2
4375.87229,883,17
4375.889709,7103,1
4376.140567,2157,9
4377.746604,7686,1
4377.77044,3770,12
4377.898542,1288,5
4378.075267,759,15
4378.743718,897,14
4379.244824,5213,7
4379.365876,1315,5
4379.535633,2785,91
4379.744999,1548,3
4379.817116,7675,15
4379.87371,1933,1
4379.874275,714,1
4379.901972,1367,7
4380.035155,2294,30
4380.117462,1782,58
4380.121869,2093,1
4380.520392,2912,6
4380.757633,489,28
4380.877672,1936,2
4381.401227,2825,16
4381.530502,2602,214
4381.749473,1303,1
4381.881558,1455,17
4382.142353,2067,3
4382.248938,2427,5
4382.327556,1894,4
4382.764043,5324,4
4383.012068,1648,10
4383.387358,1498,9
4383.527255,2515,29
4383.52918,7680,34
4383.568043,4021,4
4383.745305,3771,23
4383.778395,3444,27
4383.870077,1326,30
4384.324163,1895,4
4384.389142,1577,10
4384.528491,1524,21
4384.766693,142,21
4384.778472,1233,34
4384.826246,387,1
4384.88334,1577,1
4385.136892,2826,4
4385.289874,7670,78
4386.006265,1074,1
4386.071356,387,36
4386.118688,1943,129
4386.147678,1203,19
4386.32033,2085,5
4386.86525,1197,1
4386.900586,2340,39
4387.253219,590,3
4387.500787,706,19
4387.507664,4881,4
4387.615888,5261,67
4387.758877,798,3
4388.000342,7676,1
4388.26071,704,14
4388.264738,1642,12
4388.511222,2585,3
4388.623232,1200,15
4388.898638,1757,3
4389.076453,3267,9
4389.401308,2034,20
4389.766241,4997,1
4389.791611,2285,1
4390.074701,1487,12
4390.0757,749,8
4390.151559,983,2
4390.2427,3283,2
4390.262905,3770,4
4390.320275,1902,52
4390.52106,1877,12
4391.016452,1827,14
4391.139726,736,53
4391.528538,2773,1
4391.817505,202,16
4392.294643,1006,4
4392.831039,1522,37
4392.870978,1468,11
4393.04089,1299,27
4393.371792,1468,11
4393.541,1008,64
4393.57338,7687,3
4393.656515,2439,37
4393.821334,7660,16
4394.001301,1822,10
4394.760668,3774,16
4395.282239,3961,5
4395.542099,570,8
4395.789135,7680,6
4395.821705,1424,32
4396.042236,570,7
4396.534853,399,3
4396.5763,1655,4
4396.628755,1594,106
4396.751559,2697,53
4396.79016,571,3
4397.318904,6936,3
4397.406941,6143,4
4397.779054,571,4
4397.818695,3408,6
4398.036966,4534,3
4398.148355,1450,1
4398.26093,1189,169
4398.263254,1014,2
4398.283237,1074,1
4398.325062,196,13
4398.510618,2483,5
4398.575394,5816,1
4398.755803,4909,1
4398.785132,112,2
4398.90519,7682,14
4398.999443,5816,4
4399.002553,2335,6
4399.085908,2460,19
4399.291519,7669,33
4399.337267,170,8
4399.505489,1016,9
4399.590764,3087,3
4399.787938,403,7
4399.877206,1138,7
4400.031605,1607,5
4400.073835,7664,20
4400.249887,468,4
4400.394862,6044,3
4400.51053,4005,2
4400.823764,7664,9
4401.760016,2897,25
4401.760342,4910,1
4402.120926,7680,14
4402.254901,250,3
4402.254998,5020,1
4402.287844,2777,1
4402.754553,554,8
4402.836136,3642,6
4402.884122,5233,1
4403.042545,7682,136
4403.042614,4227,6
4403.042663,1517,3
4403.279621,2458,4
4404.078394,7671,1
4404.152893,2397,28
4404.289761,1021,6
4404.326322,7664,12
4404.756573,1661,31
4405.00257,4090,3
4405.509161,1899,36
4405.757918,64,14
4405.830619,3388,7
4405.831597,1526,4
4405.891219,3674,6
4406.256596,1461,50
4406.527546,965,2
4406.623935,2991,34
4406.625745,1660,9
4406.885935,4257,12
4407.651971,4258,11
4407.655223,444,9
4407.883281,7677,3
4408.037759,155,19
4408.509801,1202,34
4408.654341,1195,57
4408.871327,275,39
4408.997332,682,2
4409.009463,3419,1
4409.077285,2577,10
4409.248159,736,15
4409.283826,2789,5
4409.537831,363,2
4409.593272,1019,11
4409.628806,1926,28
4409.63913,646,175
4409.640038,3283,8
4409.880866,628,1
4410.004641,7628,1
4410.243805,2823,5
4410.633641,1325,26
4411.240725,683,1
4411.258988,1763,2
4411.318259,7663,1
4411.635268,630,88
4411.642471,3283,32
4411.884152,2220,22
4412.030872,1028,1
4412.146836,6144,1
4412.160741,1760,1
4412.293956,2352,3
4412.382226,3645,11
4412.505477,2044,10
4412.539428,1030,1
4412.743857,2096,5
4412.875101,1169,1
4413.034527,1030,22
4413.575037,2179,9
4413.877701,1861,7
4414.009122,575,1
4414.127205,500,3
4414.129449,2914,3
4414.262057,2473,2
4414.505367,3470,1
4414.580735,493,7
4415.545676,1058,3
4416.076099,1589,12
4416.138312,7610,9
4416.256611,1570,17
4416.371951,825,4
4416.617213,7679,3
4417.008485,1363,3
4417.293976,2826,9
4417.501477,7680,148
4417.510067,665,12
4417.620525,1072,19
4417.784054,1793,4
4418.035021,4854,3
4418.082582,2492,3
4418.591454,2221,37
4418.781399,1793,1
4418.879595,2130,50
4418.88584,2087,3
4419.262501,4181,3
4419.385784,1802,1
4419.535135,2259,62
4419.896011,5629,61
4420.283425,1794,5
4420.505204,2417,10
4420.507185,2709,27
4420.6411,4634,7
4421.283398,1782,28
4421.766402,1191,1
4422.130492,1089,3
4422.397569,584,94
4422.397752,7679,10
4422.531097,206,1
4422.647305,1368,9
4422.762804,3873,14
4423.015367,87,19
4423.575461,2347,3
4424.397983,1373,2
4424.788077,7678,40
4424.832707,2078,4
4425.000032,1026,17
4425.402388,4783,10
4425.490673,2203,1
4425.73979,3319,7
4425.990308,3320,6
4426.240085,7669,3
4426.28162,710,7
4426.388386,5240,6
4426.580347,1885,3
4426.652177,4140,28
4426.786125,374,4
4426.88469,5240,16
4426.903429,685,49
4427.132848,5241,1
4427.132965,7506,1
4427.524409,7686,12
4427.653946,15,1
4427.654936,7505,11
4428.091944,510,1
4428.127578,5241,4
4428.274046,434,9
4428.510884,1137,1
4428.586624,6138,146
4428.79097,5285,13
4430.258308,7686,13
4430.836848,1505,14
4431.374865,3392,1
4431.410763,1474,8
4431.535667,4428,12
4432.007307,1141,1
4432.401489,1762,3
4432.616086,614,26
4433.141572,745,61
4433.502458,1312,4
4433.746316,2736,10
4434.043138,886,46
4434.090446,1894,14
4434.153354,90,1
4434.756417,3921,3
4434.756583,1312,10
4434.872823,1775,17
4435.37463,4721,1
4435.399707,7679,2
4435.511424,1144,1
4435.512236,2597,6
4436.080851,2047,1
4437.12293,614,24
4437.125209,3023,3
4437.139657,923,3
4437.541782,1099,15
4437.656384,1582,9
4437.75838,66,7
4437.907819,2855,4
4438.255683,129,23
4438.761109,7661,27
4438.781134,2620,3
4438.821474,2922,13
4439.533188,3248,30
4439.791422,1967,9
4439.896306,1232,22
4440.035421,40,1
4441.322114,4044,12
4441.57365,1069,2
4441.579338,738,1
4441.625438,6151,48
4441.870276,2446,3
4441.910379,1525,6
4442.020755,1943,21
4442.270279,908,36
4442.997634,1118,36
4443.534275,979,103
4443.535678,562,8
4444.154793,590,1
4444.244985,1043,4
4444.33391,742,13
4444.494432,3803,510
4444.620618,2431,11
4444.65239,370,17
4444.794664,399,21
4444.895772,4873,9
4445.371196,3384,13
4445.371544,250,12
4445.516646,1109,15
4445.741288,7677,4
4445.742191,7581,27
4445.762673,6182,81
4446.024716,7677,1
4446.294843,226,5
4446.295708,4301,13
4446.32828,1082,1
4446.620092,3385,14
4446.997325,916,18
4447.017748,3076,9
4447.083706,1215,1
4447.390973,1023,4
4447.495583,917,14
4447.583381,1326,20
4447.621562,7579,13
4447.622623,1058,23
4447.640196,1587,7
4448.287946,261,26
4448.338427,1282,13
4448.491166,1047,7
4448.514206,5011,46
4448.898856,1027,2
4449.129704,7684,1
4449.334791,2295,16
4449.339877,764,28
4450.244044,970,15
4450.391216,1505,20
4450.487071,7686,85
4450.511535,1845,38
4450.536634,3913,19
4450.758962,2539,41
4451.033226,1505,3
4451.088625,1517,1
4451.123069,2422,20
4451.14495,3567,5
4451.64924,1024,9
4451.896299,1352,5
4451.897422,1591,1
4452.256457,125,3
4452.530858,239,5
4453.007075,1217,6
4453.115498,2521,2
4453.281774,1044,2
4453.527236,1886,5
4453.765126,539,652
4453.876636,739,34
4454.128517,657,42
4454.274838,1045,1
4454.406454,2913,1
4454.494949,2717,2
4454.779544,374,3
4454.820521,380,25
4454.893815,459,1
4455.029881,567,11
4455.033778,811,17
4455.366564,1113,20
4455.391183,1169,19
4455.395935,1108,1
4455.397,1552,4
4455.39741,1413,9
4455.513873,1217,6
4455.646137,2917,8
4455.648494,2195,1
4455.756612,2994,11
4455.778407,7680,3
4456.028193,502,16
4456.118915,4651,32
4456.323086,3665,12
4456.496573,1026,3
4456.628674,2458,9
4456.744188,7686,25
4456.748121,3226,9
4457.244514,7671,10
4457.506341,2815,1
4457.571885,699,6
4457.877732,1770,3
4457.893139,3230,18
4459.030942,1616,30
4459.260321,336,19
4459.387785,1348,7
4459.493321,1656,3
4459.624662,5999,29
4460.009992,5113,46
4460.084658,2289,3
4460.737951,3488,1
4460.869285,2988,13
4461.266881,1265,14
4461.373608,3738,34
4461.524196,4223,6
4461.524678,7661,28
4461.582346,2017,1
4461.625188,6164,5
4462.135287,2922,13
4462.778461,2436,3
4462.867756,156,2
4463.08485,5894,22
4463.120949,6016,3
4463.512288,190,15
4463.591541,1307,6
4463.752065,1798,13
4463.752216,2633,3
4464.016329,1368,28
4464.1406,4723,5
4464.503889,422,1
4464.50863,1379,8
4464.641705,1363,6
4464.877488,660,1
4465.276226,521,2
4465.380666,1542,1
4465.386651,1278,178
4465.523711,2333,23
4465.540078,6321,3
4465.766343,5700,1
4465.897926,1543,1
4465.904317,2700,2
4466.008392,7671,18
4466.011164,283,2
4466.265055,1379,16
4466.379538,158,1
4466.503121,7684,18
4466.505621,554,5
4466.570191,2089,16
4466.817887,1609,23
4466.881593,1544,12
4467.275133,7663,21
4467.650423,4577,67
4468.123309,3105,1
4468.377309,3150,1
4468.395556,2435,1
4468.510868,7668,5
4468.525453,1011,1
4468.630493,2163,14
4469.252801,1014,4
4469.327408,2871,7
4469.391066,4470,1
4469.533008,5632,5
4469.57701,4202,3
4470.012234,1208,4
4470.028868,3221,4
4470.123944,2466,3
4470.137214,1272,13
4470.273335,2483,1
4470.644242,7266,1
4470.766944,419,51
4470.768021,2209,3
4470.822683,4030,10
4470.8243,4202,51
4471.138158,7686,4
4471.500066,2610,1
4471.527352,610,57
4471.636049,7672,31
4472.255421,1589,1
4472.501427,2020,4
4472.880614,6163,19
4473.078743,4203,4
4473.127046,3054,7
4473.129701,7672,22
4473.143817,7055,34
4473.372744,7686,6
4473.400438,7659,110
4473.889836,1651,5
4474.012211,1045,220
4474.017743,2187,1
4474.024103,613,47
4474.394505,6965,8
4475.653738,2932,12
4475.899738,3137,1028
4475.997456,4725,38
4476.018524,3896,14
4476.023302,2473,3
4476.280228,1977,5
4476.818076,2314,1
4477.020414,1672,42
4477.02424,102,19
4477.152896,7056,22
4477.257031,1801,1
4477.758028,1799,31
4477.764555,263,9
4478.001066,7047,5
4478.00215,21,55
4478.259022,1301,3
4479.147522,877,3
4479.262122,334,27
4479.399964,4670,130
4479.403445,7576,14
4479.640355,2644,5
4479.656344,3428,2
4479.752334,1558,1
4480.159203,1027,8
4480.159819,2591,7
4480.255796,45,145
4480.325849,6150,3
4480.382589,2795,7
4480.505149,2490,15
4480.745892,1338,1
4481.010676,4296,6
4481.261178,1800,1
4481.263619,793,28
4481.381481,1542,9
4481.646106,7059,20
4481.759576,585,1
4482.006162,1815,1
4482.011695,4674,55
4482.076475,211,2
4482.506477,3948,3
4482.511392,345,23
4482.648251,2671,5
4482.752738,1888,8
4483.494741,1343,3
4483.495548,2665,8
4483.5801,108,1
4483.650903,7673,15
4483.757226,1802,7
4483.887369,4185,10
4483.888248,2726,155
4484.131493,979,8
4484.151807,1661,16
4484.261559,3122,28
4484.333866,1871,1
4484.509039,2816,9
4484.515046,1813,3
4485.08455,2129,5
4485.136768,981,3
4485.260433,2818,31
4485.260681,7666,14
4485.268125,428,12
4485.765047,7679,13
4485.783257,2476,16
4485.900125,2674,2
4486.013445,102,11
4486.382927,7684,1
4486.513075,4302,9
4486.754811,7531,16
4486.838827,2603,3
4486.883929,982,1
4487.388242,2974,7
4487.646683,7577,25
4487.827592,7686,2
4488.00179,1206,1
4488.077994,7686,1
4488.138061,985,9
4488.407889,2911,10
4488.503808,65,1
4488.650337,2188,202
4488.655652,7577,16
4488.769883,191,8
4488.77527,65,28
4488.775577,7672,63
4488.880053,195,3
4489.084232,7676,13
4489.142726,1593,85
4489.144341,1133,158
4489.287998,614,21
4489.648667,1134,85
4489.757829,3125,7
4490.253171,3125,6
4490.382484,3566,14
4490.505397,713,5
4490.533919,3015,22
4490.586704,848,6
4490.887877,7681,20
4491.017408,2601,9
4491.072592,7676,1
4491.150019,1956,3
4491.590136,2515,12
4491.886167,1347,1
4491.903039,7684,1
4492.076541,2846,42
4492.247186,2033,2
4492.333823,315,1
4492.502329,1607,6
4492.825478,2840,3
4492.828684,3332,1
4493.537118,11,5
4493.765245,780,7
4494.149238,7675,23
4494.346472,2101,3
4494.637282,7576,33
4494.878637,990,1
4494.994771,7686,1
4495.035988,622,21
4495.038151,1446,3
4495.265425,782,1
4496.005291,3985,3
4496.370281,2974,1
4496.519584,53,8
4496.568459,1033,2
4496.821058,7533,10
4496.880797,7668,43
4497.382177,713,1
4497.519212,7677,30
4498.016654,6743,3
4498.074329,2238,4
4499.138836,1348,15
4499.528185,4517,43
4499.57683,1280,2
4499.783384,3852,19
4499.889072,6176,21
4499.904302,2955,90
4500.128283,3794,36
4500.248027,1366,8
4500.249426,1236,70
4500.541481,7678,24
4500.569161,97,16
4500.779454,439,1
4501.374499,1233,39
4501.872574,642,1
4502.257795,7186,10
4502.26775,2915,5
4502.279955,4681,3
4503.148004,2142,14
4503.569778,406,17
4503.617422,644,1
4503.995835,7189,17
4504.274151,2085,2
4504.278551,1247,7
4504.369492,3390,10
4504.763672,1755,13
4504.869838,3365,4
4505.034838,4232,4
4505.741068,7679,1
4506.026753,2637,33
4506.399052,7683,3
4506.575381,261,1
4506.621911,3199,15
4506.987526,1464,22
4507.023115,1926,2
4507.266446,1948,10
4507.371279,358,9
4507.397339,2924,6
4507.506653,40,6
4507.510329,910,7
4507.619188,1751,4
4507.662623,7684,59
4507.871263,5618,10
4508.072757,412,15
4508.274934,3042,72
4508.366862,1667,1
4508.762717,1056,1
4509.013407,340,19
4509.257458,1576,26
4509.276931,2271,16
4509.321242,2399,6
4509.37151,5617,7
4509.510029,1057,21
4509.526681,2085,3
4510.262302,2860,14
4510.408406,3559,1
4510.505903,1131,2
4510.510601,277,1
4511.155121,3271,21
4512.07907,165,46
4512.279659,6240,83
4512.626651,1007,1
4512.873416,1004,29
4512.991585,2700,17
4512.99276,1300,25
4513.026721,301,2
4513.517122,208,2
4513.582883,2826,1
4513.586543,1820,5
4513.58722,1879,8
4513.901991,3281,25
4514.011852,270,3
4514.321527,484,1
4514.408173,7678,2
4515.014359,7674,16
4515.123961,3698,3
4515.371662,1089,15
4515.504722,7325,1
4515.757659,2604,13
4516.005501,257,13
4516.1318,7661,16
4516.24471,2537,3
4516.26028,117,26
4516.384258,3373,5
4516.400898,4597,7
4516.534581,3841,3
4517.328646,1043,1
4517.397427,1967,1
4517.570065,4052,3
4517.828668,1283,2
4518.077798,2722,12
4518.278536,3342,6
4518.37534,1013,14
4518.638555,1372,6
4518.643354,442,10
4519.263775,1043,14
4519.568059,7681,13
4519.638324,3203,1
4520.506573,1045,3
4521.000608,2608,2
4521.318363,2672,1
4521.508149,1610,3
4521.64545,2497,3
4521.756566,431,7
4521.762685,1210,1
4521.890389,3561,15
4521.89329,1261,38
4522.119805,1014,1
4522.384562,1027,14
4522.504511,963,1
4522.642181,2954,4
4522.764165,764,38
4523.033551,1996,54
4523.260228,3342,5
4523.317914,2863,62
4523.38083,3053,11
4523.505072,2290,1
4523.895049,7579,2
4524.248544,2291,20
4524.501655,3086,5
4524.889037,6553,2
4524.891439,7593,5
4525.387442,2501,17
4525.524828,93,10
4525.638903,2938,13
4525.889945,3312,1
4526.13001,1267,88
4526.634289,2030,262
4526.78943,1281,1
4526.791884,97,1
4527.015207,2610,97
4527.136842,7686,16
4527.332734,2104,7
4527.64969,1420,1
4527.747181,2921,3
4527.776309,2610,1
4528.008114,2008,335
4529.002125,7686,5
4529.257015,258,14
4529.760806,7686,8
4530.283565,7669,48
4530.373488,3384,9
4530.742613,633,1
4530.878394,3384,5
4530.886781,2399,9
4531.005602,4638,143
4531.260214,7006,5
4531.777206,7684,10
4533.128389,5088,1
4533.504779,1321,14
4533.633469,2796,3
4534.130653,3389,1
4534.25273,640,2
4535.016413,1407,10
4535.142597,1170,12
4535.64247,1292,3
4535.776576,590,17
4535.898068,5447,22
4536.265184,282,1
4536.398714,3341,28
4536.504864,2299,26
4536.519588,2895,8
4536.77391,613,2
4536.777011,304,19
4536.82195,7686,1
4537.125426,1953,9
4537.265092,7673,11
4537.399346,5448,9
4537.528544,7681,4
4537.531072,4415,18
4537.741968,595,178
4537.900999,1256,45
4538.029889,4288,4
4538.134654,5093,35
4538.262869,6061,11
4538.281722,5107,5
4538.281959,2014,19
4538.751479,1134,1
4538.775413,3496,10
4539.276076,2640,1
4539.27894,2016,1
4539.51259,3869,60
4539.775107,2016,4
4539.824302,130,15
4540.585005,7670,21
4540.917554,1091,26
4541.002272,4649,8
4541.251628,1363,2
4541.274226,4140,5
4541.750864,2611,1
4541.755616,7014,1
4542.151661,3747,25
4542.156166,2939,13
4542.284361,1422,38
4542.648774,3074,9
4543.388678,274,13
4543.525413,4530,9
4543.776695,1665,1
4544.261249,2623,15
4544.526684,1255,17
4544.879336,7661,50
4545.010187,1621,1
4545.275856,3500,60
4545.380344,1029,1
4545.63124,1372,1
4545.761427,2234,1
4546.02201,7675,2
4546.025428,3084,3
4546.520173,4143,1
4547.077558,2771,1
4547.080953,1628,3
4547.396178,1835,20
4548.546988,7686,20
4548.655485,5118,3
4548.787172,1666,29
4548.897101,3618,10
4549.150336,1411,1
4549.292571,525,103
4549.543238,1348,68
4549.893412,3619,8
4550.032863,7680,9
4550.033234,527,5
4550.625865,2120,2
4550.993708,1842,9
4551.020728,1069,12
4551.490929,3079,7
4551.738706,196,6
4551.770424,853,14
4552.035322,3028,1
4552.846759,3102,29
4552.874035,6177,51
4552.998981,4735,2
4553.258853,623,8
4553.335258,829,8
4553.373524,4532,218
4553.872667,1447,2
4554.034392,1349,4
4554.127734,391,10
4554.579115,2836,6
4555.658926,1328,4
4556.034799,11,1
4556.118258,1134,1
4556.869023,1134,1
4557.143909,1075,1
4557.769436,1459,6
4558.154198,2160,13
4558.498132,352,85
4558.498654,7654,1
4558.523073,2284,9
4559.004382,982,22
4559.121495,1136,3
4559.244879,2192,1
4559.265652,36,3
4559.490609,1700,3
4559.490926,2238,3
4559.515681,4338,3
4559.524621,552,1
4559.616351,1029,1
4559.996674,7684,1
4560.117142,7226,34
4560.325459,689,6
4560.617293,2965,9
4560.661929,2980,3
4560.739441,7672,1
4561.016281,849,30
4561.070644,690,15
4561.526567,5133,25
4562.159434,5123,16
4562.323107,4380,6
4562.400109,2302,5
4562.773656,746,14
4563.019622,2285,13
4563.270227,2991,12
4563.573491,200,8
4564.252338,4221,3
4564.268158,1802,1
4564.326014,485,26
4564.406118,2213,2
4564.495153,7676,9
4564.754101,955,3
4565.402869,1501,11
4565.835899,933,22
4565.869203,3048,6
4566.583203,2678,11
4566.765147,4962,17
4567.030396,1289,9
4567.139568,879,2
4567.265875,1968,3
4567.776339,3165,7
4567.83041,695,4
4568.818598,936,29
4569.744162,5175,1
4569.765023,7683,14
4570.016422,559,21
4570.524262,425,9
4571.335479,2227,2
4571.521447,1698,14
4571.747652,4760,4
4571.838274,3667,5
4571.872809,5257,3
4572.017598,768,50
4572.625795,774,11
4572.627395,7640,3
4572.823148,616,1
4572.879987,2177,2
4573.824211,884,6
4573.884738,157,10
4574.078081,7681,2
4574.250197,964,13
4574.408104,7673,1
4574.515276,7673,1
4574.645052,3041,14
4574.64625,3307,1
4574.746899,4665,40
4574.870965,351,7
4575.081462,7686,1
4575.125491,3180,23
4575.502349,884,3
4575.516624,3051,3
4575.652479,1043,3
4575.875296,1373,1
4576.327587,3962,1
4576.755746,4223,4
4576.896769,12,85
4577.085128,2150,1
4577.576684,1284,1
4577.783277,2636,1
4578.074833,7664,1
4578.145891,4597,27
4578.325307,619,1
4578.325899,430,46
4578.502896,3531,12
4578.580674,3963,36
4579.258148,6303,1
4579.263413,1169,15
4579.268756,5995,5
4579.537683,2943,1
4579.626224,1041,28
4579.88993,1041,2
4580.391888,4095,14
4580.770223,1487,5
4580.77532,3089,5
4581.000384,698,91
4581.011543,6574,11
4581.097584,129,1
4581.128511,2173,1
4581.498505,193,12
4581.879715,6449,4
4582.017051,3884,14
4582.264406,245,3
4582.525235,2646,6
4582.765344,1972,27
4582.833754,1705,7
4582.884123,5930,35
4583.24505,3991,1
4584.3257,799,2
4584.494214,917,10
4584.571826,2682,22
4584.572254,1230,3
4584.573973,244,19
4584.738613,1934,7
4584.890975,1078,39
4585.023959,2943,2
4585.070027,2125,2
4585.244597,6313,12
4585.389097,7684,4
4585.820224,150,1
4585.820477,2825,22
4586.370703,1816,17
4586.525187,2714,1
4586.618188,5626,47
4586.643808,393,1
4586.991551,197,12
4587.496472,1813,5
4587.510766,489,13
4587.776562,2947,44
4588.252144,417,17
4588.516297,701,1
4588.517177,7680,7
4588.585665,2022,9
4589.001144,2043,283
4589.770573,1065,54
4590.084989,1597,9
4590.390465,98,15
4590.596338,287,11
4590.77389,352,8
4590.780005,1097,24
4591.138803,1720,11
4591.586656,500,33
4591.64384,2794,20
4591.649693,135,17
4592.008633,352,9
4592.123281,7623,10
4592.507248,1488,27
4592.508571,2641,47
4592.768055,1067,1
4593.002678,2641,59
4593.022452,1589,1
4593.023762,318,4
4593.27422,7682,19
4593.586052,214,12
4593.829931,2163,279
4594.024023,3091,6
4594.145053,6424,6
4594.343954,2173,13
4594.589123,617,14
4594.746694,3963,5
4594.888369,7684,69
4594.999896,4768,19
4595.03177,6,1
4595.087896,3328,46
4595.380977,225,28
4595.639581,1725,1
4595.891674,2951,334
4596.001658,7681,1
4596.002466,1058,2
4596.262357,2091,1
4596.499967,709,4
4596.646369,6427,11
4596.836496,614,20
4597.000236,2044,102
4597.140914,7675,14
4597.269404,7648,13
4597.499263,1178,31
4598.092983,1300,14
4598.143669,4712,1
4598.255227,1544,6
4598.276583,1199,11
4598.322694,1293,1
4598.370103,1246,26
4598.513784,226,9
4598.526805,1199,12
4599.136464,2895,13
4599.377782,1645,1
4599.382128,2211,6
4599.575596,7680,4
4599.824248,2027,21
4599.870705,3191,10
4599.891191,2303,2
4599.892385,2417,28
4600.019541,3708,2
4600.134894,7684,3
4600.252051,7677,1
4600.334107,1294,17
4600.747331,2988,17
4600.763547,474,5
4600.775193,2307,6
4601.12074,982,11
4601.378777,11,4
4601.393634,2415,1
4601.505206,3193,6
4601.506713,1669,26
4601.881029,2459,11
4602.258141,1300,10
4602.376022,3192,11
4602.38602,7307,500
4602.576347,1298,17
4602.882496,154,241
4602.895721,7676,1
4603.137409,1035,3
4603.509741,306,41
4603.6368,156,9
4604.380766,3396,2
4604.383673,855,2
4605.022833,7682,6
4605.581612,1743,5
4605.62815,3911,1
4606.134145,1090,12
4606.135047,3396,2
4606.499258,2628,16
4606.633081,1339,23
4606.634288,3938,5
4606.831134,58,3
4607.515738,5638,23
4608.577385,1783,16
4608.874191,3917,12
4609.007468,1608,7
4609.008343,2554,19
4609.104159,25,5
4609.109803,2004,12
4609.752264,2635,9
4609.827935,940,1
4609.888571,863,24
4609.901214,2271,5
4610.080688,1788,1
4610.129938,3321,3
4610.275771,323,37
4610.282034,3833,15
4610.283646,1001,3
4611.028474,2991,1
4611.494201,2075,8
4611.740313,3645,13
4612.280682,1574,34
4612.636826,29,1
4612.777915,1574,3
4612.781524,633,4
4612.987569,4125,6
4613.153013,4275,14
4613.276888,7662,8
4613.40765,4257,3
4613.530859,2438,3
4613.621823,1370,6
4613.649307,7679,13
4613.825566,940,1
4614.022177,3254,1
4614.085761,2533,149
4614.270636,1310,12
4614.494605,212,57
4614.741232,4108,28
4614.765752,1301,168
4615.019354,1847,37
4615.121631,3321,2
4615.571172,4213,1
4615.623893,574,1
4615.740178,2065,51
4615.889082,2390,52
4616.265784,7679,20
4616.277277,2750,3
4616.525762,1020,3
4616.822913,7666,1
4616.992084,3096,1
4617.531097,1979,3
4617.741025,2046,4
4618.141967,581,11
4618.381225,1875,1
4618.523809,3707,3
4618.573157,1371,21
4618.766505,7294,148
4619.135517,124,4
4619.319026,489,145
4619.387086,1049,1
4619.899667,1724,9
4620.152314,1306,35
4620.275178,1581,51
4620.529463,1116,23
4620.759777,2765,2
4621.130693,2491,2
4621.148457,4761,5
4621.591914,2035,14
4622.014657,7296,92
4622.131365,3041,14
4622.267088,4422,18
4622.495607,2247,31
4622.495623,1473,7
4622.496639,3036,16
4622.588448,949,1
4622.62295,7675,76
4622.885899,408,7
4622.998609,54,20
4623.490919,4113,12
4623.494234,535,16
4623.495683,2415,27
4623.512591,1551,7
4623.996443,1275,2
4624.073182,2131,4
4624.781045,1643,13
4624.888044,7674,8
4624.889175,3343,52
4624.891753,6624,2
4624.998239,71,5
4625.031755,2609,3
4625.492185,923,1
4625.506318,363,21
4625.781005,2806,1
4626.242729,72,1
4626.403116,3005,7
4626.840227,4796,79
4626.878442,5303,27
4627.006668,64,1
4627.097141,429,35
4627.127035,1309,1
4627.255105,12,11
4627.258986,3079,17
4627.488771,423,1
4627.634884,3206,1
4627.746624,4197,4
4627.998119,2265,1
4628.367515,7687,13
4628.402609,462,10
4629.070642,1722,17
4629.140689,4253,6
4629.258392,11,9
4629.489573,2266,10
4629.783663,4651,58
4630.137241,3339,1
4630.265311,1555,5
4630.393981,1865,1
4630.631732,7676,67
4630.75343,4637,11
4630.995575,206,9
4631.260499,2453,13
4631.51215,3706,3
4632.626149,3409,11
4632.628964,1921,21
4632.640792,1276,25
4632.742829,2907,2
4632.781186,7685,11
4632.782856,7685,2
4632.78343,487,6
4633.149595,2714,16
4633.248691,2093,1
4633.255274,4255,18
4633.488991,2083,9
4633.505419,649,11
4633.530652,1762,37
4633.759526,251,48
4633.790401,1625,6
4633.830866,2250,18
4633.999648,1507,22
4634.326613,1913,6
4634.514041,2048,7
4634.515208,1900,3
4634.543586,1045,8
4634.887296,2509,3
4635.138991,7627,6
4635.254032,1556,13
4635.254402,65,3
4635.319969,3285,3
4635.395217,1250,14
4635.640234,103,1
4635.641001,1206,13
4636.010346,1237,3
4636.031315,7681,21
4636.276267,3654,1
4636.386658,3389,1
4636.388389,7627,14
4636.523265,5009,3
4636.890435,3410,3
4638.142234,6447,14
4638.256032,4256,8
4638.891336,1210,64
4639.496346,6014,16
4639.637769,2064,49
4639.644102,2873,24
4639.747966,3143,2
4639.753352,2090,33
4640.04522,5009,21
4641.039313,7685,9
4641.639644,3102,9
4641.739363,718,1
4641.757261,4816,3
4641.787844,930,9
4642.003104,2696,14
4642.275396,1857,4
4642.27657,12,10
4642.394771,4407,2
4642.504871,167,1
4642.630939,581,6
4642.755097,1946,5
4643.385701,2257,46
4643.504317,3798,10
4643.505164,1375,29
4643.636823,1343,15
4643.822062,1255,2
4643.872131,582,5
4644.134541,6577,13
4644.257773,3055,242
4644.289039,577,1
4644.746879,1375,52
4645.271561,2174,3
4645.388913,3425,23
4645.393142,580,14
4645.537261,1324,111
4645.750555,2290,2
4645.774344,1128,13
4645.795214,1334,88
4646.128415,2256,49
4646.881011,2463,3
4647.050285,1440,9
4647.075785,1331,31
4647.263976,3209,9
4647.321821,1364,1
4647.391205,5225,1
4647.6497,1521,49
4647.887637,7684,5
4648.073452,3325,6
4648.291826,3052,2
4648.544763,12,16
4648.571358,180,32
4648.64839,1056,15
4649.514024,3017,4
4649.526573,2415,3
4649.638538,207,10
4649.659534,7647,28
4650.148903,7675,8
4651.003592,1097,1
4651.01332,1631,12
4651.141858,1172,11
4651.761078,5000,1
4651.820763,1435,52
4651.903715,6723,2
4652.002425,4816,3
4652.002794,1504,7
4652.076812,3625,1
4652.252244,1097,27
4652.382644,5336,4
4652.648364,4874,2
4653.140498,4875,1
4653.141032,1892,7
4653.257736,6374,39
4653.258309,927,19
4653.322116,6545,7
4654.033472,3149,5
4654.137309,1558,15
4654.139302,4717,22
4654.507451,5468,8
4654.616562,2696,13
4655.012806,2491,1
4655.075407,1451,1
4655.139416,1891,30
4655.252452,906,4
4656.009302,4624,23
4656.009874,2494,2
4656.281028,2638,8
4657.146798,1208,2
4657.326263,2664,2
4657.510024,1631,2
4657.824738,262,16
4658.01986,548,9
4658.369156,3224,1
4658.393684,473,10
4658.494036,3551,1
4658.881474,7683,9
4659.329387,5760,1
4659.51629,1948,13
4659.782146,2640,6
4659.782633,1948,3
4659.868101,1979,7
4660.258484,1078,7
4660.332012,5686,13
4660.529938,1445,8
4660.583223,1217,48
4660.873428,5339,16
4661.252189,396,15
4661.623208,3915,3
4662.004525,494,26
4662.032788,3157,1
4662.034284,2454,94
4662.252331,1368,3
4663.011059,3624,4
4663.143489,2319,7
4663.251613,17,36
4663.276642,2454,1
4663.377799,1853,12
4663.507944,6033,11
4664.750537,2730,1
4664.776617,4228,10
4665.146274,1319,59
4665.900122,3643,1
4666.021199,2454,25
4666.022083,7683,1
4666.525421,3121,6
4667.252345,4818,36
4667.256127,1409,16
4667.380315,247,9
4667.395668,870,3
4667.575186,7677,1
4667.775504,2974,4
4667.824307,2682,2
4668.025582,1693,2
4668.57539,116,1
4668.777022,7657,9
4669.340766,2330,8
4669.495386,2492,5
4669.63019,7684,3
4669.630418,1763,3
4669.82753,3650,3
4669.893693,2302,1
4670.024337,7672,1
4670.499777,4200,5
4670.760548,2324,9
4670.887394,1281,13
4671.003081,3056,3
4671.277376,3120,7
4671.393506,1359,3
4671.634766,2951,3
4671.880468,594,14
4671.888362,2512,2
4672.268579,7684,3
4672.277464,5027,15
4672.38182,951,1
4672.640126,7676,8
4673.124662,1740,9
4673.392688,1045,19
4673.397392,2290,9
4673.765452,2051,38
4673.774982,7678,1
4673.879368,1962,4
4674.068387,743,16
4674.391657,4715,20
4675.245981,3745,3
4675.328494,4017,27
4675.580532,3958,3
4675.587807,660,3
4675.624243,832,7
4675.630464,2461,14
4675.999157,5296,14
4676.135779,25,5
4676.276148,2501,17
4676.521953,1353,24
4676.749746,7685,33
4677.02361,7205,18
4677.024112,2450,4
4677.57235,2684,12
4677.574715,856,8
4678.012662,1323,221
4678.073521,645,1
4678.078525,4196,31
4678.079658,2888,8
4678.374547,3448,1
4678.622377,4139,6
4678.622502,707,21
4678.63581,3235,1
4679.084416,1467,33
4679.288382,7437,26
4679.291594,7685,8
4679.342245,2272,92
4679.505037,2090,1
4680.085047,1427,2
4680.138738,4574,1
4680.506759,2123,3
4680.524792,1534,1
4680.530318,4827,3
4680.834524,4825,5
4680.888914,1041,2
4681.02641,1963,28
4681.12225,7677,1
4681.325856,3963,4
4681.391633,1243,45
4681.642833,2259,7
4681.75579,22,19
4681.786148,7675,20
4682.506142,3484,5
4682.574579,1429,5
4682.752081,1309,17
4682.835563,1481,1
4682.882085,7676,4
4684.027137,7666,13
4684.894318,3789,3
4685.026064,1736,24
4685.030997,4409,11
4685.127401,4458,3
4685.138381,1764,1
4685.26246,5731,8
4685.492277,7144,10
4685.492698,719,37
4685.574772,3336,3
4686.265589,578,15
4686.390723,3693,14
4686.49838,5701,13
4686.530312,194,1
4687.260574,1320,58
4687.522632,7677,13
4687.590047,1051,24
4688.083178,2702,47
4688.122401,7682,44
4688.259694,401,1
4688.379395,2565,1
4688.394681,2266,25
4688.771004,2929,2
4689.007444,1662,16
4689.272351,1009,13
4689.273638,401,5
4689.524022,1353,22
4690.001196,2040,9
4690.082705,2276,1
4690.341827,2276,3
4690.386135,361,14
4690.527997,1451,13
4691.025246,1203,412
4691.136785,2610,7
4691.137094,1096,21
4691.263042,403,1
4691.38547,3442,4
4692.079124,59,21
4692.273815,7662,40
4692.335529,638,3
4692.364901,7678,17
4692.779794,2270,25
4692.893855,4719,11
4692.894064,2282,9
4693.015746,7686,1
4693.016188,584,29
4693.074933,2277,25
4693.332095,1818,1
4693.617558,7684,3
4693.767331,1643,12
4694.140754,2454,9
4694.893064,3458,4
4695.082345,1883,12
4695.875558,7674,4
4697.006415,7671,40
4697.011921,2275,18
4697.15185,5116,2
4697.375722,698,4
4698.008337,7543,3
4698.041793,4247,11
4698.120916,951,1
4698.255456,4229,1
4698.750328,3891,5
4699.132311,1874,9
4699.155074,1426,2
4699.381553,2400,6
4699.534364,7231,3
4699.652379,2100,4
4699.762142,1061,58
4699.779787,3400,11
4700.00724,4885,57
4700.008052,1833,4
4700.118192,69,1
4700.253331,3230,48
4700.776756,3399,1
4700.90374,6687,4
4700.99892,2662,7
4701.125301,70,1
4701.281911,115,1
4701.3324,2686,3
4701.370745,2225,2
4701.512984,1742,13
4703.080598,1184,10
4703.245398,2215,16
4703.50357,647,13
4703.791467,1464,1
4703.876421,3096,1
4704.638167,7677,9
4704.833392,1977,33
4705.032192,4114,1
4705.123336,248,6
4705.243213,2189,8
4705.385069,3447,1
4705.737644,2190,5
4705.891153,1855,169
4706.036306,2575,1
4706.142911,6137,73
4706.238653,2712,9
4706.240853,5317,1
4706.52123,1118,1
4706.879446,1735,316
4707.025563,7679,19
4707.243416,1358,4
4707.263827,1809,1
4707.628738,3734,1
4708.128893,7676,1
4708.141103,1043,6
4708.327497,721,19
4708.394326,421,9
4708.524891,1561,2
4708.777094,2411,23
4709.00963,1561,14
4709.010225,2451,23
4709.519004,3193,13
4709.57106,6720,4
4709.882051,3100,10
4710.2383,7624,14
4710.493806,6563,9
4710.572073,934,24
4710.828831,3491,53
4711.026375,143,3
4711.248273,1062,9
4711.248582,707,22
4711.638258,2321,7
4711.781674,7677,1
4712.070028,3756,24
4712.07013,1070,23
4712.25779,4431,11
4712.392612,1164,21
4712.535663,7678,7
4712.536584,2214,1
4712.752054,2257,11
4713.137915,7676,20
4713.323624,7686,1
4713.499189,1061,46
4713.500105,4406,4
4714.138,2230,8
4714.139897,2850,3
4714.26186,6379,13
4714.505071,5009,3
4714.756003,1563,12
4714.764902,7535,10
4715.010327,6569,1
4715.26045,2211,20
4715.370711,2306,1
4715.395277,4312,2
4715.884334,2500,13
4716.007588,2858,14
4716.011632,6570,1
4716.076264,4321,2
4716.262573,2648,1
4716.263438,7685,14
4716.263617,2648,13
4716.27412,2527,58
4716.510199,2648,37
4716.640094,3612,1
4716.761867,530,9
4717.259513,2649,53
4717.396751,1203,9
4717.495997,728,3
4717.574031,2045,15
4717.772411,1062,5
4717.992744,251,13
4718.13898,7664,10
4718.32496,958,9
4718.589911,2322,10
4718.995803,2771,16
4719.248473,2357,5
4719.289874,3810,6
4719.890261,1208,2
4720.259532,737,4
4720.371683,4065,7
4720.760386,4187,73
4721.253579,875,8
4721.254247,4253,15
4721.766514,979,1
4721.783434,2637,34
4722.007992,1951,6
4722.286158,54,1
4722.383276,3467,5
4722.499396,4252,15
4722.528811,54,20
4722.630405,1877,16
4722.743512,2695,17
4722.887794,3760,134
4723.331992,1390,23
4723.507027,4250,10
4723.521386,655,4
4723.541092,1193,24
4723.756347,2215,18
4723.761466,3887,40
4723.891827,7668,1
4724.017265,1973,8
4724.028696,1666,1
4724.089188,1997,9
4724.541808,2232,14
4724.884501,1870,5
4725.140485,2252,1
4725.275028,4898,6
4725.331668,648,13
4725.64105,2523,16
4725.752614,2358,14
4725.890367,7340,6
4726.081709,747,7
4726.540333,4595,14
4726.546113,472,1
4726.832202,6495,16
4727.134424,626,16
4728.753005,1924,2
4729.336405,753,1
4729.638771,2526,23
4729.772576,7680,1
4729.795838,1731,16
4729.893161,422,8
4730.046942,2980,10
4730.265176,2219,11
4730.283506,7051,1
4730.743367,2229,112
4730.781893,4806,13
4731.036849,2524,4
4731.542196,2641,1
4731.542624,64,12
4731.618006,627,7
4731.73763,3880,18
4731.741451,37,47
4732.083595,2185,2
4732.268761,192,13
4732.495643,2140,3
4732.579454,5271,26
4732.63112,1397,17
4732.879418,5891,1
4732.879811,290,1
4733.032425,1938,10
4734.022575,2647,120
4734.285192,487,3
4734.879568,982,12
4734.882738,737,1
4735.027965,936,209
4735.277538,4615,9
4735.658771,3931,2
4736.031451,7676,1
4736.155189,7677,9
4736.531412,1093,1
4736.783557,1978,16
4737.068229,3755,36
4737.137912,2295,2
4737.274677,617,7
4737.278199,502,18
4738.132953,2295,2
4738.488025,1927,13
4738.632008,7662,48
4739.068674,808,9
4739.243987,2322,3
4739.266082,1124,1
4739.49003,2424,3
4739.653378,1185,2
4739.903693,16,1
4740.033892,3442,2
4740.123301,4055,7
4740.893269,2314,14
4741.023081,7677,1
4741.126626,4055,4
4741.650017,582,5
4741.655002,7675,32
4742.068473,7310,5
4742.818815,7677,6
4742.876915,2095,1
4743.251065,208,5
4743.399238,4718,25
4743.528593,7685,64
4743.820482,664,20
4743.996239,2442,22
4743.996603,2756,1
4744.380926,760,14
4744.496459,3041,4
4745.00901,5541,10
4745.15372,64,1
4745.404305,4720,92
4745.40546,1194,2
4745.529364,1095,5
4745.638985,1169,2
4745.990246,1523,54
4746.009765,3303,2
4746.404127,1767,171
4746.409453,2614,38
4747.008781,561,4
4747.034907,1095,5
4747.643197,1173,1
4747.643907,1172,2
4747.772974,3079,15
4748.266357,2706,33
4748.266593,429,16
4748.27749,1897,7
4748.62101,2405,2
4748.642666,7675,28
4749.24263,4577,17
4749.284864,789,232
4749.376876,2161,3
4749.53421,2099,5
4749.569564,766,2
4749.628093,7686,2
4749.653258,7686,15
4749.77381,2160,10
4749.874516,1184,11
4749.99833,27,1
4750.079299,767,15
4750.274141,2507,96
4750.397582,2943,237
4750.533378,6336,1
4750.753191,3713,1
4751.027194,787,5
4751.323669,1373,1
4751.659056,7670,10
4751.841831,1283,12
4751.886987,1191,4
4751.988253,1434,19
4752.156046,530,8
4752.28784,1172,3
4752.582594,74,13
4752.740408,1434,4
4753.254047,4414,505
4753.389972,3375,3
4753.493318,3320,3
4753.584348,1218,46
4753.754608,3522,25
4753.87982,634,1
4753.884854,16,5
4754.015526,2012,2
4754.045158,755,10
4754.505914,4872,10
4754.630912,6532,11
4754.882404,2771,1
4755.88348,256,13
4756.288666,1738,1
4756.74649,811,3
4757.382021,1444,1
4757.487404,2180,7
4757.628946,45,1
4758.079841,6190,1
4758.151524,1914,4
4758.286474,2783,33
4758.326497,1919,2
4759.082577,78,3
4759.157193,1181,16
4759.23994,2534,2
4759.536104,1576,195
4759.537022,1909,18
4759.792055,294,5
4759.991371,7324,3
4760.516088,2695,9
4760.634668,1772,4
4760.753495,735,9
4760.8808,1759,4
4761.042514,3269,37
4761.751086,1487,12
4762.32796,502,6
4762.400963,1745,2
4762.752257,584,1
4762.753214,579,1
4762.877629,3210,14
4763.636947,1772,11
4764.129911,868,7
4764.279622,1350,1
4764.581156,4172,12
4764.754073,581,20
4765.151583,7675,1
4765.37299,996,12
4765.493107,64,1
4766.010353,4043,4
4766.031839,1136,5
4766.252631,7682,1
4766.25426,1934,44
4766.538333,997,3
4767.253615,6562,14
4767.258214,1879,45
4767.319607,989,5
4767.505646,1139,10
4767.745193,7537,12
4768.004914,2699,8
4768.005931,3707,1
4768.0406,1076,1
4768.045149,124,26
4768.386706,2275,4
4768.574013,682,5
4768.622694,870,21
4768.77085,7675,22
4768.893942,1140,2
4770.158145,7685,3
4770.382564,262,10
4770.39788,5201,6
4770.742757,251,40
4770.779416,2876,76
4770.877621,3207,18
4771.012103,7322,17
4771.095724,7686,17
4771.153608,5202,1
4771.660964,7682,14
4771.760728,3708,1
4771.994847,256,14
4772.287315,1299,9
4773.37644,4554,42
4773.76673,2751,1
4773.78044,1188,40
4774.074252,2112,14
4774.393244,851,3
4774.396059,2040,13
4774.497493,1216,304
4774.761636,7679,4
4774.762345,1846,1
4775.026777,6035,16
4776.017739,4958,10
4776.280256,2967,12
4776.371513,2474,9
4776.822201,1751,1
4777.126623,271,42
4777.636416,2310,8
4777.755259,1587,3
4777.821524,1571,2
4778.323067,1752,78
4778.381427,4556,99
4778.540289,2497,5
4779.25838,6036,21
4779.5881,1893,2
4779.594404,7663,79
4779.784126,2570,1
4779.817201,1893,2
4780.394901,3321,5
4780.507025,305,40
4780.512723,947,25
4780.533295,2885,9
4780.568783,1439,1
4780.824176,3418,24
4781.133105,3379,7
4781.261,5794,5
4781.284539,2788,8
4781.28822,1320,4
4781.577682,640,3
4781.646084,73,12
4781.750643,3852,6
4782.144009,427,73
4782.252078,687,15
4782.255244,3205,15
4782.316966,1099,1
4782.750416,1327,1
4782.823223,170,6
4782.884953,7682,13
4782.88735,277,1
4783.010334,227,40
4783.014347,1002,4
4783.257506,1956,24
4783.641868,7676,37
4783.657028,2949,1
4783.657087,7678,1
4783.665745,2250,15
4783.884443,3382,1
4784.005417,540,1
4784.135695,3383,4
4784.383745,3841,3
4784.634076,5979,3
4784.884834,829,1
4785.147174,2089,2
4785.150454,2039,12
4785.635197,1798,6
4785.755882,7678,2
4785.882872,1306,10
4785.886733,1875,14
4786.265599,1447,3
4786.769728,2102,1
4786.786231,3259,3
4787.009877,3737,4
4787.01768,4728,34
4787.503612,7677,3
4787.652818,5453,34
4789.247074,537,15
4789.491478,7671,3
4789.625881,512,5
4789.785303,3343,8
4789.785807,7307,10
4789.78608,4034,1
4789.824158,7678,4
4789.89104,2551,11
4789.99555,1684,325
4790.034049,1853,5
4790.242083,537,19
4790.651229,7686,14
4790.759793,1210,1
4790.873586,2239,13
4790.894313,2311,92
4791.019044,7673,8
4791.368479,1542,91
4791.371147,7677,1
4791.623204,1869,15
4791.81911,2583,6
4792.074577,476,49
4792.126146,2474,18
4792.241159,286,1
4792.372929,7669,20
4792.542357,2382,4
4792.82616,2830,14
4793.034868,3260,14
4793.269713,2544,205
4793.291638,2548,12
4793.818584,2139,5
4794.124745,7671,43
4794.245211,1664,1
4794.501526,1691,398
4794.868915,180,20
4795.383593,2458,1
4795.767396,2289,5
4795.770997,7654,10
4795.867881,179,21
4796.024741,363,1
4796.119213,1542,9
4796.265704,3716,1
4796.521735,7680,14
4796.838257,1003,4
4796.903446,4736,1
4796.903797,1974,4
4796.989793,7675,23
4797.015192,1124,45
4797.260404,3777,5
4797.667827,2956,9
4798.399654,1984,2
4798.496328,3273,14
4798.496379,5803,4
4798.581612,4278,1
4798.582009,650,3
4798.777289,3777,1
4798.777514,802,2
4798.789059,1236,2
4799.378983,3946,1
4799.788685,522,13
4800.378516,508,67
4800.38559,4744,3
4800.624624,3710,61
4800.630075,3785,19
4800.769073,3188,9
4800.797909,48,19
4801.25201,2322,3
4801.254936,7670,53
4801.272596,872,6
4801.52525,6091,58
4801.784326,700,10
4801.834145,937,35
4803.252788,19,10
4803.49122,1553,1
4803.530085,2167,4
4804.123999,928,1
4804.777726,7651,20
4805.027078,3115,6
4805.146579,2464,6
4805.372425,1740,16
4805.615894,1963,17
4805.874368,1810,10
4806.510012,3559,1
4806.623599,1378,3
4806.744216,3420,4
4806.991949,2041,1
4807.12994,1964,1
4807.134223,2613,4
4807.386497,222,8
4807.512492,1088,15
4807.747634,412,127
4807.894052,1385,16
4808.637803,7686,4
4808.753297,3396,2
4808.998053,622,33
4809.630848,4642,8
4809.64443,425,5
4809.882219,1965,151
4809.891868,334,21
4810.395929,1101,2
4810.764161,1154,19
4811.263569,6053,13
4811.498274,372,24
4811.526747,2245,58
4811.653183,1858,18
4812.122762,544,19
4812.521361,674,9
4812.569592,2306,9
4812.869172,2686,15
4813.021469,183,9
4813.035422,2245,31
4813.272691,3315,1
4813.325887,7685,22
4813.37545,1782,2
4813.377386,2106,6
4813.402377,7679,115
4813.403704,1746,14
4813.40725,1729,9
4813.6408,161,20
4813.86654,2102,21
4814.244681,2048,15
4814.245565,2765,18
4814.283759,2672,1
4814.291967,2596,49
4814.496313,3487,1
4814.49693,7343,16
4814.515919,3784,1
4814.748845,374,1
4815.873576,794,16
4816.750765,5808,3
4816.867534,5096,49
4817.252491,2865,85
4817.53029,2246,1
4817.744608,1807,51
4817.817713,2193,7
4818.253292,1807,1
4818.517477,521,70
4819.119099,3261,6
4819.51893,2582,6
4819.535346,2250,46
4820.028706,2370,1
4820.261057,1312,6
4820.279052,1154,2
4820.327707,1747,1
4820.327902,2479,1
4820.401547,4601,3
4821.626598,7665,41
4821.750839,2799,13
4821.874853,1815,1
4822.252036,1249,2
4823.261088,1752,16
4823.3723,1303,50
4823.504387,234,3
4823.618556,7683,11
4823.623403,3439,21
4823.87264,1818,2
4824.117784,3259,3
4824.123849,1961,4
4824.261826,3408,4
4824.276441,2171,19
4824.336667,7087,29
4824.371624,402,18
4824.375748,1561,17
4824.505888,580,2
4824.588265,2560,20
4824.764183,4233,1
4824.779992,2262,5
4824.82929,2293,1
4825.001727,5255,31
4825.01058,3785,5
4825.091334,2121,4
4825.373411,2781,17
4825.386823,1388,11
4826.003325,1295,5
4826.006023,1212,3
4826.260371,2736,21
4826.51056,2946,4
4826.620424,3267,14
4826.835281,1426,95
4827.137748,602,2
4827.52467,2455,17
4828.123445,1783,4
4828.153733,14,1
4828.155576,2106,13
4828.381249,1569,30
4828.627588,2521,21
4828.828462,1827,22
4829.152388,1761,17
4829.281484,7686,17
4829.400749,888,6
4829.634084,7682,32
4830.031237,1338,8
4830.26191,311,18
4830.327425,1427,77
4831.579747,954,22
4831.87218,2404,3
4832.004961,3789,5
4832.005717,4419,382
4832.070855,1848,12
4832.15715,898,15
4832.498821,2811,38
4832.828278,1915,102
4833.001959,4234,5
4833.251854,3791,25
4833.403963,1788,3
4833.505435,1057,1
4833.615611,280,4
4833.755118,936,1
4833.897279,5488,363
4834.329337,2336,3
4834.757705,1046,4
4834.790465,2160,43
4834.790595,933,42
4834.823983,904,1
4835.073099,1698,1
4835.079872,1439,53
4835.12955,1345,20
4835.262587,2717,5
4835.82292,5532,3
4835.879984,103,3
4835.895546,588,1
4835.898353,1696,6
4836.258123,7684,8
4836.399195,589,13
4836.542727,314,22
4836.542791,3219,3
4836.759446,3408,5
4836.828155,1838,18
4837.080293,7689,34
4837.627115,1565,13
4837.769517,2152,1
4837.789491,7679,16
4838.040578,5960,12
4838.329949,1157,10
4838.534711,1346,12
4838.771204,76,9
4838.888095,3383,3
4838.888328,7629,9
4839.156476,1178,2
4839.339008,2416,5
4839.503628,1374,9
4839.537088,1340,27
4839.540557,55,17
4840.075329,627,3
4840.520237,3552,37
4840.525961,3702,35
4840.626208,3419,10
4841.157619,1758,46
4841.588147,4092,6
4841.838623,2306,5
4841.840099,2156,1
4841.902015,840,2
4841.986855,3306,1
4841.992489,2468,1
4842.268335,936,2
4842.328373,2156,1
4842.329244,1125,3
4842.518589,2478,12
4842.65496,7681,73
4843.14863,4821,9
4843.372755,3143,28
4843.402111,5502,130
4843.781041,3797,4
4844.520717,3797,1
4844.581968,2309,35
4844.636931,1333,3
4845.03232,3558,9
4845.391611,7682,256
4845.581448,2309,12
4846.329153,2099,5
4846.36894,291,20
4846.518738,4425,7
4846.765902,7682,16
4846.899277,5500,71
4846.901017,24,6
4847.073903,2037,1
4847.773875,2500,1
4847.776593,440,26
4847.831787,2037,12
4847.870377,1723,14
4848.003551,225,16
4848.015458,3553,37
4848.269511,80,10
4848.285689,665,9
4848.512404,4425,321
4848.776826,5978,13
4849.019231,305,5
4849.028015,2318,16
4849.525346,7680,5
4849.527645,1076,3
4849.531788,1296,20
4849.585604,112,18
4850.081642,7685,3
4850.49525,767,16
4850.898555,3411,34
4850.998339,7680,1
4851.282905,2307,31
4851.50123,6678,9
4852.015263,1749,4
4852.015429,1345,125
4852.077992,738,1
4852.256283,2519,304
4852.396393,3023,13
4852.879679,7365,5
4853.156,3602,1
4853.156489,1590,8
4853.159962,1121,1
4853.273141,854,1
4853.274218,3207,1
4853.329555,2316,101
4853.372574,1226,19
4853.528006,4874,1
4853.580664,1131,4
4853.868563,1576,3
4854.086344,2299,7
4854.251897,539,17
4854.579918,986,33
4855.002805,458,19
4855.121777,4087,12
4855.372491,7680,6
4855.388,4375,1
4855.870017,999,19
4855.886796,14,16
4856.139035,7676,2
4856.333474,1548,20
4856.491907,76,110
4856.641472,1991,1
4856.895524,4810,14
4857.337414,671,3
4857.508835,1080,30
4857.989562,296,1
4858.398927,17,8
4858.490059,4261,25
4858.53217,7685,5
4858.654355,51,12
4859.071033,115,1
4859.072166,116,2
4859.13519,1002,25
4859.24118,1840,2
4859.281473,1645,10
4859.317439,116,7
4859.375272,3285,18
4859.532808,2316,1
4859.819592,1123,1
4859.892084,5508,1
4860.027234,1350,9
4860.071668,117,16
4860.326059,117,14
4860.571924,1231,3
4860.74931,5236,29
4861.123434,3226,2
4861.246813,2426,1
4861.400737,1552,1
4861.817766,7669,22
4861.907284,2276,9
4862.240347,2416,153
4862.37186,5531,3
4863.256214,3907,184
4863.521493,6013,16
4863.624018,1103,24
4863.877949,298,19
4863.897238,4810,11
4864.013635,3556,1
4864.655806,1554,11
4864.77221,2079,82
4864.99542,2643,1
4865.275257,159,38
4865.526705,2190,41
4865.776306,7686,1
4866.147089,2059,12
4866.898093,6543,35
4867.506313,1843,48
4867.816792,239,2
4868.152958,5282,6
4868.24505,1748,125
4868.250307,2642,17
4868.371045,2465,19
4868.402866,1082,44
4868.405507,1372,19
4868.405684,466,10
4868.523447,7658,67
4868.524589,2186,7
4868.619199,999,1
4868.818578,2909,1
4869.162333,1634,5
4869.833065,994,29
4869.875815,4654,13
4870.127658,2644,70
4870.152305,922,6
4870.158358,4605,25
4870.247688,614,65
4870.322173,1399,9
4871.500348,1848,1
4872.370374,613,8
4872.493692,2344,12
4872.89822,5285,12
4872.994819,1705,9
4873.152497,3944,7
4873.573364,1589,10
4874.155521,6542,15
4874.320332,1744,4
4874.649469,5287,22
4874.652471,7687,13
4874.781422,6810,14
4874.824003,1715,2
4874.901195,2042,15
4875.035542,7685,1
4875.0391,1514,4
4875.069594,5294,33
4875.157931,282,3
4875.254881,2645,18
4875.290482,1515,10
4875.398398,7682,7
4875.56973,3759,97
4875.572531,1590,1
4876.150077,2645,531
4876.542703,5967,29
4876.759246,4043,1
4876.827231,1592,2
4877.249553,7250,1
4877.763629,350,6
4878.403564,3618,1
4878.404049,2276,9
4879.068812,1263,2
4879.145026,1001,1
4880.024088,6030,76
4880.126634,7252,11
4880.139793,1286,3
4880.272782,1316,2
4881.121387,165,4
4881.782476,3224,16
4882.259631,2738,1
4882.619405,52,10
4882.764669,886,181
4883.017191,7675,11
4883.254549,7682,6
4883.390135,1003,17
4883.502502,1148,4
4883.50661,1279,12
4883.527819,141,10
4883.528078,1506,2
4883.65808,1135,3
4884.025418,914,33
4884.495622,1387,7
4884.573789,1451,16
4884.616395,2163,8
4884.899214,3555,26
4884.900377,792,9
4885.364831,1233,1
4885.502172,1388,8
4885.893734,433,1
4886.028984,4412,8
4886.029296,783,7
4886.336903,2566,59
4886.503205,2260,3
4886.509406,343,2
4887.375949,7676,9
4888.626664,1672,27
4888.741166,7682,9
4888.776546,851,2
4888.874952,3965,121
4889.032215,1180,16
4889.273384,5957,12
4890.243321,2802,3
4890.492659,28,4
4890.819239,982,22
4890.89605,2989,55
4891.144655,2133,17
4891.368605,5111,6
4891.743001,3467,4
4891.876478,7368,4
4892.03481,7675,6
4892.117181,5536,1
4892.487289,2432,1
4892.623088,1948,16
4892.628617,2354,14
4892.755977,1212,14
4892.992794,2352,9
4893.254359,1724,5
4893.259497,2802,3
4893.817701,1868,11
4894.019586,4408,1
4894.124693,7683,7
4894.158643,1792,1
4894.162332,2209,13
4894.532444,1188,1
4895.128112,2330,7
4895.281973,1189,52
4895.557377,3334,1
4895.632475,2504,3
4895.648846,1793,1
4895.911275,1568,9
4896.148189,103,12
4897.006869,7684,1
4897.007015,2542,3
4897.377376,7685,64
4897.573881,4098,97
4897.629054,308,14
4897.883101,543,7
4897.911252,105,4
4897.912725,6543,5
4898.020664,6086,13
4898.260715,5986,203
4898.505027,2358,6
4898.506166,2805,9
4898.513197,1214,2
4898.574356,4223,1
4898.883465,708,8
4899.151312,707,9
4899.404865,3141,18
4899.501742,3554,11
4899.537416,1542,11
4899.88267,4278,1
4900.157053,4631,14
4900.319277,2887,23
4900.490263,3556,19
4900.566295,859,24
4900.746315,2164,1
4900.788891,787,1
4900.873618,1782,1017
4900.908964,83,23
4901.298262,4915,1
4901.55141,1957,1
4901.745411,2374,99
4901.746547,128,8
4902.401431,1118,36
4902.759355,1748,1
4902.788974,790,4
4903.54217,3157,10
4903.543246,1181,14
4903.573819,1875,160
4903.629945,7371,4
4903.771024,5166,1
4903.771129,7682,17
4904.06886,7684,1
4904.300578,2648,6
4904.321277,120,9
4904.400324,2275,7
4904.519885,960,30
4904.744138,481,1
4904.994347,6455,1
4905.01916,866,4
4905.24203,4610,2
4905.246542,11,1
4905.901504,1949,1
4906.285727,1793,37
4906.402351,3052,8
4906.744239,2339,16
4906.891478,1146,11
4907.384243,1609,20
4907.5201,3865,11
4907.521021,901,1
4907.531302,491,8
4907.822451,5789,9
4908.036818,2672,9
4908.141894,4611,86
4908.386661,371,2
4908.577007,5118,115
4908.819492,1113,4
4909.142593,637,4
4909.377705,730,3
4909.503142,6454,14
4909.636665,248,2
4909.647225,3377,205
4909.769248,7328,5
4909.818502,1086,1
4910.068501,4195,26
4910.318936,2892,23
4910.829802,1932,53
4911.279249,5919,24
4911.280155,540,34
4911.636637,3517,21
4912.033897,4916,33
4912.037475,2340,3
4912.156813,2165,1
4912.320491,864,46
4912.384307,2049,9
4912.390529,1950,18
4912.782843,772,3
4913.073076,739,8
4913.143827,87,1
4913.395908,899,12
4913.64758,87,3
4913.872834,2789,3
4914.120293,4078,3
4914.125522,3233,34
4914.141944,523,31
4914.485663,1421,3
4915.021358,1704,1
4915.119601,1695,1
4915.265793,1704,2
4915.785335,4918,34
4915.888412,3523,1
4916.32971,1139,8
4916.539187,6046,79
4916.833884,3062,5
4916.871415,1341,311
4917.392151,898,9
4917.39279,89,23
4917.619987,2229,5
4917.623352,1549,8
4917.803526,3155,3
4917.832825,751,88
4918.101974,1696,122
4918.247985,1923,1
4918.548341,1695,2
4918.834062,720,2
4918.994464,7679,6
4918.998801,424,18
4919.082135,1936,29
4919.678358,890,3
4919.73874,2531,8
4919.759682,61,10
4919.868886,1443,1
4919.894268,3059,1
4919.993221,1254,1
4920.762224,7673,1
4920.892163,1382,12
4921.009598,2266,1
4922.284399,6851,9
4922.583368,723,1
4923.083268,9,10
4923.267156,6821,10
4923.328966,1632,4
4923.373323,4618,1
4923.777229,2650,5
4924.026294,2191,1
4924.256845,2661,1
4924.420167,378,1
4924.655348,4469,5
4924.895292,1139,1
4925.031928,1316,5
4925.082922,2261,3
4925.52447,134,16
4925.869544,324,1
4926.015344,329,24
4926.28344,1983,6
4926.399205,4833,3
4926.506639,2535,4
4926.755375,2687,70
4926.770087,6824,8
4927.007537,2664,4
4927.29036,5957,12
4927.75111,895,1
4927.761377,1733,3
4927.871176,419,3
4928.071885,280,1
4928.396374,812,32
4928.508124,4723,45
4928.756239,5750,8
4928.785025,14,1
4929.329982,127,4
4929.753316,2165,9
4930.042527,1192,3
4930.116752,7686,2
4930.279325,1641,10
4930.512813,7406,17
4930.774469,1208,5
4931.153995,2415,19
4931.513759,5703,1
4931.57959,128,13
4931.582153,4331,79
4932.093934,2964,6
4932.504515,1566,3
4933.37562,3499,5
4933.634708,1213,30
4933.634877,1861,135
4933.914225,3060,14
4934.395029,2933,6
4934.881932,2019,28
4935.130015,1811,1
4935.256366,989,20
4935.583451,1701,1
4935.584473,1702,1
4935.822455,1702,22
4935.877142,16,6
4936.081507,7680,15
4936.147101,934,9
4936.645498,1140,1
4936.753279,7681,2
4936.756462,7144,14
4936.830374,2456,11
4937.031015,1619,1
4937.137992,3209,28
4937.253922,355,82
4937.377643,7669,16
4937.516364,1399,1
4937.580579,131,19
4937.636088,605,9
4937.752533,748,4
4937.83115,1646,19
4937.831869,131,19
4937.898458,934,53
4937.901045,935,17
4938.25519,1695,21
4938.498018,7684,3
4938.583616,1705,1
4938.66109,4741,34
4939.084815,1578,1
4939.507975,67,70
4939.512018,3094,4
4940.343125,9,14
4940.377179,1939,2
4940.646681,1142,3
4941.129549,1013,17
4941.396645,5063,16
4941.638881,1910,102
4941.646308,4616,38
4941.879921,1300,22
4942.023703,2201,79
4942.154234,1970,4
4942.28241,4912,19
4942.756497,5497,11
4943.133788,259,3
4943.256867,2201,82
4943.262305,3095,8
4943.911992,1631,14
4944.011345,7685,1
4944.253756,1795,1
4944.894246,1971,3
4945.021609,6164,8
4945.537214,1024,4
4945.995954,2562,3
4946.016146,6165,12
4946.017549,2553,16
4946.628496,5962,127
4946.818894,3725,15
4946.892461,288,1
4947.33435,136,18
4947.337209,779,18
4947.505447,240,1
4947.572207,2548,5
4947.749219,6443,181
4947.758396,3943,4
4948.260158,1676,57
4948.901319,1466,3
4949.008442,7163,10
4949.029804,544,43
4949.070827,2327,1
4949.543322,544,8
4949.616667,3219,71
4949.870369,611,12
4950.006324,1748,60
4950.006705,6169,13
4950.030594,5220,1
4950.123025,7681,13
4950.144852,780,5
4950.329903,3292,28
4950.36882,611,22
4950.395828,242,2
4950.502113,7214,10
4951.871663,613,1
4952.124648,3231,25
4952.570027,5236,52
4952.82568,1483,1
4953.069545,4429,1
4953.623854,1548,9
4953.737325,2588,1
4953.824456,1486,16
4953.830522,2901,46
4954.554133,7684,23
4954.578578,1297,13
4954.739094,7685,6
4954.898975,1088,2
4955.020671,7678,1
4955.05177,1512,2
4955.245734,2836,7
4955.324592,115,15
4955.380834,1519,112
4955.778412,168,16
4956.140436,1142,82
4956.24403,1600,4
4956.280746,1221,9
4956.324286,7685,20
4956.52822,7685,40
4957.018056,1014,64
4957.254778,1420,3
4957.62413,1097,3
4957.624718,19,3
4957.625374,2931,3
4958.004183,4458,18
4958.128953,20,4
4959.370897,3650,4
4959.579682,1545,9
4959.582097,1299,15
4959.781029,1040,6
4959.869654,3226,14
4960.122216,3226,1
4960.56921,3448,8
4960.657035,790,94
4960.659357,594,2
4960.774146,475,1
4961.260599,7259,3
4961.284022,1225,2
4961.371858,1269,8
4961.498616,1808,5
4961.656698,935,17
4961.748471,473,163
4961.827424,1295,17
4961.870101,7686,9
4962.078297,1433,4
4962.14968,272,9
4962.572989,7676,12
4963.070336,2797,1
4963.366134,3185,10
4964.395524,332,19
4964.537677,479,2
4964.818874,1585,1
4965.1232,45,17
4965.252132,903,1
4965.260493,1700,25
4965.498654,1345,3
4965.541561,478,4
4965.640627,3542,112
4966.131967,26,1
4966.257776,2243,40
4966.8873,26,1
4967.083746,4,16
4967.901861,7682,3
4967.995698,7606,8
4968.129814,4354,3
4968.574328,2392,8
4968.633342,2061,1
4968.638842,28,5
4968.759894,1907,1
4968.819803,7244,1
4969.006856,3583,3
4969.070141,3349,5
4969.378431,278,74
4969.494305,6454,82
4969.572263,3348,2
4969.768961,1734,1
4970.127522,2061,4
4970.381523,7687,11
4970.662697,4252,7
4970.663888,4852,5
4970.744499,3255,1
4970.993882,3596,1
4971.322806,3369,5
4971.996921,3452,8
4972.509971,176,23
4973.25353,862,1
4973.493469,6490,73
4974.318978,1148,6
4974.546896,7387,80
4974.622439,647,3
4974.823047,2334,7
4974.826012,331,17
4975.075309,2562,9
4975.119622,130,14
4975.247799,406,10
4975.259049,3395,25
4975.413683,1199,9
4975.866993,1239,1
4976.027279,476,46
4976.146282,4852,1
4976.242641,737,51
4976.491088,2182,1
4976.615657,4765,1
4976.990776,4464,3
4978.152766,7676,5
4978.741354,555,31
4978.762856,2896,3
4978.892526,5015,12
4978.997306,2845,3
4979.398439,2213,3
4979.400871,2591,205
4980.494107,3791,1
4980.743015,526,55
4981.366831,5731,7
4981.869245,6957,6
4982.01748,1340,3
4982.11736,5585,97
4982.503845,3856,9
4982.638625,856,23
4982.740491,933,58
4982.771624,1527,1
4983.27212,448,8
4983.392374,1082,118
4983.525347,893,15
4983.570595,2064,9
4983.642654,3308,9
4983.77857,448,8
4984.070876,1358,1
4984.118838,4769,1
4984.318236,3409,1
4984.367422,5585,28
4984.623839,6958,2
4984.754831,1124,1
4985.120891,3241,1
4985.396724,5806,18
4985.397851,1585,44
4985.50642,34,11
4985.6405,183,6
4985.880569,5398,18
4985.886305,6120,7
4986.002396,2229,1
4986.751597,949,3
4986.82612,1987,9
4986.887688,6439,14
4987.493778,7680,1
4987.495287,2515,2
4987.756802,1878,7
4988.041297,237,19
4989.134468,1259,3
4989.292702,1203,8
4989.405284,379,34
4989.507092,1706,3
4989.626998,426,36
4989.899386,1420,1
4990.035112,1318,9
4990.396734,975,22
4990.514185,2525,30
4990.515077,1080,3
4990.541777,242,19
4990.830325,476,32
4990.833024,7682,5
4990.894755,2961,7
4991.031544,4941,7
4991.073121,7684,32
4991.248443,269,9
4991.256115,2619,1
4991.375216,1519,13
4991.757299,7235,1
4991.820593,3616,1
4991.899118,1593,3
4992.387254,654,2
4993.01381,3666,2
4993.031253,579,4
4993.134986,7680,7
4993.261716,3858,3
4993.396274,1834,11
4993.506188,3888,12
4993.567995,3622,17
4993.882925,1183,8
4994.134445,335,6
4994.135162,7687,17
4994.510453,3667,1
4994.529541,1313,9
4994.877405,2423,1
4995.007943,1310,7
4995.035381,2866,1
4995.245938,1535,7
4995.510647,3071,3
4995.536535,3040,1
4995.642257,826,1
4995.647706,4926,9
4996.007459,7686,6
4996.256387,3608,2
4997.013246,1189,11
4997.075615,2345,4
4997.496662,7685,9
4997.585957,7683,40
4997.743778,863,10
4998.015447,2039,1
4999.084107,2340,1
5000.019529,84,43
5000.118738,4431,10
5000.26322,3629,19
5000.532447,4248,18
5000.885996,7685,30
5002.157556,560,1
5002.324262,2344,6
5002.367396,4841,5
5002.576066,141,2
5003.079236,788,32
5003.079654,142,11
5003.764309,7683,47
5003.820552,1990,38
5004.002211,473,21
5004.128514,2022,8
5004.144282,4953,1
5004.574766,7678,1
5004.639756,7609,1
5005.27721,7686,12
5005.502789,1400,13
5005.777121,592,1
5006.078699,1821,3
5006.496426,7663,1
5006.52508,1233,73
5006.747741,1937,11
5006.780284,1724,3
5007.340404,1838,11
5007.780281,7686,10
5007.832442,1595,4
5007.836921,445,9
5007.865636,2260,12
5007.996166,1400,9
5008.135087,1401,1
5008.276131,2607,37
5008.387575,1464,3
5008.509873,1736,1
5008.513359,1104,2
5008.584051,2688,9
5008.588141,2667,141
5008.58818,7684,1
5008.753742,37,1
5008.754009,1092,43
5009.009437,1835,1
5009.028988,5928,18
5009.088534,796,1
5009.13931,425,8
5009.155755,7685,3
5009.270885,7303,6
5009.507169,420,1
5009.510752,7673,10
5009.578014,2680,8
5009.760381,1981,1
5009.890101,425,8
5010.125315,1255,1
5010.528683,836,16
5010.581225,935,4
5010.78101,3331,31
5010.875779,1584,9
5010.891084,777,2
5011.026884,4006,3
5011.138743,40,3
5011.495693,966,21
5011.894881,3826,127
5012.494791,38,8
5012.837741,935,4
5012.988499,1810,1
5013.08319,2343,14
5013.334511,4756,2
5013.539528,1509,147
5013.635691,2212,3
5013.773099,835,73
5013.773911,2100,58
5013.832951,145,4
5013.883751,1016,17
5013.891027,1990,9
5013.894942,1915,3
5014.753592,102,1
5014.757544,7680,1
5014.987819,2450,1
5015.009469,3917,12
5015.033026,275,1
5015.338391,1740,3
5015.376345,42,4
5015.641321,5299,2
5015.789123,2527,16
5015.843268,1981,14
5015.897686,1912,11
5016.085335,146,20
5016.101269,728,8
5016.259947,7648,1
5016.288649,1796,154
5016.37196,506,17
5016.509283,4359,2
5016.53604,3862,3
5017.513486,2911,40
5017.59114,148,12
5017.657347,67,16
5018.010796,1233,3
5018.125261,7673,12
5018.243017,7680,1
5018.261088,3861,20
5018.541381,2904,1
5018.645975,6847,1
5018.755206,2659,1
5019.001621,2633,11
5019.033474,5180,1
5019.035316,1288,21
5019.14317,2589,2
5019.143375,3676,1001
5019.37121,1259,1
5019.502517,1123,2
5019.758872,1123,3
5020.009207,3861,40
5020.373984,24,2
5020.546762,681,15
5020.744013,1624,14
5020.991706,2000,1
5021.034466,3115,1
5021.254073,3432,7
5021.512424,1089,98
5021.538429,3528,10
5022.007581,1453,12
5022.125654,1261,9
5022.242345,1154,109
5022.876782,526,3
5022.890938,566,3
5022.998049,3225,3
5023.528763,3463,9
5023.741531,1810,1
5024.063874,2076,15
5024.122272,25,16
5024.588339,4309,12
5024.75044,1366,5
5024.889314,3183,1
5024.891987,7289,1
5025.011461,26,2
5025.140209,1956,1
5025.249914,2653,3
5025.829842,1166,15
5026.134763,1355,6
5026.253225,270,7
5026.256529,719,3
5026.29309,1999,1
5026.548073,4117,1
5027.253461,1221,2
5027.389908,576,19
5027.390427,3653,67
5027.505598,7682,103
5027.62019,1680,5
5027.756258,7686,9
5027.773785,1999,8
5027.837282,2731,3
5027.889902,5268,14
5028.033104,1602,9
5028.128792,4105,38
5028.506437,3618,19
5028.527296,4933,3
5028.531074,2120,4
5029.14573,2488,20
5029.378811,767,4
5029.383666,4278,90
5029.511696,1122,23
5029.643856,513,22
5030.035924,1494,5
5030.521422,7682,3
5030.535844,2624,5
5030.877663,1681,1
5031.524521,2494,1
5031.644439,1364,30
5031.739736,1950,14
5031.780553,1499,8
5031.894166,2489,6
5032.02314,2208,3
5032.249654,993,9
5032.320226,2082,34
5033.144457,103,73
5033.261816,1966,7
5033.632433,86,7
5033.748998,7683,1
5033.752751,11,3
5034.137276,2804,196
5034.500411,7680,1
5034.507282,1967,15
5034.541904,2486,3
5034.761273,6461,50
5034.82189,1975,2
5034.822074,1704,4
5035.034513,7683,9
5035.746136,2963,2
5035.749882,3779,4
5035.785406,3452,4
5035.822675,1604,88
5036.073855,2334,2
5036.153737,840,7
5036.159546,7136,1
5036.791449,1052,7
5037.012423,1889,5
5037.040384,5923,3
5037.137936,1367,1
5037.290887,7682,1
5037.505592,1983,5
5038.135363,4247,3
5038.386547,1636,5
5038.507476,525,1
5038.509956,1980,30
5038.64097,241,3
5038.88235,655,106
5039.015407,1314,37
5039.285807,1305,1
5039.375562,1296,9
5040.003231,274,1
5040.388884,242,2
5040.501361,2982,2
5040.888896,242,2
5041.269004,3119,3
5041.538336,2681,9
5042.293057,689,4
5042.389645,782,7
5042.524108,1361,21
5042.997814,2977,6
5043.387642,3262,3
5044.265647,7681,88
5044.640699,2519,10
5044.819808,1181,1
5045.39349,1948,4
5045.893284,3685,21
5046.249667,14,5
5046.259711,2661,4
5046.754156,527,38
5046.788359,2637,1
5047.143614,1959,1
5047.320227,2019,18
5047.58183,785,24
5047.821009,1748,12
5047.883629,3292,3
5048.143292,3241,7
5048.508215,529,1
5048.538299,5957,12
5048.819656,2406,15
5049.257599,2351,4
5049.820162,7679,118
5049.889057,218,13
5050.142704,4461,1
5050.258706,3959,16
5050.261358,5450,7
5050.498785,1747,14
5050.50624,2430,2
5050.541837,691,717
5050.751022,2988,10
5050.751871,2575,3
5050.876203,1779,58
5050.889882,138,1
5051.068564,1448,1
5051.324014,788,13
5051.57585,1448,12
5051.755339,3125,10
5051.833322,1446,9
5052.013961,1361,2
5052.032217,2355,9
5052.328372,2338,3
5052.49702,1398,3
5052.756417,2355,12
5052.787113,7672,1
5052.790732,5997,45
5052.792286,2361,3
5052.827105,790,25
5053.044826,1495,1
5053.072497,325,1
5053.26415,1894,175
5053.319082,58,1
5053.504626,895,7
5053.508938,471,3
5053.635728,3186,9
5054.004669,589,1
5054.006327,473,6
5054.081678,7634,16
5054.822919,2102,5
5054.899597,1941,3
5055.39415,1838,93
5055.796136,7630,15
5056.011006,1166,8
5056.328272,1355,1
5056.391321,1059,37
5056.391607,7679,18
5056.501032,3379,8
5056.501542,5900,4
5056.818457,2431,57
5056.896805,7678,4
5057.141553,5300,13
5057.148556,2693,9
5057.25247,3387,1
5057.647788,291,213
5057.758554,2359,3
5057.829683,2463,19
5057.835247,733,7
5058.397547,2696,2
5059.009766,923,8
5059.538673,2069,3
5059.642737,1311,3
5059.755942,895,3
5059.758746,31,61
5060.072289,734,12
5060.253997,1778,16
5060.2589,3500,11
5060.754044,896,5
5061.039373,660,13
5061.075133,330,8
5061.292729,2712,1
5061.3198,2705,6
5061.539639,7683,9
5061.744197,1413,24
5061.800318,1500,4
5062.018875,2439,1
5062.323159,6611,8
5062.83582,2707,1
5063.281127,5937,3
5063.325406,494,4
5063.395249,43,4
5063.519565,7254,44
5063.537894,4633,9
5063.638885,1079,1
5064.034961,3173,8
5064.516419,2161,1
5064.533561,4393,1
5064.572641,3837,15
5064.827235,2108,9
5065.033256,945,3
5065.51674,4818,3
5065.52397,1591,1
5065.55323,4635,1
5065.567865,2401,2
5065.617323,597,12
5065.745724,2812,2
5066.090012,548,8
5066.091239,735,7
5066.409813,803,34
5066.654312,3008,8
5067.012961,1183,1
5067.031362,2560,1
5067.093477,884,44
5067.51905,3181,7
5067.581282,62,1
5067.837933,62,1
5068.245042,106,44
5068.400799,1185,1
5068.754609,1961,3
5069.122778,1277,9
5069.598663,7301,61
5069.747743,1338,5
5069.828791,67,27
5070.276128,1079,13
5070.534436,543,1
5070.590232,867,2
5070.658937,7679,6
5071.292609,2568,6
5071.578646,2152,2
5071.795161,1594,6
5072.083573,7304,283
5072.084874,6303,14
5072.387203,7672,9
5072.659617,1517,5
5073.005954,5357,7
5073.08374,1768,68
5073.259561,1362,217
5073.263202,3043,6
5073.583525,5107,2
5073.760336,7676,21
5073.90275,4161,1
5075.001714,5358,5
5075.084871,6408,18
5075.401662,809,42
5075.510007,2747,12
5075.540497,7638,30
5075.581542,3419,7
5075.832808,3849,135
5075.874213,2180,1
5076.041151,2874,5
5076.286681,1615,2
5076.536542,7683,17
5076.789008,7641,85
5077.010877,965,6
5077.166222,2389,27
5077.32677,2049,21
5077.509316,2345,39
5077.771378,3307,8
5077.898774,895,158
5078.007931,1243,19
5078.504383,2717,15
5078.512571,7541,1
5079.001755,2471,2
5079.073917,6139,3
5079.652789,3194,13
5079.653152,447,17
5079.907595,2393,16
5079.908002,368,12
5080.00164,1550,4
5080.004858,1042,2
5080.332205,1839,6
5080.513289,1043,1
5080.513968,1245,5
5080.520123,3044,1
5080.757418,2622,3
5081.260683,47,55
5081.365956,1420,25
5081.758527,7686,1
5081.999913,134,20
5082.267276,3093,19
5082.369341,4878,6
5082.758916,3327,127
5083.032652,913,5
5083.831075,2875,4
5083.894937,674,72
5084.014996,1741,5
5084.277344,7609,34
5084.649321,1297,33
5084.868636,2933,6
5085.763416,2197,9
5086.251824,1250,1
5086.263793,1137,1
5086.537956,617,6
5086.760303,827,5
5087.038431,7675,47
5087.067334,2116,19
5088.120123,1621,14
5088.292276,1733,12
5088.640942,812,3
5088.891194,2525,71
5089.009188,2343,44
5089.286876,4914,21
5089.506782,3396,1
5090.504739,4878,1
5090.507956,1285,1
5090.522666,1450,2
5090.552362,1510,49
5090.755497,795,17
5090.866968,7651,15
5091.025106,7549,1
5091.030245,509,35
5091.259221,915,3
5091.329708,2414,13
5091.368425,2991,15
5091.371221,1139,3
5091.520728,2923,9
5091.617024,1215,3
5091.776225,1733,1
5092.016585,3901,3
5092.518624,1167,1
5092.528263,2348,3
5092.768649,2492,358
5093.262304,1864,3
5093.390686,2675,35
5093.579635,1839,78
5093.76802,715,1
5094.006244,2959,11
5094.014553,2570,48
5094.276889,7676,3
5094.514729,2572,4
5094.823341,741,13
5095.07094,76,2
5095.277049,4614,11
5095.321916,741,16
5095.50222,5602,1
5095.520265,7531,1
5095.568887,2192,12
5095.638111,1800,2
5096.026314,2496,173
5096.026331,3905,5
5096.030197,1330,3
5096.127809,1818,1
5096.404892,5725,19
5096.575318,3959,15
5096.577357,2193,24
5096.581873,742,12
5097.037926,3089,135
5097.257858,645,8
5097.320724,1685,9
5097.390479,3837,6
5097.756557,4225,1
5097.82072,1210,51
5098.039178,1855,6
5098.068856,7678,12
5098.122105,2282,6
5098.324099,7678,9
5098.572473,830,21
5098.625758,4785,1
5098.77793,4316,1
5099.022648,2997,6
5099.147242,3705,1
5099.400401,7674,6
5099.405121,897,14
5099.52883,4616,6
5099.529416,7681,48
5099.663859,1166,7
5099.756178,3268,6
5099.757622,7556,1
5099.833719,2986,8
5099.834247,743,10
5100.087827,566,15
5100.129099,4109,5
5100.398228,188,1
5100.574128,7679,20
5100.655083,3854,149
5100.743947,7488,15
5100.795895,1378,1
5100.991047,2220,3
5101.144521,190,17
5101.413564,1704,1
5101.494675,1434,4
5101.591024,567,4
5101.904488,2682,8
5102.037619,1382,16
5102.393285,1387,20
5102.592071,1374,15
5102.784619,5886,11
5102.877104,3314,1
5102.989123,6624,1
5103.010063,1236,20
5103.138047,4722,2
5103.289846,5802,5
5103.76887,2791,35
5103.770565,7646,13
5103.823886,847,1
5104.03705,674,4
5104.153483,1156,3
5104.37614,1526,4
5104.632706,575,19
5104.831774,745,6
5105.08481,1825,23
5105.406129,5663,8
5105.49168,3117,6
5105.61798,576,1
5105.649995,3663,1
5105.83277,1576,73
5106.901883,5546,373
5106.989118,1722,20
5107.029763,2455,15
5107.510761,2334,2
5107.529786,1791,91
5107.831483,1191,1
5108.661711,1949,1
5108.836371,1418,20
5109.249094,2705,115
5109.570992,1212,16
5109.62228,2731,28
5110.081097,7284,7
5110.271135,280,1
5110.582788,1118,4
5110.586389,502,41
5110.880289,3320,1
5110.88219,2808,6
5111.383852,368,4
5111.401335,34,73
5111.747317,2381,32
5111.910156,5274,76
5111.990561,2975,12
5112.133417,3295,1
5112.138551,2759,6
5112.253579,4324,8
5112.280016,3359,3
5112.51202,7672,2
5112.654089,1917,14
5112.828385,3039,5
5113.03075,1490,6
5113.032293,2464,94
5113.151432,3665,22
5113.49463,1015,3
5113.505493,249,6
5114.142604,656,2
5114.383171,1832,1
5114.394012,1074,3
5114.887157,581,834
5115.082777,1696,4
5115.641366,2333,6
5116.133216,3037,33
5116.388575,1833,20
5116.595394,2381,5
5116.595887,7686,38
5116.994102,1368,1
5118.392726,1056,3
5118.625992,1196,76
5118.766055,2041,1
5119.503629,2320,49
5119.537953,495,1
5119.757615,1999,50
5119.758703,7282,1
5119.8365,326,18
5119.99557,1019,57
5119.998019,7360,3
5120.039096,1463,4
5120.042121,1855,6
5120.294229,1465,7
5120.769354,3985,7
5120.83611,1980,5
5121.130789,7676,18
5121.897323,2406,16
5122.01126,1281,45
5122.034745,610,12
5122.13658,652,2
5122.160606,3508,116
5122.538317,1374,6
5122.885272,231,13
5122.914006,5679,5
5122.91583,4626,1
5123.000375,7675,13
5123.146943,894,3
5123.246086,1200,119
5123.297731,3194,1
5123.328479,1590,46
5123.746711,2633,129
5123.767444,2648,154
5124.244245,3391,19
5124.24765,1579,4
5124.260158,7629,6
5124.382891,7686,2
5124.738715,1023,2
5125.259831,2949,13
5125.284091,1694,9
5125.490436,1344,37
5125.58424,264,2
5125.64581,1005,4
5125.825296,7683,1
5126.025672,2010,21
5126.283908,457,1
5126.499562,6327,14
5126.553756,4087,54
5126.555121,556,16
5126.57433,2525,11
5126.762564,794,5
5126.783957,458,1
5127.32034,182,21
5127.648518,4017,20
5127.650109,7680,1
5127.738041,6583,5
5127.822211,182,1
5127.89985,115,1
5128.011516,3989,3
5128.042739,3476,4
5128.042826,4432,18
5128.044079,4587,16
5128.084077,4643,28
5128.11811,1014,16
5128.159306,2340,1
5128.748987,6584,15
5128.836951,183,1
5129.034023,1618,4
5129.149299,44,1
5129.15047,3837,12
5129.407194,44,7
5129.654095,44,1
5130.154507,259,5
5130.489291,4338,154
5130.654123,2401,3
5130.659278,7666,3
5131.010725,6972,1
5131.618727,1493,12
5131.623156,1333,15
5131.834842,1020,35
5131.905504,2293,1
5132.533005,2645,7
5132.830575,3242,2
5132.869522,3430,9
5132.992278,1422,9
5133.409238,261,19
5133.502708,126,25
5133.995448,125,14
5134.29033,3197,1
5134.374197,195,37
5134.580325,1599,3
5134.778332,2813,7
5134.827615,1990,4
5134.90267,1342,1
5134.998541,5824,2
5135.391254,2444,13
5135.578108,1241,40
5135.901005,5412,5
5135.905422,2569,7
5136.133481,3435,12
5136.13581,7422,34
5136.151675,50,6
5136.265243,3110,47
5136.28978,1691,4
5136.390128,2972,2
5136.651759,659,1
5136.775116,3442,24
5136.818009,1989,3
5136.822491,2762,14
5136.896759,1162,12
5136.989821,7654,36
5137.005565,1617,3
5137.076063,329,18
5137.496471,911,47
5137.53551,670,520
5137.778656,1780,3
5137.876821,1021,7
5137.999854,5435,2
5138.03538,1780,3
5138.246971,2293,10
5138.276281,611,20
5138.568353,84,9
5138.645569,1297,24
5138.646301,661,26
5138.651735,1184,26
5139.025608,1382,1
5139.244118,3400,8
5139.528701,4324,3
5139.628379,3037,3
5139.883044,19,3
5139.886795,1337,35
5140.071578,1792,3
5140.253394,1272,27
5140.324281,1033,8
5140.326473,2340,24
5140.529261,1537,1
5140.818995,1241,25
5141.507123,2345,5
5142.13225,1340,1
5142.328246,4930,33
5142.329472,2231,4
5142.516811,5705,21
5142.762287,2163,4
5142.779624,3413,15
5143.000976,1130,1
5143.013342,1918,3
5143.138891,665,1
5143.51361,2909,3
5143.526933,3412,14
5143.572014,2233,2
5143.629322,5823,45
5143.895203,6328,21
5144.075158,2803,165
5144.320278,645,1
5144.658778,1379,18
5144.76278,645,14
5144.781262,88,21
5145.02703,1389,1
5145.030926,1800,28
5145.540265,671,11
5145.754428,4362,21
5145.755216,3962,76
5146.079928,2542,1
5146.145759,2296,3
5146.504177,1819,1
5146.507995,1869,6
5146.524806,5451,10
5146.655628,5707,21
5146.775405,1436,4
5146.892084,1380,2
5147.009651,693,1
5147.498691,3691,6
5147.534254,2812,4
5147.832044,1976,1
5148.510435,1872,2
5148.533946,7071,3
5148.589045,1623,9
5149.279805,4898,12
5149.321952,6339,25
5149.326865,1382,2
5149.387006,3954,1
5149.388257,7686,12
5149.395728,2159,8
5149.501718,6591,1
5149.506603,3193,49
5149.510218,227,1
5149.781487,92,16
5149.785519,1555,1
5150.407385,2160,8
5150.535561,2540,11
5150.567595,1369,7
5150.642473,5851,2
5150.75373,3028,13
5150.896747,2376,20
5151.123438,3456,26
5151.256443,1951,4
5151.370836,5460,13
5151.512333,228,13
5151.513391,1778,5
5151.753946,7680,27
5151.755848,229,13
5151.825294,639,244
5151.898356,1767,7
5152.00745,346,9
5152.077808,390,24
5152.278857,1497,34
5152.403224,59,1
5152.495717,1308,1
5152.532172,4899,2
5153.023593,2813,3
5153.329029,1872,6
5153.409883,102,9
5153.618206,817,1
5153.776494,3920,30
5154.008183,6724,22
5154.147641,5810,3
5154.258151,1590,16
5154.321344,930,4
5154.368305,1109,4
5154.649348,2515,14
5155.126353,2071,14
5155.279681,3940,3
5155.520763,2046,11
5155.627836,1494,11
5155.771847,2046,2
5156.153003,7680,1
5156.568019,1639,9
5156.632019,2406,10
5156.990491,2271,4
5157.26092,1913,386
5157.550978,443,2
5158.400554,1312,7
5158.639871,70,80
5158.755131,3733,14
5159.029992,1330,15
5159.08694,2068,13
5159.091406,804,3
5159.641742,979,12
5160.375115,7676,1
5160.572792,1386,2
5160.763162,2097,2
5160.997868,797,2
5161.250324,1964,9
5161.258562,5345,3
5161.74961,1976,6
5162.033328,7564,11
5162.254183,1898,9
5162.27094,2436,5
5162.274921,1401,50
5162.37721,850,1
5162.521894,510,19
5162.522067,1810,1
5162.531866,7685,2
5162.579631,2545,12
5163.0432,7668,6
5163.116,6587,10
5163.772023,2483,25
5163.831008,2244,1
5163.869191,6937,13
5163.893693,1254,14
5164.141731,76,31
5164.828782,3106,13
5165.015644,422,3
5165.037743,2001,1
5165.083969,1878,6
5165.138487,76,34
5165.243071,2361,10
5165.256407,800,22
5165.532215,3119,8
5165.534823,7566,5
5165.648107,2306,9
5166.072584,509,15
5166.381469,3098,3
5166.654902,2516,12
5166.742716,3729,3
5166.744686,1399,9
5166.780211,1800,1
5166.900306,2338,9
5167.078756,3095,3
5167.584602,1714,1
5167.838133,1451,26
5168.012487,2047,3
5168.405964,4856,3
5168.581553,2510,11
5168.758015,1800,2
5168.900926,1260,8
5169.246896,2282,13
5169.740628,1791,2
5170.028195,1760,5
5170.132869,7679,2
5170.262142,1319,24
5170.337813,1882,14
5170.494864,7684,8
5170.655102,1323,2
5171.151472,1154,19
5171.32413,6406,12
5171.498236,1269,22
5171.511966,5121,47
5171.57624,2423,14
5171.888022,3212,24
5171.89981,7516,12
5172.081488,783,29
5172.406605,4387,3
5172.582948,2954,2
5172.776177,1900,10
5173.246279,981,10
5174.028358,2605,1
5174.028655,3328,3
5174.125661,1175,8
5174.497314,2043,13
5174.658432,3904,52
5175.015424,7575,21
5175.080254,1373,8
5175.250537,7684,3
5175.494057,2455,16
5175.526713,1600,169
5175.759851,6141,12
5176.023109,2812,6
5176.737237,1842,2
5177.091476,109,1
5177.153256,765,111
5177.247397,2179,1
5177.746678,5091,1
5177.893796,3430,13
5178.24389,1302,3
5178.823122,1569,4
5179.885528,17,8
5179.992535,7674,19
5180.274793,3128,1
5180.655682,1878,4
5181.020353,6687,12
5181.024157,1584,3
5181.241622,5001,22
5181.398051,2414,17
5181.906876,101,145
5182.130133,2290,144
5182.275776,1403,1
5182.367647,1470,9
5182.399186,3198,1
5182.583023,1357,1
5182.653586,3255,1
5182.905576,18,83
5183.028118,874,32
5183.031888,5783,1
5183.158188,1881,1
5183.321643,903,37
5183.511553,2211,53
5183.764157,7685,4
5183.781134,4010,8
5183.987975,6469,9
5184.074551,1385,28
5184.822242,1074,13
5184.878503,4016,13
5184.996139,2080,2
5185.025183,1400,10
5185.500477,1917,1
5185.51629,431,118
5185.528476,715,72
5185.52854,1369,102
5185.879969,2351,1
5186.23956,2300,39
5186.389695,223,15
5186.528765,2045,4
5186.652043,2416,18
5186.778305,1319,5
5186.825554,2414,5
5186.889964,222,16
5187.073846,1388,1
5187.492552,5025,3
5187.495343,3077,22
5187.534008,2351,67
5187.571003,1901,1
5187.987507,3041,9
5188.019744,4562,12
5188.388206,1294,2
5188.528221,1955,15
5188.770876,7650,17
5188.891489,3416,3
5189.015976,1021,2
5189.265284,679,2
5189.500746,3887,2
5190.034106,1577,3
5190.578313,2558,40
5190.626083,1514,3
5190.775295,1403,35
5190.779525,1579,10
5190.780186,3263,388
5191.085206,1390,19
5191.275123,2299,2
5191.645464,7686,22
5191.780585,1338,21
5191.883413,658,4
5192.266632,2045,8
5192.333464,7686,5
5192.335333,3744,32
5192.496026,1309,6
5192.633544,498,49
5193.024623,1650,2
5193.081287,2387,3
5193.402031,3136,31
5193.892314,2543,30
5194.003116,2990,6
5194.00423,3262,1
5194.025999,1942,8
5194.277962,2741,62
5195.04477,2658,4
5195.275524,2745,11
5195.641694,4294,10
5195.642439,3699,3
5195.837736,3761,13
5196.376016,3455,15
5196.389727,2743,83
5196.521305,3340,13
5197.632035,2743,3
5198.005701,1566,2
5198.148032,5300,113
5198.148211,7675,14
5198.519588,7676,7
5198.523751,163,1
5198.584202,3453,13
5198.629549,1934,7
5199.077876,3453,10
5199.25154,1780,48
5199.388479,5994,74
5199.549638,2660,14
5199.625889,7684,3
5199.627153,648,1
5199.80016,1732,8
5200.575878,34,9
5200.763242,935,7
5200.816772,35,9
5201.370952,7681,96
5201.510546,244,8
5201.649785,2701,11
5201.751766,2818,12
5201.888919,865,9
5201.888987,7107,5
5201.890319,1089,5
5202.072185,880,35
5202.52922,164,3
5202.621679,522,13
5202.646034,745,84
5202.646395,2190,1
5202.756484,1462,15
5202.887227,85,1
5203.368291,6226,3
5203.751724,4963,3
5203.793323,317,1
5204.007465,6026,5
5204.258094,2152,11
5204.258436,7334,2
5204.316903,1426,1
5204.510327,47,58
5204.512413,156,2
5204.570783,3044,1
5204.572848,883,20
5204.751379,3411,1
5204.78961,607,4
5205.006272,4514,9
5205.010929,7684,1
5205.260178,1600,12
5205.261101,7390,14
5205.270609,1228,4
5205.501442,1489,13
5205.546236,608,1
5205.573026,1955,22
5205.753608,2547,13
5205.756408,7335,1
5205.90404,194,16
5205.905228,1468,1
5206.122781,2242,2
5206.895313,2335,3
5206.999942,7509,102
5207.251538,6682,11
5207.282253,4038,299
5207.322674,6048,8
5207.403281,941,5
5207.533052,169,1
5208.282523,1641,117
5208.755195,3112,2
5209.25805,7684,1
5209.505336,7679,85
5209.57536,1270,13
5210.075255,3034,6
5210.506024,1556,1
5211.071056,2606,1
5211.51598,2183,4
5211.521476,1483,14
5211.741535,7659,3
5212.039939,1843,1
5212.504011,2725,26
5212.570244,1742,4
5212.827792,1605,2
5212.828658,2298,49
5212.894081,942,3
5213.133662,26,13
5213.489484,6667,1
5213.775851,1409,15
5214.249032,2976,3
5214.31942,7115,10
5214.397277,425,5
5214.573034,600,1
5214.783893,7676,18
5214.895859,4032,8
5214.997048,830,6
5215.152354,2357,1
5215.154393,1772,14
5215.155805,7430,21
5215.3999,4970,19
5215.534271,2932,105
5215.576107,611,16
5216.742818,5040,591
5216.838026,1655,18
5216.901246,1772,6
5216.990893,7680,3
5217.241826,1521,22
5217.259429,3933,1
5217.538968,2946,314
5217.589454,5526,12
5217.630161,101,69
5217.660498,822,58
5218.400059,2344,5
5218.513894,81,11
5218.514202,4651,15
5219.274211,246,8
5219.326743,837,1
5219.406055,927,2
5219.789141,2330,1
5219.794399,620,3
5220.010576,1482,11
5220.04186,479,25
5220.392298,2341,3
5220.629624,1727,40
5220.644915,7680,10
5220.782946,484,23
5221.053131,3200,1
5221.057678,3143,8
5221.317385,1476,26
5221.502517,2812,3
5221.828424,275,3
5222.036253,5915,39
5222.508695,1170,19
5223.071794,2608,9
5223.074797,2689,20
5223.125613,1787,92
5223.594004,1147,1
5224.296105,1592,15
5224.331354,242,3
5224.649526,1311,4
5224.750211,821,12
5225.015543,2889,43
5225.156711,5658,3
5225.270175,3209,1
5225.290022,347,1
5225.535975,496,28
5225.588801,1863,1
5225.654853,7676,43
5225.764952,2978,87
5225.848205,838,1
5226.076938,1862,8
5226.077312,115,2
5226.74059,3773,4
5226.74101,6476,11
5226.766569,3148,3
5226.991789,7679,55
5227.266716,2821,8
5227.340419,2690,11
5227.519034,2687,1
5228.035551,736,1
5228.135726,5217,6
5228.239382,3105,3
5228.280016,738,14
5228.573523,862,1
5229.010768,2405,17
5229.089745,5529,15
5229.093481,1838,3
5229.382952,1222,6
5229.542168,90,2
5230.005277,2831,10
5230.08041,559,37
5230.381219,1269,95
5230.642295,7530,5
5230.790362,7315,8
5231.149356,1923,1
5231.244212,1606,1
5231.336307,200,9
5231.990523,2010,9
5232.353557,1163,1
5232.399755,923,1
5232.399893,7685,3
5232.742734,1160,9
5233.27757,1560,3
5233.58022,2615,42
5234.090388,5447,1
5234.333477,114,35
5234.415243,1122,9
5234.586794,58,6
5235.00659,32,33
5235.006768,2892,742
5235.155507,7681,3
5235.15626,51,2
5235.26022,242,2
5235.404206,1221,27
5235.877156,674,11
5236.259284,33,1
5236.382106,1573,76
5237.147138,1926,1
5237.149986,1223,21
5237.150245,3691,3
5237.254484,2008,3
5238.015446,897,6
5238.523143,1260,13
5238.57173,1481,4
5238.763913,734,32
5238.764331,130,1
5238.764948,244,60
5238.820355,3486,81
5239.0046,3923,2
5239.080545,7682,1
5239.252679,965,22
5239.329522,7119,1
5239.371785,3058,3
5239.521721,897,6
5240.012224,2495,3
5240.584291,3047,9
5240.880032,1560,55
5241.085091,366,5
5241.137292,144,2
5241.887566,1836,18
5242.588347,367,1
5242.640201,504,12
5242.840479,367,2
5243.018115,26,5
5243.26961,2174,14
5243.521359,2525,13
5243.74756,973,6
5243.781888,2335,21
5243.833423,2545,27
5244.248229,1602,2
5244.50818,1264,30
5246.374538,2265,1
5246.506558,269,1
5246.780898,87,5
5246.89488,1692,3
5247.031065,1228,14
5247.89386,565,9
5248.282197,1589,6
5248.322818,122,28
5248.39021,7529,11
5248.551835,7662,9
5248.882923,1115,4
5248.992439,3714,11
5249.788013,7671,7
5250.075601,111,54
5250.128819,2844,8
5250.133868,1342,28
5251.266542,4968,58
5251.629148,7685,3
5252.036635,2618,8
5252.084941,60,1
5252.250417,3991,17
5252.334304,7684,6
5252.39302,7529,17
5252.549833,2236,1
5252.644991,374,3
5252.747846,2234,1
5252.997611,6037,1
5253.07823,2333,7
5253.078539,1544,8
5253.133427,263,4
5253.133849,440,1
5253.576716,3847,3
5254.505514,156,19
5254.569827,6008,16
5254.646613,515,2
5255.010753,3067,4
5255.078833,16,12
5255.125924,3991,30
5255.245881,7685,1
5255.268692,1048,3
5255.507181,6077,2
5256.039246,1290,19
5256.04004,1421,1
5256.14052,254,4
5256.153746,2429,5
5256.251984,2976,23
5256.506129,1606,11
5256.786657,3607,2
5256.790038,1658,23
5256.817186,121,21
5257.323108,1449,5
5257.778092,1599,5
5257.817968,7680,6
5258.761402,1574,1
5258.818383,7680,1
5258.873047,4849,5
5259.064859,123,1
5259.282303,2577,7
5259.285345,3792,1
5259.399555,257,17
5259.756045,1023,26
5260.003968,7531,15
5260.286501,7681,17
5260.379002,3994,16
5260.573026,128,24
5260.763618,4325,16
5261.002555,6502,2
5261.531195,1597,130
5261.537233,318,2
5261.826983,3638,18
5261.901206,7685,2
5262.014699,1574,41
5262.400701,1065,9
5262.404687,266,1
5262.516454,1172,18
5262.770836,4035,1
5262.781821,1603,5
5263.129874,7681,7
5263.272803,3298,10
5263.277089,1608,43
5263.318082,1908,14
5263.398478,4093,15
5263.901875,1934,10
5264.256979,3911,13
5264.638524,3252,1
5265.251963,708,3
5265.324193,4257,71
5265.541271,2528,5
5265.79845,1071,7
5266.011942,3751,1
5266.139024,1936,22
5266.139105,1339,21
5266.271613,847,3
5267.128572,2090,2
5267.58245,2755,347
5268.019818,1168,10
5268.515644,3751,6
5268.582544,15,231
5268.787635,1376,19
5268.878254,3455,3
5269.029791,1176,9
5269.036593,7668,26
5269.296485,1676,4
5269.51003,7531,1
5269.630814,2967,48
5269.778394,7638,25
5269.874576,695,3
5270.514815,6198,97
5270.586646,14,255
5270.587486,7665,3
5270.647705,7685,19
5270.748462,6164,9
5270.832457,812,9
5271.014489,7675,7
5271.015669,1752,10
5271.379138,2128,19
5271.868397,2615,11
5272.643523,5073,2
5273.123793,1742,3
5273.14477,2574,2
5273.284204,3130,9
5273.529982,1901,14
5273.753353,7682,43
5273.836238,1685,27
5274.334724,2528,11
5274.546835,6120,9
5274.632707,2469,37
5274.796836,1912,5
5275.065541,3742,1
5275.259197,965,3
5275.755788,4028,9
5275.778196,386,17
5276.000699,1898,1
5276.002005,968,1
5276.029416,1618,3
5276.391381,3870,3
5276.491158,6202,5
5276.534177,4604,1
5276.581169,508,334
5277.004529,2167,8
5277.035264,2490,2
5277.333595,1139,1
5277.39156,1765,1
5277.74731,2704,2
5277.900246,447,1
5277.901903,2450,1
5278.008429,1900,1
5278.077901,3197,3
5278.377643,1505,3
5278.509849,1901,1
5279.008138,3909,11
5279.008311,5732,3
5279.333181,4099,8
5279.781853,520,2
5280.029328,1622,17
5280.255734,7686,12
5281.009718,1749,21
5281.123098,2100,3
5281.255923,1749,37
5281.259009,2775,1
5281.332667,7610,1
5281.381969,1902,13
5281.75409,2046,4
5281.897081,7682,1
5281.902072,2985,3
5282.027585,1546,115
5282.39271,7669,3
5282.65323,974,1
5283.326659,1495,9
5283.753366,7681,5
5283.879136,1844,85
5283.905848,5595,2
5284.161529,1219,3
5284.528038,7679,10
5285.014066,5786,24
5285.527607,2521,45
5285.646348,998,3
5285.781047,2390,6
5285.897537,906,12
5286.269333,1242,2
5286.288788,2933,16
5286.87782,1275,10
5286.998989,255,3
5287.319551,1310,2
5287.368332,3869,9
5287.401409,5908,14
5288.007466,475,3
5288.651216,1760,7
5289.004691,1944,34
5289.039767,6926,1
5289.540853,6120,8
5289.635839,701,9
5289.753397,1274,15
5290.256121,2176,25
5290.395181,3230,2
5290.639772,5631,4
5290.823615,5132,9
5290.827611,704,11
5290.997268,417,40
5291.080842,3204,2
5291.081969,1852,15
5291.132289,7684,2
5291.50898,1850,71
5291.755894,1410,1
5292.28553,2539,34
5292.617924,4020,1
5292.639278,7675,11
5292.828149,599,12
5293.008166,1755,9
5293.508743,7683,13
5293.512473,3757,9
5293.527395,546,13
5293.744648,3381,18
5293.830014,1485,6
5294.150579,7682,9
5294.53641,5095,2
5294.835762,188,5
5295.070131,5140,2
5295.074013,134,16
5295.075574,954,46
5295.367896,894,58
5295.747522,1395,9
5295.897773,984,79
5295.898498,740,17
5296.023045,1447,358
5296.077297,1849,20
5296.152171,2510,3
5296.522885,189,13
5296.744617,7589,4
5296.837761,1801,1
5296.84162,7663,2
5296.90149,580,6
5296.901797,430,12
5297.274715,1284,1
5297.278208,4036,3
5297.778094,1276,15
5297.820734,1802,1
5297.821748,2718,1
5298.276633,2028,4
5298.320675,2590,1
5298.38795,1027,2
5298.49095,6516,2
5298.778617,2946,40
5298.992226,6080,6
5299.075582,2339,9
5299.148115,1259,3
5299.378124,2768,8
5299.666056,3787,16
5299.774559,2611,3
5300.078154,3655,29
5300.146353,30,6
5300.631765,537,1
5301.13389,1076,6
5301.379463,1077,13
5301.415882,1699,29
5303.510745,2264,19
5303.528681,190,15
5303.630256,159,1
5303.821871,2582,4
5304.507231,7686,3
5304.865608,2343,1
5305.399933,6294,9
5305.511072,2031,2
5305.627483,1528,12
5305.893865,259,1
5306.296244,4934,17
5306.37072,1168,3
5306.538387,7686,24
5306.64481,6294,9
5306.753889,6549,1
5306.774653,1597,10
5307.545479,712,156
5307.658731,2004,6
5307.664287,261,10
5307.820684,604,18
5307.867489,895,561
5308.071635,780,18
5308.367513,849,2
5308.571805,196,206
5308.90567,1714,18
5309.090894,781,4
5309.125256,2997,3
5309.148497,7616,3
5309.503704,5404,5
5309.543108,3894,163
5309.587024,3050,4
5309.760619,493,3
5310.786278,3337,15
5311.15774,7616,11
5311.507143,7686,27
5311.751497,869,4
5311.901292,3885,5
5312.253426,1813,13
5312.27207,6229,3
5312.275831,2749,2
5312.769499,88,1
5313.003022,1810,20
5313.016739,2675,1
5313.149312,307,2
5313.264536,203,3
5313.325604,224,14
5313.528021,1978,46
5313.572368,828,9
5313.770406,204,36
5314.26156,1540,2
5314.768875,1294,3
5314.772295,1340,3
5315.627321,1953,3
5315.887791,536,28
5316.027768,1977,10
5316.502816,1248,1
5316.644766,2683,3
5316.756549,276,45
5317.504163,1346,2
5317.645161,2102,10
5318.25633,885,26
5318.504475,2508,11
5318.508972,2278,9
5318.545154,1633,10
5319.002046,4323,9
5319.031906,1633,17
5319.126559,2113,6
5319.749695,957,15
5320.005756,7686,11
5320.757082,1260,121
5320.910107,538,19
5321.027265,2758,12
5321.267528,670,3
5321.335467,1867,3
5321.506464,691,2
5321.791959,6609,2
5322.004189,633,4
5322.007679,672,1
5322.272209,311,31
5322.379484,7445,17
5322.632466,158,1
5322.641336,4016,2
5323.009215,673,1
5324.506932,1261,169
5324.575292,852,12
5324.652639,2934,1
5324.653068,2701,11
5324.657823,3206,12
5325.279284,2394,7
5325.657621,2223,1
5326.004119,403,34
5326.254978,1261,15
5326.75437,404,116
5326.786522,1216,1
5327.042791,568,31
5327.587083,1080,27
5328.163982,1741,61
5328.331548,627,15
5328.661359,1199,11
5328.819656,3342,9
5329.077835,57,1
5329.130381,2900,1
5329.283537,1222,12
5329.386856,161,22
5329.511673,951,21
5329.652255,3370,1
5329.883124,2835,3
5329.885477,7684,30
5330.162746,3675,27
5330.252678,963,1
5330.505578,7663,31
5330.822836,578,21
5331.07318,2314,1
5331.088188,2243,16
5331.280253,1237,78
5331.320226,3676,27
5331.407934,455,11
5331.512687,7683,15
5331.646442,3909,16
5331.757319,2420,44
5332.004967,1193,118
5332.009265,1345,3
5332.154615,3008,58
5332.327527,1745,19
5332.572127,1395,24
5332.646743,258,30
5332.870653,7681,10
5333.073636,769,13
5333.141786,1760,1
5333.514797,142,2
5333.521777,569,43
5333.766999,840,85
5334.076827,433,17
5334.07752,2317,12
5334.373187,2965,26
5334.509084,286,13
5334.509491,1470,16
5334.824657,2601,1
5335.140193,7675,3
5335.392266,378,1
5335.576816,2743,9
5335.780758,4907,8
5336.140823,7683,15
5336.145169,378,1
5336.267797,7674,31
5336.272313,1096,3
5336.581332,3156,3
5336.775546,1224,5
5336.835687,805,81
5337.145716,1075,3
5337.274908,621,1
5337.391958,1379,1
5337.500986,2925,16
5337.533901,676,16
5337.664096,377,56
5337.666213,7681,18
5337.994569,898,2
5338.078615,792,9
5338.500101,7686,1
5338.77599,4379,17
5338.776093,3007,1
5338.777325,1717,3
5339.015017,1246,7
5339.025774,2897,29
5339.159351,1362,294
5339.527196,7670,2
5339.644505,1522,81
5339.884211,169,1
5340.013788,2413,3
5340.516497,342,1
5340.575904,261,15
5340.894708,7191,3
5340.988671,2896,1
5341.077439,2406,28
5341.620479,2471,35
5341.6256,2083,43
5342.269306,1354,49
5343.124711,7680,17
5344.245881,2231,2
5345.3235,3691,13
5345.37809,1194,58
5345.507407,1851,65
5346.008555,2488,41
5346.277045,2738,53
5346.506665,689,3
5346.623522,1061,173
5346.87965,2484,17
5347.004576,1304,14
5347.031971,7662,21
5347.150626,404,13
5347.504877,1294,76
5347.531203,738,869
5347.893897,380,10
5348.75605,2020,28
5349.030641,7665,18
5349.072408,3306,128
5349.391772,4351,57
5350.044725,1979,11
5351.491078,1376,6
5351.750573,5840,1
5352.753412,2440,18
5353.246856,7679,6
5353.649155,363,3
5354.139897,3157,4
5354.28433,682,19
5355.365594,2476,6
5355.394018,2271,7
5355.507497,6202,6
5355.512779,1298,1
5355.536268,7686,1
5355.567911,2598,5
5355.785424,1278,1
5355.879668,557,14
5356.035704,1732,12
5356.268478,1433,3
5356.269533,7686,12
5356.293412,2752,16
5356.375367,1076,1
5356.523828,7675,3
5357.266122,7682,12
5357.545915,638,1
5357.640468,3159,31
5357.755763,1594,4
5358.067837,2690,1
5358.262782,1514,9
5358.26741,2441,1
5358.286281,2954,3
5358.390624,1773,7
5358.538811,681,54
5358.764852,7686,10
5358.890263,1256,100
5359.033381,1439,1
5359.124271,2480,3
5359.267878,413,13
5359.536779,1425,52
5359.644679,2243,1
5359.76754,5472,16
5360.019052,2442,15
5360.020203,3182,12
5360.261352,415,5
5360.288563,1865,58
5360.293839,1297,3
5360.534869,643,70
5360.786866,1282,1
5360.866362,1419,1
5361.153878,1760,1
5361.284386,1282,9
5361.803531,4119,3
5361.996921,3383,1
5361.997331,1062,9
5362.637229,53,64
5362.767421,1091,3
5362.888309,643,10
5363.504224,1489,7
5364.026893,1780,1
5364.249383,4898,49
5364.396203,1113,3
5364.777517,94,59
5364.781374,2921,12
5365.028619,1813,214
5365.258087,5132,9
5365.261016,522,5
5365.274132,1781,39
5365.274471,7669,14
5365.322571,2056,3
5365.575209,190,11
5365.773901,7669,23
5365.774843,1048,22
5366.147913,1301,7
5367.325752,2808,13
5367.395379,900,13
5367.489674,2978,1
5367.544343,1147,1
5367.82736,2219,8
5367.879195,4324,16
5368.039105,1395,61
5368.039165,126,28
5368.069263,511,1
5368.641527,2561,1
5368.888802,7685,9
5369.14065,1147,1
5369.256114,818,5
5369.325622,976,11
5369.331637,69,13
5369.393508,1638,12
5369.39453,1148,1
5369.569627,3594,6
5369.743924,5241,3
5369.820524,2315,1
5370.147537,1302,3
5370.282709,1801,2
5370.286036,4748,8
5370.504746,1493,1
5371.035117,1923,13
5371.151235,1876,3
5371.531534,1565,1
5371.751017,1798,4
5371.769739,371,43
5372.881654,4616,101
5373.07673,1951,13
5373.14831,2567,1
5373.274443,5521,15
5374.256672,966,93
5374.274187,373,4
5374.323907,3622,15
5374.327764,1609,1
5374.515468,1806,1
5374.522082,739,5
5374.637437,1743,2
5374.643677,2366,43
5375.010428,2786,3
5375.273327,7663,1
5375.274113,2749,13
5375.50139,2806,32
5375.503291,1495,10
5375.518964,232,14
5375.637816,7684,8
5375.775464,1996,3
5375.890697,3609,31
5376.032029,131,19
5376.033065,38,187
5376.138738,1864,9
5376.525631,2443,1
5376.882105,4181,34
5377.141602,1140,15
5377.259257,6479,3
5378.014683,1944,3
5378.01858,2773,65
5378.079532,5451,7
5378.120625,2945,13
5378.280865,38,112
5378.502332,5782,9
5378.774608,1624,16
5379.023273,1585,17
5379.024489,1787,5
5379.072058,3416,6
5379.569881,3623,32
5379.622738,7685,7
5379.750177,1833,5
5380.000993,1812,1
5380.158625,2950,13
5380.274356,1815,79
5380.326085,518,315
5380.491318,1834,3
5380.61427,1422,8
5380.637992,2985,5
5380.75139,2248,5
5380.754754,965,15
5380.767395,1440,7
5381.075123,4536,11
5381.580654,2427,5
5381.745418,3696,30
5381.769738,1849,398
5382.025439,2487,2
5382.539881,1335,90
5382.743165,3084,15
5382.870911,1670,4
5382.890961,2227,13
5383.011544,2935,19
5383.072241,3316,8
5383.323894,4066,14
5383.494816,3048,4
5383.823429,7686,1
5384.118547,2869,13
5384.147455,2452,14
5384.251928,2259,3
5384.396489,2985,10
5384.490832,967,13
5384.637016,2985,1
5384.742067,967,9
5384.776734,1676,58
5384.868232,571,1
5385.25025,6442,5
5385.279117,1930,4
5385.494546,452,6
5385.588536,2868,11
5385.898295,301,1
5386.004942,4596,22
5386.087935,7675,2
5386.119164,1779,1
5386.124258,2713,4
5386.146042,2264,3
5386.242932,261,9
5386.529944,2595,9
5387.028344,2216,1
5387.080617,4716,25
5387.118305,1155,2
5387.33458,2539,4
5387.507354,4083,11
5387.548678,1151,7
5387.746537,651,37
5387.752304,5120,76
5387.789853,1933,1
5388.046973,7685,565
5388.051326,105,37
5388.118239,2081,1
5388.148155,2364,17
5388.545023,413,38
5389.336122,7686,9
5389.746679,3082,2
5389.784553,712,2
5389.890985,4010,8
5390.017948,427,4
5390.292546,2115,5
5390.333126,3237,4
5390.515068,1151,1
5390.768892,2457,8
5391.628505,836,6
5392.075889,1960,11
5392.124569,150,1
5392.126111,1820,1
5392.256072,2113,21
5392.269716,1149,1
5392.618662,1422,11
5393.118937,1820,5
5393.3902,2945,1
5393.752732,4299,14
5393.767672,758,23
5394.288691,7451,21
5394.622729,1822,11
5394.64658,3338,3
5394.648922,1160,10
5395.014497,3117,1
5395.018809,1410,47
5395.505397,1983,2
5395.52689,2042,9
5395.989947,2495,4
5396.237924,266,4
5396.378629,3697,29
5396.393419,227,10
5396.774295,5111,2
5396.990245,1086,45
5397.159286,2369,26
5397.334206,722,3
5397.569873,4685,11
5397.762211,1935,1
5398.001669,1070,5
5398.026964,7683,20
5398.072533,1575,6
5398.255115,1093,16
5398.257592,988,9
5398.266492,2651,28
5398.288889,1088,3
5398.519389,1501,25
5398.519634,1334,12
5398.768465,3294,64
5398.825576,2159,4
5399.023974,1334,22
5399.25334,1024,10
5399.261634,241,38
5399.380228,2593,1
5399.512037,5220,1
5399.627592,860,1
5399.62808,849,6
5399.76813,6214,4
5399.822484,3225,2
5399.872662,860,5
5400.078963,1879,8
5400.247627,6215,1
5400.289616,5305,1
5400.327799,7669,1
5400.510759,388,1
5400.513095,3056,10
5400.75007,1337,1
5400.820962,2970,3
5401.07737,7681,19
5401.143199,1989,36
5401.255539,621,37
5401.299866,2421,2
5401.390483,1154,11
5402.005773,3058,6
5402.009393,1338,2
5402.251044,2518,11
5402.260669,421,13
5402.28754,7684,9
5402.756128,760,8
5403.002133,7680,16
5403.255381,4636,27
5403.285777,1572,49
5403.536308,562,129
5403.748776,6215,40
5404.002638,268,7
5404.071908,538,167
5404.540149,5365,8
5404.542966,1367,3
5404.774711,1123,3
5404.777019,10,9
5405.754058,2243,16
5406.029712,7355,16
5406.756319,7684,34
5407.001165,2172,2
5407.005996,1009,25
5407.54628,2033,1
5408.007369,1835,7
5408.012339,1011,9
5408.144592,7201,8
5408.272506,1662,3
5408.575147,2082,5
5409.266549,3017,20
5409.541047,1344,2
5410.137938,577,236
5410.260658,1023,1
5410.325829,1530,17
5410.390219,2475,5
5410.50768,7672,1
5410.571154,869,21
5411.08722,334,6
5411.261888,2426,14
5411.510285,443,4
5412.015993,2899,1
5412.328309,4088,1
5412.753966,1947,8
5413.013803,449,17
5414.074864,1876,7
5414.762397,2045,1
5414.773341,2406,17
5414.776461,1190,82
5414.886099,2161,2
5414.888319,33,17
5415.069671,310,12
5415.640464,1972,1
5416.005939,1502,2
5416.006064,3148,33
5416.006232,4841,2
5416.258587,291,1
5416.259455,2198,2
5416.515512,1509,1
5416.773955,1034,2
5416.902786,775,1
5417.392579,5301,1
5418.082106,542,1
5418.256045,302,58
5418.397471,2228,53
5418.401385,3995,1
5418.513565,1845,1
5418.519059,6853,13
5418.900594,2908,5
5419.141628,5122,1
5419.256751,2418,59
5419.274608,1792,17
5419.39968,2399,58
5419.503045,1036,23
5419.652206,3518,3
5420.078451,1262,327
5421.147245,2189,4
5421.248603,1755,28
5421.759536,3079,22
5421.763892,623,1
5421.832541,957,13
5421.869885,1241,12
5422.338699,2684,1
5422.52854,1333,12
5422.576703,119,23
5422.6564,2780,59
5423.020681,1307,4
5423.122404,2771,70
5423.272601,1865,11
5423.400701,6515,40
5424.488791,341,40
5424.537986,1756,84
5424.586714,479,6
5424.783071,732,5
5424.99348,1446,3
5425.124643,982,7
5425.327205,3083,24
5425.829344,1792,1
5426.538389,1172,4
5426.623536,3335,22
5426.755448,1341,5
5426.760928,2050,139
5426.874972,2343,18
5427.038509,1411,27
5427.285031,734,10
5427.505601,7675,4
5428.008413,407,2
5428.375015,1024,14
5428.388252,2557,3
5428.390213,5074,3
5429.000154,1797,1
5429.8863,5088,1
5429.992808,1891,33
5430.643533,1322,27
5430.752555,6839,13
5430.822474,1504,39
5430.826078,1120,13
5431.639007,1532,6
5431.640869,7666,1
5432.08132,7035,1
5432.150656,7668,2
5432.777316,173,16
5432.991721,1530,3
5433.141456,2474,31
5433.328986,1615,14
5433.396026,444,10
5433.630406,1787,58
5433.831272,560,13
5433.999009,2614,1
5434.088342,7686,12
5434.149055,2562,4
5434.150956,2180,1
5434.411041,2857,10
5434.525442,3341,1
5434.527802,1060,3
5434.659195,2476,10
5434.750067,2115,1
5434.755013,2103,5
5434.900288,905,9
5435.021491,2963,85
5435.084582,4642,7
5435.527468,2963,15
5436.653214,7673,4
5437.01759,3093,20
5437.08065,869,128
5437.290574,2965,2
5437.292502,1976,2
5437.899963,3799,208
5438.004975,913,19
5438.252549,693,1
5438.50164,3512,24
5438.648716,3585,5
5438.649655,2862,15
5438.649954,3064,2
5438.907602,1561,1
5439.009812,2817,11
5439.254074,4502,9
5439.516429,2461,16
5439.532294,632,1
5440.044853,4604,9
5440.544918,633,4
5440.835396,733,25
5441.023246,835,2
5441.023703,2503,1
5441.035279,297,6
5441.268378,835,9
5441.28058,1579,6
5441.578405,4706,9
5441.621132,2763,14
5442.337259,4273,3
5442.577845,7686,1
5442.752361,477,2
5443.029074,604,7
5443.152036,3290,6
5443.499511,591,12
5443.513352,837,20
5443.652373,908,75
5443.780581,634,22
5443.831598,1553,3
5444.003616,2558,48
5444.523753,7672,2
5444.528537,839,2
5444.575643,1961,67
5444.902032,2570,2
5445.02575,4607,26
5445.083674,1251,3
5445.114224,1527,3
5445.249477,7669,3
5445.50231,1565,1
5445.580162,637,4
5445.760094,5515,7
5446.023498,5411,1
5446.07661,1253,32
5447.265362,913,1
5447.831215,943,52
5448.006119,241,8
5448.57819,2459,18
5448.775668,765,3
5449.022269,688,2
5450.64854,2745,313
5450.889927,845,3
5451.096374,4410,2
5451.506317,2411,16
5451.643351,910,114
5451.644909,885,15
5451.902827,886,10
5452.153927,5106,12
5452.575071,2416,1
5453.018938,1170,1
5453.260746,1246,1
5454.396602,571,19
5454.39688,1505,1
5454.505963,1589,6
5454.784368,266,145
5455.261428,1963,1
5455.324449,2111,3
5455.383252,338,66
5455.641107,32,3
5455.891451,4460,96
5456.140471,3549,9
5456.286309,1136,1
5456.316506,2430,1
5456.387185,3917,11
5456.762317,1026,13
5456.872615,2227,13
5457.041826,3442,16
5457.315631,7685,1
5457.501578,1027,9
5457.579194,241,7
5458.134825,7671,9
5458.387462,1794,24
5458.889066,5115,4
5458.895518,391,6
5459.256941,3112,8
5460.005778,7672,17
5460.030308,1350,2
5460.145743,3699,66
5460.250675,761,2
5460.39483,450,2
5460.545427,1625,2
5460.583677,2590,9
5460.628726,2409,13
5460.997772,1353,1
5461.284918,1292,16
5461.501393,7686,11
5461.577329,2598,1
5462.001775,1401,9
5462.081514,7673,1
5462.083886,7676,4
5462.140917,1348,67
5462.144512,657,1
5462.506591,3371,9
5463.083044,4803,3
5464.27712,1654,1
5464.532517,7576,1
5464.781518,1326,11
5464.784591,7681,1
5465.136383,660,6
5465.533214,740,3
5465.660347,4205,76
5466.122064,3876,3
5466.276916,191,1
5466.397919,3885,29
5467.012781,2015,12
5467.279572,375,13
5467.334547,2704,71
5467.534083,987,13
5467.82411,7322,14
5468.009971,2417,1
5468.024665,7677,2
5468.244682,7249,9
5468.271285,639,19
5468.322009,2435,3
5468.366946,4668,16
5468.390608,7677,6
5469.127171,3990,3
5469.237968,1892,1
5469.264586,1184,1
5470.240585,7684,3
5470.388611,2119,12
5470.393022,2755,2
5470.585615,1576,28
5471.009013,482,8
5471.09348,3028,3
5471.299223,194,15
5471.517378,1676,2
5471.534707,893,13
5471.636629,1773,58
5471.886303,2118,130
5472.375673,1835,15
5472.636766,1835,4
5472.78306,723,7
5473.135809,1584,3
5473.138981,172,21
5473.543309,4047,14
5474.260174,1794,2
5474.817838,2255,3
5474.819341,1393,1
5475.035236,1318,19
5475.259744,2834,55
5475.546904,2213,9
5475.88354,1340,2
5475.997882,1271,54
5476.382222,4124,1
5476.391196,95,7
5476.508488,1820,14
5476.751898,538,2
5476.783512,7682,21
5476.886187,1383,1
5476.887712,2277,10
5477.254548,1300,47
5477.340485,1279,22
5477.498085,2200,10
5477.541377,947,3
5477.642423,3252,9
5477.642787,70,5
5478.260351,2281,65
5478.391317,1607,30
5478.502929,518,14
5478.586234,1285,16
5478.635079,7629,28
5478.890185,1605,10
5479.003747,2054,3
5479.010375,1303,43
5479.273905,2592,17
5479.577761,3321,4
5480.136834,3995,4
5480.751507,3349,31
5481.138109,4973,1
5481.253776,7683,1
5481.279377,2096,14
5481.579188,1360,2
5481.637701,1436,14
5481.640716,3010,1
5481.754797,1373,13
5482.261085,1373,5
5482.3384,7291,23
5482.580918,1174,5
5482.749874,2430,15
5483.540306,1324,4
5484.033849,1324,4
5484.083366,578,11
5484.0876,2109,1
5484.28634,145,15
5484.520789,2453,27
5484.525427,1307,34
5484.833965,1751,3
5485.040006,7680,1
5485.263344,1591,32
5485.394201,1802,20
5485.398391,7682,4
5485.755973,5822,4
5486.140298,2083,3
5486.253037,7673,1
5486.290001,4049,3
5486.334865,7086,201
5486.396611,5854,25
5486.498641,1039,2
5486.780971,7681,1
5486.872117,1048,18
5487.022665,7441,17
5487.618435,2628,1
5487.745411,1377,1
5487.882868,1710,80
5488.120123,1951,19
5488.125415,1786,64
5488.253861,2504,9
5488.324893,3323,9
5488.501256,1486,1
5488.537169,400,22
5488.540589,256,17
5488.620551,4151,3
5488.643868,2354,7
5488.769106,2323,55
5489.539382,322,1
5489.543445,1993,3
5489.616379,1231,1
5489.647332,50,23
5489.754055,4482,1
5489.760073,4588,8
5489.781104,515,13
5489.874061,4192,5
5489.887424,1491,39
5490.044912,1145,5
5490.124632,4074,3
5490.241372,7686,2
5490.376237,1346,70
5490.512195,2235,4
5490.625565,7637,7
5490.895288,1505,2
5490.896576,2175,3
5491.081785,2463,35
5491.509829,4889,36
5491.568174,7685,1
5491.823386,2716,10
5492.018352,4636,3
5492.127772,5096,13
5492.249247,3734,9
5492.390393,2182,3
5492.490417,1033,6
5492.63638,804,32
5492.739902,584,8
5492.901344,1793,1
5493.066864,490,1
5493.140141,1789,1
5493.38318,2717,11
5493.880343,1959,11
5493.880567,1257,5
5493.995823,1904,50
5494.531786,3451,15
5494.874879,1076,173
5495.004244,1211,1
5495.152059,2470,17
5495.384232,1635,3
5495.739936,1038,4
5496.009969,1305,15
5496.237896,1283,9
5496.270746,327,8
5496.584644,2653,6
5496.584936,6597,46
5496.626528,2686,1
5496.628576,1314,6
5496.74232,4840,18
5496.99503,1338,7
5497.004184,2937,4
5497.090756,7686,22
5497.583294,1289,13
5497.778843,1150,6
5498.005554,200,1
5498.126807,7660,26
5498.260352,200,1
5498.58802,2289,23
5498.996136,1290,1
5499.133053,1070,14
5499.136727,2721,25
5499.31936,1179,1
5499.494754,3837,3
5499.523339,7678,1
5499.57461,1684,2
5499.777205,7679,7
5500.151867,7227,145
5500.507681,3732,3
5500.742687,7375,4
5500.821762,6071,7
5500.996151,3382,64
5501.248412,3942,127
5501.298467,6022,1
5501.30099,6837,28
5501.575437,1685,1
5501.631372,1205,2
5501.822662,552,15
5501.896635,856,1
5502.072037,7085,8
5502.368008,4669,71
5502.750096,1074,1
5502.788222,4651,4
5503.244173,1826,16
5503.750179,1075,5
5504.129891,1065,4
5504.251728,4622,10
5504.631044,7646,18
5504.759948,1966,286
5505.008702,4428,1
5505.038637,645,1
5505.407136,763,1
5505.759677,308,12
5505.763458,401,1
5506.240087,3770,1
5506.243437,3393,2
5506.277795,1277,79
5506.641538,7669,1
5506.758498,2803,5
5506.776131,2102,1
5507.029087,2102,5
5507.753348,1060,1
5507.764044,2549,1
5507.775426,1549,49
5508.013473,213,1
5508.8338,929,10
5508.890335,2703,4
5509.3708,2710,3
5509.510771,2803,2
5509.641827,4502,2
5509.7788,7678,14
5510.141472,1215,5
5510.243468,2440,21
5510.527098,4172,3
5510.776327,7535,6
5511.004259,1080,1
5511.029303,4172,3
5511.031045,1081,34
5511.079634,6566,4
5511.260445,7683,7
5511.572261,6566,4
5511.752628,143,15
5512.893421,2765,48
5513.13486,1670,291
5513.243943,1496,6
5513.244735,3115,7
5513.51841,7074,3
5513.759519,3044,90
5514.043634,1038,26
5514.044708,7537,4
5514.141955,1447,1
5514.576554,2203,2
5514.57742,2767,8
5514.621435,1217,7
5514.902027,7677,8
5515.397881,28,4
5515.839615,1416,6
5515.903704,1503,9
5516.289295,3467,15
5516.50391,3763,11
5516.870883,7570,2
5517.254702,615,9
5517.499763,1106,9
5517.658059,2184,2
5518.342816,2363,19
5518.374523,2143,2
5518.410358,2182,2
5518.512077,1567,9
5518.62264,2380,76
5518.754893,1068,4
5518.902474,1424,21
5519.263843,893,8
5519.370388,1241,1
5519.394389,3090,9
5519.822648,7672,12
5520.123123,1448,10
5520.156671,7677,5
5520.251031,617,1
5521.155699,1933,16
5521.409064,7676,12
5521.871728,98,11
5521.898248,41,28
5522.018822,1210,17
5522.251408,756,10
5522.897377,1939,17
5523.254224,1334,3
5523.293626,2115,23
5523.877779,1453,5
5523.878086,100,24
5524.119771,1029,3
5524.370907,4670,4
5524.374649,2943,1
5524.499006,5184,9
5524.631547,1454,19
5524.999227,2311,8
5526.042548,388,5
5526.048057,873,4
5526.628005,2009,20
5526.788259,2130,39
5527.082226,1593,15
5527.119583,102,15
5527.789446,1422,14
5527.872735,7679,13
5527.872903,1981,14
5528.09205,302,6
5528.092349,1593,19
5528.253543,6757,5
5528.752318,1401,1
5529.371594,416,14
5529.5056,2110,5
5529.512229,5525,4
5529.513208,2840,8
5529.755534,1636,1
5529.896357,1942,15
5530.003092,4426,1
5530.579788,6681,717
5530.779139,3777,2
5531.005011,1517,7
5531.014789,1272,8
5531.026075,1815,175
5531.029553,2856,30
5531.143566,1271,1
5531.529557,1684,4
5532.526885,5151,76
5532.648439,1947,15
5533.002589,6862,7
5533.138113,6956,8
5533.371141,1982,1
5533.37509,1219,1
5533.58758,3238,3
5534.569607,1363,16
5535.255955,6858,19
5535.741337,1420,9
5535.758114,3465,3
5535.897767,7678,5
5536.248617,4354,19
5536.275222,2099,13
5536.582022,7686,20
5536.744065,1545,24
5536.745342,1198,23
5536.775715,1325,1
5537.005567,3144,15
5537.247282,3335,3
5537.590278,1820,15
5537.75758,4428,6
5537.829858,6552,9
5538.153425,5444,5
5538.513082,1205,1
5538.578233,826,14
5538.823187,2613,2
5538.991246,2215,8
5539.243396,1443,12
5539.515763,4924,11
5539.517166,525,24
5540.028361,2357,1
5540.08517,22,13
5540.247973,1067,22
5540.770458,1278,5
5541.258041,2255,13
5541.496922,7682,18
5541.759915,1215,1
5542.324421,943,44
5542.391181,150,4
5542.40179,3545,120
5542.518036,7683,23
5542.82962,359,159
5542.877272,833,21
5543.521536,7669,18
5543.52387,1685,1
5543.592974,2575,3
5543.778611,5360,3
5543.784507,3697,24
5544.013605,5526,13
5544.189895,5101,2
5544.381032,2399,18
5544.547545,1248,3
5544.589413,2578,8
5545.254102,1192,15
5545.339439,2052,8
5545.49113,4432,3
5545.588466,2192,7
5545.652821,7240,58
5546.089884,2501,205
5546.250073,2371,5
5546.263328,1685,10
5547.076959,3163,8
5547.334268,4748,25
5547.753296,2504,13
5548.252694,1039,6
5548.395185,3554,9
5548.586375,1680,7
5548.82178,1394,14
5549.321225,367,3
5549.504587,7685,13
5550.155555,3128,3
5550.536986,4903,8
5550.578762,1871,7
5550.638392,2299,14
5550.65156,3128,3
5551.049045,2176,17
5551.62203,3205,9
5551.64715,1812,16
5551.651526,1497,169
5551.753474,2143,26
5551.755185,822,16
5551.898771,1295,6
5551.902705,857,154
5552.519825,905,1
5552.527515,2375,1
5553.339974,155,16
5553.747426,1832,6
5553.756329,1039,6
5554.241659,218,14
5554.647713,4988,36
5554.743754,1083,7
5555.029464,850,1
5555.030379,7657,4
5555.255045,1687,16
5555.540961,5722,6
5556.039149,2185,27
5556.538713,1873,4
5556.570122,1927,16
5556.894598,1846,3
5556.897283,2600,5
5556.995841,1288,2
5557.032415,4097,9
5557.142573,647,1
5557.285438,229,8
5557.494678,716,1
5557.659978,1266,57
5558.254003,4604,5
5558.257599,3800,3
5558.26187,4641,2
5558.29189,2976,4
5558.785495,1321,179
5559.740507,2166,64
5559.759009,827,16
5559.996782,765,34
5560.260908,2283,91
5560.663483,4391,4
5560.995816,2119,3
5561.505836,1092,12
5562.151124,4038,9
5562.323069,1794,13
5562.49492,2488,8
5562.531911,4103,1
5562.552547,230,10
5562.754408,3808,6
5562.989827,1093,1
5563.660147,3127,1
5563.665673,3137,6
5563.907452,986,3
5564.148545,1294,5
5564.391309,1709,1
5564.414278,2038,127
5565.00814,1688,138
5565.071204,1647,31
5565.505737,7686,13
5565.509714,2638,8
5566.003323,2476,9
5566.076824,3433,4
5566.144001,47,22
5566.525013,340,2
5566.757902,294,6
5567.029587,1101,2
5567.279946,277,5
5567.774385,5583,23
5568.025143,1810,9
5568.071419,2201,2
5568.536975,701,12
5568.910221,2711,5
5569.013932,5650,1
5569.025259,2198,1
5569.276198,1647,1
5569.757799,1444,24
5570.333528,900,81
5570.402546,7673,7
5570.83315,2612,26
5571.023246,1298,5
5571.144067,3214,7
5571.253943,1530,23
5571.389706,5966,6
5571.518108,2257,13
5571.632021,2303,30
5571.759031,1066,5
5571.835678,2613,1
5572.335484,883,3
5572.398835,5452,11
5572.494719,2537,3
5572.527732,1207,1
5572.649624,2134,20
5572.650181,793,4
5572.764284,2824,7
5573.265336,3817,4
5573.516347,133,9
5574.016501,2033,199
5574.08963,337,3
5574.148348,651,20
5575.021331,7686,10
5575.520159,3632,3
5575.641027,447,3
5575.898908,662,17
5576.294108,830,14
5576.522507,586,1
5576.540529,2418,24
5576.583828,184,3
5576.639882,488,212
5576.743252,807,58
5576.897379,3759,3
5576.989937,1585,7
5577.125335,1497,1
5577.251414,1067,4
5577.538147,2503,89
5577.650031,1812,14
5577.791803,339,3
5578.135697,3386,100
5579.068997,2916,9
5579.159073,5974,4
5579.65326,817,1
5579.654675,3252,9
5580.143306,2390,1
5580.388471,3386,38
5581.049708,733,9
5581.417812,182,9
5581.506786,1108,1
5581.792889,4112,5
5581.875102,2177,9
5582.070685,3618,19
5582.157431,3129,3
5582.15907,7683,3
5582.283049,5190,1
5582.513625,3467,88
5582.650869,7680,12
5582.767123,7686,1
5582.99672,7349,3
5583.270983,4685,9
5583.375111,1752,6
5583.904331,7662,1
5584.075409,440,1
5584.257052,1208,5
5584.655413,865,1
5584.754219,2627,1
5585.030327,1325,1
5585.568665,1119,98
5586.005158,459,3
5586.255381,2434,13
5586.25694,2213,3
5586.503435,435,1
5586.505099,615,1
5586.508268,2582,79
5586.536728,1537,22
5586.753107,2168,15
5587.246192,616,1
5587.663167,633,7
5587.748433,6710,1
5588.240197,1459,1
5588.261824,3638,16
5588.537676,246,14
5588.586063,3294,14
5588.744063,847,1
5588.839369,2194,3
5588.907959,7685,17
5589.588151,4283,11
5589.61912,1942,2
5589.6242,1848,52
5590.034241,7271,1
5590.267859,2487,79
5590.335366,1001,1
5590.372064,2594,1
5590.409051,7679,1
5590.410257,1732,3
5591.007841,462,22
5591.077215,2246,4
5591.117415,2595,8
5591.118441,1724,21
5591.499436,1210,2
5591.574672,6725,6
5593.372359,2493,16
5593.51518,4564,10
5593.519634,1602,19
5593.765854,1973,3
5593.88708,1967,38
5594.261664,851,10
5594.39161,1782,3
5594.505439,1720,3
5594.569471,3520,9
5594.635447,870,3
5594.870242,553,14
5594.891948,873,171
5595.008355,5386,1
5595.643982,1868,55
5595.769708,1982,9
5596.037984,439,3
5596.255683,2502,56
5596.256679,4576,1
5597.001515,2263,43
5597.082549,772,18
5597.24854,1080,4
5597.323572,2087,18
5597.53822,3440,3
5597.567146,3023,10
5597.888686,3181,30
5597.889122,479,2
5598.003559,1620,6
5598.00647,7686,2
5598.122958,1288,24
5598.277553,1329,16
5598.516752,3095,67
5598.817608,632,3
5599.392099,2814,3
5599.871714,761,1
5600.007843,3306,7
5600.61951,4127,17
5600.820529,597,9
5601.042475,1716,7
5601.137727,7637,8
5601.510128,1591,39
5602.002815,3196,11
5602.141977,869,4
5602.515891,1882,5
5602.873347,1214,21
5603.07537,5800,1
5603.080165,4548,280
5603.26734,4583,1
5603.324168,2129,34
5603.36755,2724,9
5603.413612,1288,1
5603.751028,757,23
5603.751107,2019,25
5604.252852,3529,18
5604.390496,2820,18
5604.521422,1882,8
5604.747506,1415,53
5604.822198,7682,22
5605.070788,3284,1
5605.120051,954,1
5605.540343,6316,3
5605.542556,3664,6
5605.621705,1288,3
5605.754646,5391,6
5605.90342,834,49
5606.081534,2625,8
5606.153972,628,52
5606.263136,5278,9
5607.15835,2830,1
5607.257481,5805,2
5607.516205,2821,19
5607.764696,2199,7
5608.296055,2471,12
5608.531371,487,15
5608.752996,855,144
5608.759316,691,12
5608.759563,1017,1
5608.868916,2454,3
5609.31766,1108,61
5609.405659,577,2
5609.521688,852,5
5609.534747,2138,1
5609.62353,2455,1
5609.754683,1093,14
5610.127376,399,2
5610.164684,7659,8
5610.369582,2008,3
5611.116946,7676,4
5611.257884,270,9
5611.629279,2455,2
5611.74718,1808,9
5611.777156,2696,1
5612.533265,2120,62
5613.00067,5801,6
5613.253137,415,41
5613.372414,3093,9
5613.373036,1299,5
5613.575213,905,1
5613.873245,2432,3
5614.000928,4691,8
5614.263889,1091,4
5614.286467,6850,62
5614.369297,7663,31
5614.542809,5279,9
5614.621598,2434,9
5614.873406,4173,23
5615.016065,7683,9
5615.124481,3770,1
5615.14608,872,11
5615.148479,7657,1
5615.826254,437,3
5616.632559,2437,14
5616.778802,7650,2
5616.881933,2437,23
5617.025405,1205,16
5617.391739,4504,135
5617.658773,5897,14
5617.875087,2131,1
5618.029846,1396,9
5618.036304,627,7
5619.652631,7683,22
5619.837515,5906,9
5620.080535,2686,86
5620.270681,2120,3
5620.284971,1897,4
5620.636168,1616,1
5620.636618,6774,37
5621.073826,397,18
5621.135718,2440,1
5621.260899,621,4
5621.506795,1076,1
5621.53505,493,1
5621.885014,521,136
5622.38384,4945,6
5622.507476,3526,10
5622.754767,3216,1
5622.757475,264,1
5623.036288,1295,11
5623.084979,2599,102
5623.155033,7679,3
5623.251142,3216,7
5623.281087,4975,22
5623.404847,1329,1
5623.41056,6777,64
5623.504605,7685,1
5623.637934,1677,9
5623.65212,3542,2
5623.820513,1997,2
5624.149264,1211,3
5624.275974,833,6
5624.398233,7683,8
5624.527376,55,11
5625.124157,1069,7
5625.780224,294,18
5626.323734,5174,18
5626.775958,3936,13
5626.885162,2372,3
5626.888902,3252,17
5627.127668,2733,3
5627.274419,8,34
5627.326376,119,3
5627.507116,2529,52
5627.752656,2259,11
5627.756468,7662,5
5627.82212,1018,15
5627.99921,7670,1
5628.625843,522,107
5629.263983,263,18
5629.395675,1187,3
5629.882688,1818,13
5629.895354,5471,24
5630.154734,1887,5
5630.877315,773,18
5631.379753,412,14
5631.770307,58,9
5632.0277,12,40
5632.074801,403,14
5632.148147,52,83
5632.582435,3032,11
5632.757232,3502,3
5633.010235,266,16
5633.081156,4029,2
5633.153243,1789,65
5633.253831,2116,14
5633.254296,638,16
5633.513368,1348,12
5634.530326,3935,70
5634.582037,132,1
5635.150157,1681,1
5635.280278,3073,17
5635.524604,613,13
5635.536722,2144,2
5635.653625,1379,3
5636.025171,2580,2
5636.092984,1876,19
5636.119671,2595,5
5636.123286,3806,3
5636.290739,2143,1
5637.51167,857,1
5637.891823,2676,9
5637.99418,3234,1
5638.285915,324,1
5638.286702,1186,49
5638.400111,2572,6
5638.540522,1321,84
5639.084822,2807,18
5639.342732,1797,6
5639.51116,2022,1
5639.648655,2087,5
5639.788765,109,1
5639.82606,119,1
5640.121855,3847,7
5640.126767,2678,10
5640.282097,838,74
5640.398151,2905,6
5640.533836,3016,3
5641.087797,191,16
5641.337371,1300,8
5641.514965,2148,9
5641.631307,7687,13
5642.013819,2021,9
5642.088335,1799,3
5642.373197,339,1
5642.755107,3058,2
5643.336176,2083,176
5643.540404,331,5
5643.545517,777,2
5643.619629,3848,14
5643.87431,2440,34
5643.87586,1489,121
5643.995678,1662,3
5644.148829,1628,14
5644.268377,2913,2
5644.367278,3849,5
5644.508366,7677,15
5644.540437,677,6
5644.75889,5084,71
5645.244562,226,2
5645.375964,7687,48
5645.39858,1753,266
5646.336388,6202,10
5646.340344,1103,2
5646.989577,928,2
5647.507055,7301,28
5647.511024,7683,12
5647.826714,1619,10
5647.889184,1262,10
5647.993767,929,4
5648.083408,6205,9
5648.24861,652,5
5648.254583,1369,23
5648.257615,7686,14
5648.274103,333,13
5648.901738,2301,5
5649.150123,347,5
5649.753398,4608,2
5649.834797,7162,15
5651.012672,4942,3
5651.130978,3943,16
5651.259346,3082,37
5651.511255,562,18
5651.516259,786,9
5651.650617,409,1
5651.773037,7673,4
5652.325979,1210,13
5652.899056,1670,13
5653.133892,2445,5
5653.257884,2635,11
5653.50907,3184,3
5653.659762,1269,1
5654.25875,757,1
5654.261336,2110,2
5654.627363,1819,13
5654.758016,441,8
5654.759473,2615,1
5655.017633,1093,2
5655.022596,73,3
5655.026727,2004,34
5655.160165,1111,1
5655.378858,16,18
5655.395892,1297,9
5655.504398,1451,5
5655.514607,800,11
5655.587305,413,2
5655.648198,1145,33
5655.764757,3457,9
5655.773359,2254,1
5656.078338,133,2
5656.154599,2904,3
5656.157895,1270,247
5656.403623,1659,10
5656.403788,323,13
5656.406592,51,3
5656.902145,2013,3
5657.286414,3528,6
5657.290601,803,8
5657.40882,6048,44
5657.886129,1923,1
5658.010575,1368,1
5658.012744,211,16
5658.145585,249,37
5658.749461,1623,175
5658.987834,610,2
5659.035326,75,1
5659.038239,143,18
5659.248671,2977,59
5659.402698,2379,5
5659.50529,1600,1
5659.737851,2296,10
5660.075572,1361,79
5660.494266,5714,1
5660.507603,1002,9
5660.508635,215,13
5660.912132,126,125
5661.013044,2352,3
5661.288721,7685,1
5661.634399,1819,9
5661.636288,2444,7
5661.844703,806,3
5661.882354,2482,9
5661.903153,7675,29
5662.153175,249,19
5662.154113,248,1
5662.252535,317,1
5662.546519,3569,29
5662.546846,1854,4
5662.649376,4250,13
5662.755237,317,8
5662.758497,558,123
5663.576076,7230,5
5663.835542,161,2
5664.002041,1988,27
5664.037239,1422,9
5664.040452,7672,147
5664.154319,7663,1
5664.996862,2140,17
5665.03344,144,6
5665.349852,3675,11
5665.582939,5295,73
5665.586261,3734,5
5665.833418,950,1
5666.021258,144,5
5666.373354,1477,3
5666.535304,917,83
5666.74272,3805,26
5666.82961,406,3
5666.895997,2323,17
5666.897349,2932,6
5667.498047,662,29
5667.898278,1613,11
5667.98776,7684,40
5668.087584,3793,3
5668.146663,7677,23
5668.287785,3404,1
5668.28876,4898,4
5668.622843,409,1
5668.830145,2083,20
5668.880255,2637,3
5668.894866,7379,126
5668.898976,2935,2
5669.247634,4738,20
5669.371408,1907,87
5669.402726,7652,18
5669.491545,279,7
5669.525066,4898,6
5669.540557,3688,1
5670.008286,1378,7
5670.010109,223,74
5670.013836,2150,1
5670.116897,1814,1
5670.252229,1064,5
5670.500818,868,4
5670.501185,803,4
5670.527068,704,23
5670.571426,273,3
5670.776515,7685,22
5671.003216,6801,22
5671.319451,5296,9
5671.366727,2321,134
5671.494559,422,13
5671.870438,1602,1
5671.876613,1954,15
5671.897369,3033,10
5672.004006,1382,4
5672.027974,1563,10
5672.242456,673,1
5672.569094,7683,2
5672.569336,1946,1
5672.991714,673,9
5673.36605,3842,42
5673.50148,7683,1021
5673.820598,2540,25
5673.87547,2570,4
5673.881052,1954,18
5673.907351,3042,8
5674.275077,2733,2
5674.513577,2312,2
5674.5138,2673,10
5674.527489,1995,1
5674.816654,2556,62
5674.817235,279,2
5675.01525,1602,3
5675.257917,349,5
5675.274642,7686,1
5675.375536,15,7
5675.577925,776,18
5676.495115,7684,1
5676.653594,5669,21
5677.260171,2604,3
5677.634866,19,22
5677.755404,5682,1
5677.756741,2190,33
5678.000542,2024,2
5678.005779,581,3
5678.129323,20,2
5678.506233,2191,2
5678.542241,3784,11
5678.574015,6587,23
5678.746629,5683,3
5679.078787,2292,1
5679.134283,5580,3
5679.288808,1691,34
5679.39545,1985,1
5679.530198,1934,1
5679.637526,5580,3
5679.896976,1731,67
5680.903726,353,2
5681.292084,706,5
5682.016668,4813,18
5682.130191,703,45
5682.257214,141,28
5682.874969,1456,1
5683.009488,2631,1
5684.077143,2465,3
5684.405803,5839,13
5684.419328,7671,2
5684.506439,985,12
5684.570172,109,2
5685.251084,383,1
5685.274811,264,54
5685.883898,1194,16
5685.998668,3144,16
5686.38601,7520,7
5686.586056,2336,14
5686.878821,7520,7
5686.893978,7635,3
5687.126738,3815,1
5687.506536,1285,1
5687.528715,580,26
5687.771021,2637,14
5688.244318,4509,3
5688.257196,950,14
5688.525034,248,10
5688.631626,1113,4
5689.500304,2337,2
5689.564831,5311,22
5690.020971,5875,9
5690.07487,411,8
5690.12618,3830,33
5690.501196,4813,11
5690.817995,1127,13
5691.126407,1260,12
5691.319243,1818,1
5691.823706,410,9
5692.750678,953,98
5693.010268,114,17
5693.035326,1182,6
5693.140283,6252,1
5693.324185,108,2
5693.327005,3942,5
5693.375133,3821,5
5693.891377,2808,3
5694.001166,655,4
5694.046891,3588,8
5694.072625,3428,137
5694.254202,102,6
5694.636645,3830,31
5694.642553,6092,18
5694.900334,3264,8
5695.033532,2256,1
5695.034628,319,9
5695.508751,6369,11
5695.624331,46,16
5695.643087,7662,5
5695.643991,1502,9
5695.752316,4,30
5695.998093,7678,17
5696.335313,978,18
5696.508149,175,1
5696.632941,1629,1
5696.640757,1995,41
5697.496961,282,1
5697.519975,1734,2
5697.570243,411,8
5698.396795,2334,3
5698.62631,1639,4
5698.776213,352,17
5698.880033,5433,1
5698.884909,214,5
5698.894508,1493,159
5699.133032,2008,4
5699.142226,1791,10
5699.244585,3226,24
5699.386653,5798,3
5699.389913,3774,6
5699.407814,1793,1
5699.899809,7662,11
5700.024795,7685,197
5700.069483,3433,9
5700.131154,1878,5
5700.383171,2010,2
5700.523338,1326,1
5700.776333,948,118
5700.820787,1134,25
5700.825584,2908,1
5701.258543,3180,12
5701.278548,243,19
5702.092126,1174,298
5702.507121,1443,11
5702.507409,10,4
5703.009817,1041,34
5703.032024,1643,23
5703.159632,7686,4
5703.163521,7667,12
5703.246238,1541,1
5703.512241,2061,1
5704.089402,275,1
5704.402531,7682,1
5704.76645,5526,33
5705.151446,3329,5
5705.618262,47,14
5705.993195,422,97
5706.274698,2284,23
5706.28018,686,4
5706.328569,1180,57
5706.332248,4234,1
5706.632667,3048,11
5706.653582,427,19
5706.89618,824,5
5706.89674,3334,9
5706.901681,7683,42
5707.122362,859,13
5707.277947,3938,9
5707.495875,5698,1
5707.526243,1183,500
5707.580344,4265,1
5707.637031,2338,1
5707.787053,937,14
5707.78729,3220,3
5708.258023,4824,41
5708.573599,3144,21
5708.623311,1831,4
5708.624642,3779,344
5708.889425,2339,10
5709.877295,226,27
5709.997956,3079,6
5710.006678,3837,32
5710.030669,5935,25
5710.367842,2654,2
5710.627719,3853,21
5710.752187,2289,3
5711.078515,1589,2
5711.389095,428,1
5711.636281,3353,13
5712.009565,1572,4
5712.384693,3850,1
5713.033349,11,9
5713.254959,2957,21
5713.491126,2992,43
5713.587283,107,7
5713.644491,2581,118
5714.136651,3421,6
5714.267854,954,34
5714.513075,7685,9
5714.514557,1245,11
5714.546676,1713,2
5714.818176,3680,3
5714.895002,5592,7
5715.321854,2483,48
5715.372428,775,3
5715.52625,2943,8
5715.739777,3526,9
5716.045456,3221,3
5716.266169,7684,14
5716.282484,518,1
5716.744256,2775,6
5716.78748,641,15
5716.995869,2112,31
5717.239261,3902,1
5717.322843,3443,17
5717.761403,2945,5
5717.897098,1960,105
5717.995728,1871,16
5718.009961,2290,12
5718.01031,4612,2
5718.244244,1872,16
5718.247861,1622,8
5718.539241,1100,8
5718.781941,1761,7
5719.401146,4409,2
5719.554937,2430,7
5719.573319,998,37
5719.573494,792,21
5719.901593,3947,12
5720.149668,5348,1
5720.317952,7686,6
5720.5776,996,22
5720.822845,109,5
5721.369746,2596,4
5721.770142,7179,11
5721.917905,7670,9
5722.28822,6734,1180
5722.742744,7404,12
5722.872382,1158,1
5723.124171,5930,3
5723.151514,5349,1
5723.328723,1038,7
5723.329409,531,5
5723.39782,2264,11
5723.399655,2155,1
5723.510602,1428,73
5723.521169,2698,1
5724.010731,4674,1
5724.011269,3344,5
5724.030223,7684,3
5724.327132,3697,3
5724.516336,7676,1
5724.762525,3401,16
5725.031145,1530,10
5725.276705,1305,1
5725.531173,7673,7
5725.625668,1630,3
5725.838127,3320,3
5726.255831,6136,4
5726.327821,1781,3
5727.745476,6076,3
5727.892304,1515,1
5728.013242,4244,1500
5728.028561,636,1
5728.582036,2321,4
5729.277057,7684,1
5729.390874,7686,45
5729.50988,2247,73
5729.891991,13,7
5730.119877,1650,102
5730.389815,1806,1
5731.526233,1770,1
5731.57869,1006,17
5732.525644,1771,5
5732.525702,1324,3
5732.63661,3268,8
5732.872539,7680,1
5733.116005,7658,29
5733.333909,2236,5
5734.090351,1026,3
5734.343326,1413,8
5734.757759,212,37
5734.86657,7679,2
5735.262486,1083,10
5735.514434,7161,13
5735.778606,1440,1
5736.010133,1694,10
5736.045633,3243,27
5736.119429,2598,4
5736.372953,2599,1
5736.757731,3411,4
5736.758136,7475,3
5737.33375,4014,14
5737.904372,2037,16
5738.126671,2230,768
5738.251119,1771,9
5738.368849,3722,1
5738.542842,1267,9
5738.779763,1444,2
5739.619549,1954,10
5740.520247,2450,39
5740.535011,1059,2
5741.020167,1708,2
5741.023503,351,9
5741.118963,7684,52
5741.277376,3279,30
5741.315527,2725,3
5741.52815,655,1
5741.532359,5257,1
5741.750983,7672,9
5741.755415,1068,2
5741.870291,2726,4
5741.909269,7684,1
5742.319886,1022,1
5742.619735,637,46
5743.261887,4096,11
5743.2698,385,16
5743.383696,3774,6
5743.395656,2234,17
5743.395707,2017,22
5744.005558,964,9
5744.277085,1433,5
5744.57406,1042,1
5744.762841,2055,72
5744.780155,365,1
5745.145572,7686,1
5745.320019,2928,7
5745.371467,7677,2
5745.374832,6240,10
5745.631401,1964,2
5745.631816,6240,10
5746.028506,268,11
5746.130617,6241,9
5746.279092,2356,9
5746.625108,2324,1
5746.75311,5237,1
5746.830344,2353,39
5746.879187,2254,9
5746.88431,376,8
5747.010684,1873,4
5747.027099,5,10
5747.030404,1312,3
5747.151271,4841,17
5747.574335,7684,1
5747.631441,1751,8
5748.027281,921,7
5748.525962,60,4
5748.638414,177,152
5749.003507,2378,5
5749.244983,1396,4
5749.271538,883,5
5749.629671,1754,28
5749.905099,5397,2
5750.126546,3018,36
5750.27209,2537,2
5750.276311,61,1
5750.511393,1466,3
5750.637436,1541,9
5750.992242,2388,13
5751.271373,4809,9
5751.379292,7673,15
5751.491434,844,26
5751.577593,5513,1
5752.404177,7684,12
5752.406522,2009,12
5752.758018,2821,37
5753.274989,5243,10
5754.073237,779,4
5754.319542,2216,2
5755.071296,1156,61
5755.550213,4791,2
5755.645625,23,3
5756.013488,2067,9
5756.898631,5647,1
5757.33278,7155,1
5757.756096,1485,9
5758.256063,911,1
5758.260336,7679,3
5758.330082,2497,6
5758.51048,2455,2
5758.648103,334,21
5758.759172,911,19
5759.085796,1471,13
5759.149006,7297,11
5759.261917,5507,1
5760.082174,3065,61
5760.244696,7281,1
5760.899458,5611,3
5761.411235,724,2
5761.583399,1057,1
5761.58448,1603,3
5761.872386,2243,5
5762.372873,2246,5
5762.492045,2136,87
5762.58032,3067,14
5762.903276,2238,17
5762.903428,1128,7
5763.075431,7687,34
5763.144654,2241,1
5763.73626,845,22
5763.758144,584,90
5764.755723,1282,1
5764.833745,123,16
5764.907835,1440,128
5765.247075,441,2
5765.490898,2937,4
5765.585378,5905,14
5765.785063,2395,9
5766.239745,2596,58
5766.284805,184,4
5766.329793,2662,3
5766.39154,2069,12
5766.533831,1447,17
5766.824866,125,12
5767.087904,923,4
5767.487337,4685,2
5767.508032,7681,3
5767.839867,2500,115
5767.87064,3051,10
5768.125986,7686,1
5768.245678,1878,1
5768.762156,1895,65
5768.836742,922,5
5769.018939,1346,299
5769.019867,1987,2
5769.240331,7685,28
5769.33139,690,13
5769.370257,2206,4
5769.5147,1870,11
5769.763717,1896,116
5769.902489,1091,12
5770.237288,2748,30
5770.368446,3240,39
5770.64803,1778,1
5770.830936,7671,1
5770.835153,80,36
5770.988309,2302,1
5771.007363,1300,5
5771.242877,3359,4
5771.243008,7686,10
5771.243635,4685,7
5771.329789,5802,4
5771.492088,353,62
5771.57697,3079,1
5771.577839,3193,2
5771.78976,702,20
5772.122607,2132,5
5772.286887,998,1
5772.576573,128,4
5772.778029,1387,4
5773.043515,998,1
5773.367898,813,1
5774.1265,1055,10
5774.326987,2659,7
5774.830827,128,5
5775.517757,4329,3
5775.765195,3219,1
5775.877154,555,10
5775.995344,7685,1
5776.153401,1115,86
5776.882842,1758,6
5776.884705,1581,23
5777.0191,1630,5
5777.076223,2221,2
5777.273205,399,4
5777.325008,2546,7
5777.397695,3983,79
5778.032373,2727,15
5778.404856,2222,2
5778.54013,2727,7
5778.623399,2051,1
5778.623775,1825,16
5778.82576,7675,1
5778.994956,2170,217
5779.021362,635,1
5779.085131,475,4
5779.154165,3407,31
5779.577849,3196,1
5779.652302,1202,85
5780.01836,2223,1
5780.572379,7670,41
5780.778741,6323,15
5781.139922,3199,170
5782.027867,1988,1
5782.134423,1830,6
5782.541407,634,13
5782.780762,2405,6
5783.00296,7682,36
5783.025189,3225,2
5783.08126,1228,13
5783.58588,1786,31
5783.749499,7016,1
5783.75208,908,16
5783.753248,1028,13
5783.753874,2916,12
5784.00486,7675,12
5784.14324,7675,19
5784.258082,1044,4
5784.284806,1350,81
5784.289161,2695,3
5784.398972,1445,72
5785.010381,534,24
5785.035486,3246,1
5785.253121,4944,14
5786.375277,4377,5
5786.538833,2243,3
5786.539165,7679,1
5787.002087,1657,10
5787.045171,7679,18
5787.367632,3659,7
5787.833424,2202,1
5787.874477,1173,3
5788.376084,1765,22
5788.829584,880,9
5788.876563,2642,5
5789.753517,2320,3
5790.030419,7676,2
5790.135349,1384,30
5790.262096,2919,62
5790.337934,2208,70
5790.384517,104,3
5790.625519,3664,7
5790.636657,1515,4
5790.823565,7627,1
5791.040105,403,1
5791.288624,5356,6
5791.389542,540,4
5791.502221,2482,3
5791.580228,2140,1
5792.000209,409,16
5792.254,1047,59
5793.084627,3439,17
5794.134137,4214,1
5794.753585,1172,36
5795.003001,2389,1
5795.135261,2032,23
5795.627847,778,3
5795.888703,1592,16
5796.025782,454,1
5796.758879,265,27
5796.826997,7683,5
5796.998944,2235,97
5797.751135,2939,73
5798.760475,2276,7
5798.877303,874,3
5799.367292,692,58
5799.517019,290,11
5799.764549,7682,7
5800.007092,1072,55
5800.036509,648,7
5800.138663,2352,13
5800.54521,300,19
5800.789364,7686,5
5801.087522,7686,3
5801.504949,2537,65
5801.745386,2457,3
5801.832343,469,8
5801.993709,2457,75
5802.011431,265,30
5802.387521,7683,3
5802.757199,1063,7
5803.030672,1322,6
5803.275016,7686,6
5804.138645,979,6
5804.268063,1418,9
5804.506216,1817,1
5804.586881,253,5
5805.115212,2416,10
5805.269556,2641,8
5805.335928,803,2
5805.637269,176,49
5805.75439,526,21
5805.75892,4688,3
5805.830191,804,1
5805.872193,6117,17
5806.023801,2172,49
5806.320678,1911,3
5806.639591,3212,1
5806.826018,2502,2
5806.875212,2229,133
5807.644136,2264,1
5807.785341,7680,15
5807.816596,4723,55
5807.888841,2162,9
5808.25634,1438,10
5808.50367,7012,1
5808.507891,1637,2
5808.56862,3202,2
5809.251741,110,69
5809.288801,1112,1
5809.289338,596,6
5809.742428,2346,26
5810.019174,807,11
5810.146377,2411,73
5810.249482,1601,2
5810.389991,2259,6
5810.491765,2348,29
5810.493057,2059,15
5810.782018,7681,1
5810.83775,3208,4
5811.011984,1673,6
5811.075669,840,44
5811.514585,270,14
5811.782115,983,2
5811.833095,969,12
5811.834169,478,8
5812.889868,908,18
5812.99693,1180,1
5812.997633,1180,7
5812.99861,1305,14
5813.077064,578,3
5813.12334,7492,8
5813.142236,2329,22
5813.370537,2061,14
5813.829107,7675,12
5813.870051,5927,1
5813.870723,747,3
5814.045634,902,6
5814.093614,2069,11
5814.118878,3291,3
5814.288173,1332,1
5814.370003,2064,9
5814.541484,3584,1
5814.766807,1183,23
5814.769035,1183,9
5814.837729,147,21
5815.250897,1267,3
5815.51052,1526,3
5815.786038,3584,39
5815.890123,4655,10
5816.266186,3193,45
5816.581282,721,13
5816.831826,2739,14
5817.079558,845,4
5817.502249,7671,5
5817.632139,680,5
5817.762903,7676,1
5818.753408,811,1
5819.017372,952,19
5819.513686,2156,1
5819.530356,2249,18
5819.833808,1366,2
5820.00523,3228,26
5820.026051,1299,52
5820.272848,1077,54
5821.079956,722,1
5821.263829,1124,2
5821.26532,1231,14
5821.619285,2114,11
5821.762658,4860,2
5822.034806,7686,13
5822.497588,3230,8
5822.522373,2494,102
5822.536304,415,1
5822.644146,695,9
5822.766177,4178,9
5823.038631,2578,50
5823.149449,3404,7
5823.254408,1099,158
5823.530737,417,1
5823.533024,2394,2
5823.579407,1059,9
5823.881083,4803,8
5824.005178,295,63
5824.033566,418,1
5824.400226,4938,18
5824.760649,1393,2
5824.78978,5051,1
5824.891413,317,2
5825.032115,5966,18
5825.032731,6423,3
5825.243116,2383,23
5825.283146,1120,26
5825.622804,7493,1
5825.754726,3970,8
5825.823535,1822,26
5825.868717,2671,9
5825.993598,358,1
5826.000503,1156,16
5826.11683,5069,4
5826.243898,1156,3
5826.493337,1066,6
5826.877057,2426,2
5827.127219,2266,38
5827.504435,1067,19
5828.007958,2476,30
5828.324744,7677,12
5829.017852,398,18
5829.509331,6243,103
5829.566467,544,10
5830.035997,7686,1
5830.319846,1399,8
5830.519903,2041,4
5830.822883,727,20
5831.054007,2644,8
5831.264252,2037,6
5831.28504,1387,28
5831.286159,1356,4
5831.501251,326,8
5831.757366,1878,2
5831.783865,986,6
5831.866567,3998,6
5831.994429,7023,1
5832.150147,844,3
5832.254058,7683,14
5832.259352,7675,4
5832.518862,6224,11
5832.544263,82,17
5832.547951,1184,133
5832.787991,6224,11
5832.871859,7686,6
5832.876762,1121,18
5833.007643,2060,6
5833.124111,5223,4
5833.32136,4070,6
5833.507713,177,5
5834.263147,1680,9
5834.264105,2255,23
5834.265407,2320,9
5834.411297,2865,31
5834.649605,2771,7
5834.761911,7678,2
5834.891609,4859,3
5835.128556,2409,21
5835.134038,1286,14
5835.388088,1234,10
5835.513109,2015,11
5835.75613,178,18
5835.78855,3664,13
5835.886891,1642,3
5836.020162,125,16
5836.077822,1522,20
5836.133591,1234,91
5836.272429,2565,11
5836.381589,956,1
5836.583518,986,1
5837.322356,13,1
5838.256041,365,3
5838.505937,1119,3
5838.506369,3744,9
5838.518764,453,7
5838.520357,816,1
5838.75781,3586,16
5838.764375,1635,4
5839.036348,925,2
5839.143381,871,9
5839.374148,1991,1
5839.514549,1635,5
5839.634972,281,4
5839.874107,6217,9
5840.068773,1059,1
5840.294128,2758,12
5840.517084,2258,16
5840.57006,4737,9
5841.069908,1200,61
5841.253446,3746,10
5841.270212,2151,6
5841.330436,2049,5
5841.381899,7565,2
5841.831349,4007,15
5842.620827,1122,2
5842.762647,1757,2
5842.825057,15,5
5843.045109,1402,27
5843.251739,2500,3
5844.1321,2789,26
5844.328233,2882,11
5844.516465,2018,17
5844.536662,1357,9
5845.075738,1066,12
5845.25643,3236,27
5846.881068,2452,1
5847.00355,7655,1
5847.009125,5783,14
5847.321211,861,1
5847.501417,7422,3
5847.626768,2792,12
5847.774467,2399,7
5847.779368,798,3
5848.014345,7662,42
5848.254095,5784,7
5848.327622,7671,18
5849.084274,7685,3
5849.375065,2844,3
5850.261954,183,3
5850.392598,2558,64
5850.499535,364,14
5850.570151,2910,4
5850.833118,633,2
5850.876511,2366,4
5851.015743,7685,2
5851.080768,743,22
5851.254177,1056,1
5851.522729,7686,5
5851.641229,1809,3
5851.753672,1077,1
5851.835006,890,2
5851.885019,1518,13
5851.894079,958,1
5852.080169,6551,1
5852.25545,7623,16
5852.385615,215,62
5852.875771,1190,21
5853.007198,5669,1
5853.07785,7690,15
5853.145021,1189,205
5853.14522,2358,5
5853.146056,175,2
5853.257977,1077,35
5853.382815,2085,1
5853.757285,7680,3
5853.884807,5014,48
5854.003462,4218,4
5854.137208,7674,64
5854.137816,2079,3
5854.260162,1764,1
5854.321873,1649,2
5854.392315,216,52
5854.829745,7686,1
5855.269028,7679,2
5855.270183,2597,9
5855.762329,1642,2
5855.766223,1703,12
5855.827839,121,24
5856.008416,2282,9
5856.830271,611,1
5856.870669,1192,216
5857.083421,1335,4
5857.260373,7681,3
5857.61577,5355,1
5857.834085,2886,20
5858.005098,615,19
5858.006676,5671,3
5858.022195,5421,4
5858.367633,2148,7
5858.388987,2472,13
5858.756203,1985,1
5858.887368,2007,23
5858.891301,1816,2
5859.3958,2524,178
5859.501693,479,3
5859.507014,2192,1
5859.83358,7682,787
5860.335065,139,15
5860.774677,3808,37
5860.824691,139,14
5861.027665,1145,6
5861.501189,7224,1014
5861.643467,1625,3
5861.832811,2084,7
5861.871217,1884,4
5862.241888,1101,17
5862.31645,1513,11
5862.832234,6517,1
5862.833372,6518,5
5863.620942,1199,1
5863.887832,2029,3
5863.890304,1883,7
5864.246693,700,7
5864.380613,1872,9
5864.527347,6025,17
5864.583568,7029,3
5864.622519,736,3
5864.625157,2047,9
5865.139473,936,1
5865.510213,2830,9
5865.62079,1787,1
5865.656529,4769,9
5865.741496,7016,1
5866.08008,1676,3
5866.131987,2664,1
5866.246067,7685,28
5866.497293,724,60
5866.83427,764,13
5867.241541,1257,13
5867.330433,6136,11
5867.382382,183,191
5867.890754,2175,3
5868.147162,694,9
5868.275342,2569,7
5868.524123,1590,3
5868.583908,3607,14
5868.634081,1200,20
5868.634318,2132,4
5869.027979,4172,76
5869.146857,7680,2
5869.330339,2014,12
5869.513166,622,62
5869.633386,2391,3
5869.754029,7680,1
5869.88041,2212,2
5870.080041,1011,5
5870.246783,1241,12
5870.37473,1122,6
5870.741627,1399,4
5870.894729,938,13
5871.160546,891,1
5872.492088,2561,2
5872.756638,1184,9
5872.758862,1184,9
5872.878433,2345,9
5873.740698,2561,14
5873.992685,3651,8
5874.075992,3004,57
5874.2498,7669,2
5874.378556,2726,1
5875.275457,1028,16
5875.330991,875,3
5875.385811,7653,9
5875.639636,335,2
5875.826811,6831,9
5875.829937,2107,4
5875.994293,3314,34
5876.016939,2029,2
5876.134108,5226,6
5876.135193,968,39
5876.618947,2157,17
5876.655949,896,8
5876.884358,3265,1
5877.634317,676,4
5877.674095,2331,18
5877.741305,3658,39
5877.99198,2302,3
5878.53352,7680,65
5878.63784,3268,4
5878.990118,1500,4
5879.026313,7276,14
5879.519901,4693,3
5879.646141,2332,1
5879.656147,972,24
5879.887884,624,24
5879.989575,7661,139
5879.991235,73,19
5880.017491,2072,1
5880.245372,3670,5
5880.489962,50,22
5880.513983,3163,3
5880.89706,4966,13
5880.899974,901,16
5880.900195,7675,15
5881.327846,3713,101
5881.380688,3799,3
5881.405317,310,1
5881.497793,6883,11
5881.654746,1757,124
5881.656775,310,6
5881.746482,1301,17
5881.780578,7501,55
5881.901111,1732,9
5882.276105,929,9
5882.493252,1303,4
5882.883166,2810,218
5882.883949,3291,13
5883.273547,2370,33
5883.336553,7684,13
5883.396372,646,1
5883.8913,503,1
5884.079357,511,10
5884.39559,1732,9
5884.399648,1494,1
5884.631656,1135,1
5884.651952,2271,11
5885.48958,1092,9
5885.784552,2714,2
5886.030687,1193,9
5886.656318,1494,1
5886.889572,1609,3
5887.743379,3339,66
5887.888778,246,1
5888.082729,3000,3
5888.375795,745,41
5888.762379,1558,6
5888.884376,2148,1
5889.135232,247,47
5889.324252,5574,3
5889.487937,1789,1
5889.634741,1065,1
5889.650785,6162,1
5889.883813,3981,1
5890.085122,2581,2
5890.137711,1689,3
5890.327245,4177,2
5890.637471,746,240
5890.638929,7675,1
5890.639182,766,3
5890.639401,117,8
5890.641544,1657,1
5891.136497,3982,5
5891.320796,7686,17
5891.389023,2376,24
5891.838582,2580,1
5892.138329,2631,4
5892.252743,2151,1
5892.630618,2196,5
5892.760996,1210,17
5892.888606,3041,15
5892.889958,2110,8
5893.583773,3438,16
5893.773286,1212,23
5893.878867,7680,13
5894.021335,2266,5
5894.371817,688,133
5894.829436,82,2
5895.087141,1806,3
5895.087852,3816,14
5895.142861,1994,4
5895.513718,1337,9
5895.879632,2037,84
5896.262551,1849,6
5896.263775,2301,12
5896.645836,6060,3
5896.89825,4532,133
5896.999456,1769,1
5897.513787,1507,17
5897.884513,3791,13
5897.887226,6060,3
5898.023349,2043,1
5898.264254,2681,1
5898.994409,7131,1
5899.833808,1163,15
5899.883463,2516,1
5900.247538,3440,1
5900.267908,2037,2
5900.273184,4249,10
5900.391623,4535,5
5901.273544,344,4
5901.406833,7679,3
5902.498799,1839,1
5902.774177,1005,8
5903.119519,7680,1
5903.244969,3241,18
5903.270397,27,5
5903.377418,2713,4
5903.744232,1907,5
5903.993822,1214,1
5904.333099,1543,373
5904.52137,1949,1
5904.527064,2683,49
5904.831931,521,1
5904.991976,7034,6
5905.383847,2596,3
5905.523064,5273,1
5905.821686,3457,2
5905.875053,5103,3
5906.14143,1440,3
5906.248458,3734,199
5906.266421,5270,52
5906.284597,2578,1
5906.397335,3061,79
5906.518297,372,3
5906.900716,2954,3
5907.014759,506,1
5907.290094,88,17
5907.397393,201,10
5907.402156,431,21
5907.586099,3637,3
5907.767619,1679,1
5907.767812,1996,1
5907.989013,7633,1
5908.018458,2944,12
5908.12699,7019,14
5908.244534,1879,12
5908.33601,2101,1
5908.512724,2245,26
5908.5878,1163,15
5908.589351,5247,30
5908.756576,1779,1
5908.881633,2168,1
5908.900394,2412,19
5908.905319,1779,1
5909.020936,3974,169
5909.568399,592,7
5909.572579,1828,90
5909.764665,1953,1
5910.013129,943,2
5910.263157,1954,13
5910.397704,1005,2
5910.88321,7675,2
5911.016563,425,2
5911.07711,5249,1
5911.137241,771,22
5911.321609,3949,11
5911.584866,4318,3
5911.789139,5446,28
5911.889602,2240,14
5912.078586,527,3
5912.138208,3455,1
5912.261976,2108,3
5912.26312,729,65
5912.394881,4850,26
5912.775614,2140,4
5913.077866,1550,10
5913.131864,3098,3
5913.275664,2369,15
5914.022252,624,1
5914.024121,1000,11
5914.073864,1435,3
5914.323663,4036,18
5914.330027,1435,1
5914.384541,2521,17
5914.497993,2309,1
5914.631597,5104,2
5914.759403,3359,3
5914.774309,1935,3
5914.824592,7680,1
5915.324606,2445,259
5915.325272,1435,3
5915.649001,703,12
5915.772469,1963,15
5915.828535,1749,1
5915.892125,2472,10
5916.121282,1285,2
5916.619894,1000,19
5916.995697,7634,1
5917.073818,1550,274
5917.121707,1983,1
5917.505352,5976,1
5917.541425,3341,4
5917.585867,1060,62
5917.622653,1779,2
5917.657911,4383,39
5918.006674,3985,3
5918.139356,4284,98
5918.376367,2543,15
5918.58873,807,2
5918.889443,7465,83
5919.749783,1464,1
5920.137719,2273,1
5920.508494,5979,9
5920.644896,1436,2
5920.833054,2301,4
5920.833266,6380,16
5921.006299,1097,35
5921.254181,3391,13
5921.259113,7134,1
5921.512841,4311,8
5921.99996,7673,19
5922.001573,2015,1
5922.126914,3007,4
5922.25346,2019,1
5922.774145,7643,11
5922.776293,1159,15
5922.838092,3450,6
5923.03234,3524,9
5923.087143,949,6
5923.504546,2770,18
5923.75598,1707,11
5924.084543,122,4
5924.139522,3472,17
5924.332136,485,3
5924.395045,2347,5
5924.753049,123,5
5924.881384,1988,1
5925.526194,2010,13
5925.57961,6010,1
5925.745076,6010,7
5925.82001,1798,1
5926.397241,2821,3
5926.398173,647,3
5926.650049,2348,8
5926.743418,2467,3
5927.003032,2932,5
5927.260381,1305,1
5927.336301,1719,10
5927.337002,7676,9
5927.340873,3374,2
5927.378853,934,3
5927.402842,2372,2
5927.58763,2799,33
5927.652867,2414,15
5927.75737,1837,1
5927.899451,2174,21
5928.002489,1228,7
5928.262608,1838,2
5928.26787,792,37
5928.400593,3544,70
5928.406318,2704,7
5928.751342,1307,14
5928.752209,310,2
5928.755675,4711,13
5929.144235,2503,8
5929.594884,1069,7
5929.830821,1935,1
5930.091053,3772,6
5930.134158,704,5
5930.493461,2221,1
5931.579673,4112,3
5931.997701,2419,9
5932.245508,485,3
5933.380735,703,1
5934.085145,1803,22
5934.337074,7686,11
5934.497332,3108,20
5934.588803,1407,2
5934.624549,7356,11
5934.751727,5769,50
5935.135689,329,9
5935.26447,7682,18
5935.385931,1718,1
5935.876505,7468,13
5936.327389,704,6
5936.526164,1322,7
5936.593327,3110,10
5936.622088,232,11
5936.889632,346,6
5937.254411,2684,14
5937.527128,1737,22
5938.019521,5285,15
5938.019871,1829,19
5938.078173,2771,10
5938.371368,401,8
5938.627945,555,1
5938.634475,2506,6
5938.878847,2507,1
5939.08797,1333,71
5939.326289,1690,23
5939.583508,7040,9
5939.763962,1112,148
5939.831203,2801,4
5939.879177,454,11
5939.888161,897,4
5940.028072,7671,4
5940.119094,940,28
5940.12402,7387,63
5940.137731,897,1
5940.260212,130,2
5940.276201,1407,2
5940.325461,2772,10
5940.575625,7675,1
5940.764114,7625,4
5941.013088,6962,3
5941.032771,1347,4
5941.377782,457,8
5941.380313,746,12
5941.393365,2340,15
5941.509689,7685,2
5941.872415,3209,25
5942.083434,983,8
5942.302396,7667,3
5943.018174,2217,13
5943.514872,436,11
5943.585258,1808,5
5943.623927,2014,13
5944.006894,3232,24
5944.024423,4564,9
5944.144177,2340,16
5944.287113,1444,28
5944.540444,6330,3
5944.544427,2660,2
5944.757845,1342,1
5944.886757,3928,14
5945.136982,4588,2
5945.244475,2074,8
5946.078148,2698,34
5946.32694,1535,34
5946.627407,2016,16
5946.743758,4455,1
5946.793745,840,7
5947.141,2166,1
5947.285471,840,18
5947.622542,2635,19
5947.623023,418,8
5948.140796,3568,15
5948.495525,967,6
5948.537366,1544,4
5949.294583,893,3
5949.490682,4854,4
5949.641488,505,9
5949.74077,2078,1
5949.877911,1190,8
5950.2688,7258,1
5950.39371,7681,2
5950.526004,3746,1
5950.570017,3772,3
5951.24303,1302,8
5951.521767,1332,13
5951.824183,533,1
5952.242972,1921,10
5952.388324,2404,17
5952.390709,1002,4
5952.50061,4459,3
5952.885186,1303,1
5952.888554,7322,10
5953.566507,4751,1
5954.150926,2684,3
5954.823202,669,5
5955.130337,466,14
5955.399135,2164,1
5955.652777,2302,39
5955.766958,1419,5
5955.876353,784,2
5956.151368,753,25
5956.293719,1915,6
5956.53713,1423,17
5956.875996,2885,102
5956.993382,705,15
5957.401761,309,3
5957.570999,2218,8
5957.787993,881,3
5957.908867,1841,17
5957.910659,901,6
5958.072993,38,11
5958.502354,7678,1
5958.503545,538,1
5958.538741,569,31
5958.787143,724,3
5958.818955,1303,49
5958.894101,3746,12
5959.006317,1293,14
5959.31642,38,97
5959.317514,1365,2
5959.37452,3482,12
5959.737055,1864,6
5960.005067,4068,9
5960.248608,3912,1
5960.896705,5937,1
5961.402049,5938,1
5961.402293,104,1
5961.739254,2327,15
5961.827333,1367,2
5961.907304,4363,1
5962.166222,2360,2
5962.648812,357,1
5963.118428,1530,3
5963.366366,2564,17
5964.32283,1809,3
5964.645612,1455,3
5965.140588,2629,12
5965.374817,2970,5
5965.374997,7236,3
5965.761499,5447,251
5965.77829,6330,3
5965.825469,5328,7
5965.826647,987,15
5965.903165,2968,412
5966.0263,502,5
5966.154301,911,10
5966.277422,7625,18
5967.007402,2296,8
5967.02451,3036,3
5967.498997,596,7
5967.753138,7680,20
5968.146549,106,1
5968.502082,2794,4
5968.523557,4048,3
5968.839953,7686,8
5969.127762,2281,17
5969.656643,1644,8
5969.775679,706,151
5969.905959,2347,3
5970.399639,110,24
5970.51137,2298,2
5970.87433,1197,6
5970.900154,5948,10
5971.626853,5323,1
5971.739882,1331,19
5971.828885,1831,17
5971.906843,6303,9
5972.069236,1472,13
5972.322979,7671,6
5972.402069,7676,1
5972.622793,5325,4
5972.623558,7682,4
5972.825957,2778,1
5973.004965,598,20
5973.119555,2361,9
5973.399119,112,139
5973.629265,7407,39
5973.657437,2714,25
5973.875452,7682,4
5974.127134,3508,1
5974.739375,2338,15
5974.819453,924,3
5974.87313,1143,6
5974.893746,174,1
5975.149998,2165,12
5975.257985,1334,2
5975.325808,1372,27
5975.574664,1447,2
5975.740965,1348,3
5975.755314,2924,17
5975.7796,7681,17
5975.780863,4539,3
5975.907651,2389,1
5976.266044,605,21
5976.382648,7682,4
5976.742629,3344,4
5976.993951,345,23
5977.275417,1456,2
5977.581379,7684,20
5977.871394,3609,4
5977.877106,3549,1
5978.15022,2194,3
5978.270777,5915,13
5978.37373,6036,10
5978.513934,3646,41
5978.519114,1933,27
5978.826269,4234,5
5979.64666,1859,196
5979.90391,1253,17
5980.527662,7663,31
5980.532753,5936,5
5980.616716,631,2
5980.739894,1789,1
5981.373171,2706,6
5981.768175,1293,13
5982.01191,1293,13
5982.281477,3487,10
5982.512207,2797,14
5982.630058,2601,3
5982.79317,920,117
5983.033863,2331,2
5983.747201,2334,1
5983.781773,4251,440
5983.786259,4550,15
5984.502304,2087,5
5984.502467,1951,9
5984.746868,1212,2
5984.765035,2906,6
5985.030223,7670,9
5985.267683,1134,13
5985.289573,2795,2
5985.378931,3594,13
5986.133311,3612,2
5986.140408,463,10
5986.867931,2206,1
5986.894163,6316,13
5987.083864,352,15
5987.391072,1700,9
5987.901066,102,23
5988.337572,2742,5
5988.371496,1238,122
5988.527345,6362,3
5988.749619,4304,1
5988.898369,7010,3
5989.257163,1880,1
5989.644205,3580,13
5989.754808,2813,3
5989.866668,4697,155
5990.006515,1654,5
5990.145145,2193,9
5990.520327,2711,2
5991.035407,57,3
5991.272971,1107,22
5991.757399,669,5
5991.826256,1844,8
5991.898263,2169,4
5992.00314,7677,1
5992.083599,1413,6
5992.509882,351,29
5992.510353,2222,1
5992.644367,1499,2
5993.025615,3112,11
5993.075673,3479,14
5993.243891,1203,7
5993.254253,377,2
5993.382845,172,2
5993.493051,388,2
5993.745477,1957,12
5993.822352,7154,3
5993.880725,743,1
5994.131066,2375,22
5994.374286,1535,57
5994.490377,4310,13
5994.630614,3629,16
5994.836676,1237,19
5995.076326,2289,12
5995.147528,5957,3
5995.255343,30,2
5996.134924,4328,24
5996.241114,1958,11
5996.241913,2117,11
5996.267792,1303,6
5996.39735,2358,6
5996.493231,3182,9
5996.495177,2649,45
5996.57196,145,2
5996.646937,1052,2
5997.319662,666,1
5997.488332,7686,1
5997.579221,2111,7
5997.773212,1221,8
5998.148271,1486,1
5998.151172,2324,10
5998.495605,2252,46
5998.574312,172,19
5998.652803,1486,23
5999.071652,420,8
5999.150967,4710,1
5999.379406,466,23
5999.621651,457,11
6000.275339,7658,6
6000.39329,6324,10
6000.736636,755,1
6000.738576,3395,1
6001.133344,3775,1
6001.241473,2254,1
6001.571568,1585,16
6001.577484,185,6
6002.025743,62,6
6002.24204,5240,133
6003.004478,556,4
6003.407574,1924,1
6003.655301,739,3
6004.021609,4062,7
6004.157574,2628,9
6004.407671,2122,1
6004.504976,7676,1
6004.899037,5298,43
6005.079306,2108,2
6005.272242,3116,29
6005.575872,1241,30
6006.0026,264,123
6006.080745,1802,3
6006.247184,1882,2
6006.27571,3114,27
6006.320594,1812,6
6006.574221,1813,1
6007.089712,178,1
6007.323392,1815,3
6007.576882,177,1
6007.577061,2242,4
6007.632926,1246,1
6007.992728,5360,3
6009.006555,2835,21
6009.012467,2667,24
6009.579287,1818,129
6009.755287,2668,25
6010.153767,211,18
6010.262135,1443,145
6010.489318,1801,11
6010.514005,2318,5
6010.515047,3963,11
6011.00799,7678,9
6011.00832,7679,12
6011.032384,5032,18
6011.274542,458,17
6012.024332,1554,4
6012.754382,7672,24
6012.81734,2120,1
6013.068566,1964,46
6013.324381,3273,22
6013.374783,281,3
6013.625275,3616,13
6013.753387,1296,16
6014.165792,33,7
6014.39078,5166,136
6014.399223,2627,6
6014.400076,1931,5
6014.769172,4220,1
6014.879298,1939,10
6015.3205,7685,17
6015.324054,4027,1
6015.570801,5352,12
6015.769624,761,4
6015.90623,2195,12
6016.016426,1885,4
6016.077355,1261,7
6016.13226,3069,19
6016.144875,2388,6
6016.24613,2197,1
6016.260427,7676,15
6016.743398,4126,1
6016.744015,1299,6
6016.765974,2585,3
6017.262063,2823,10
6017.567894,141,17
6017.878005,7661,1
6017.989126,425,3
6018.027759,974,134
6018.261667,1801,3
6018.320904,632,63
6018.377587,1929,5
6018.378248,1166,1
6018.824722,1261,78
6019.027313,6515,21
6019.316024,1508,5
6019.318022,1378,16
6019.385402,595,1
6019.523545,3169,3
6019.775549,7306,1
6020.504698,7307,1
6020.517081,3207,1
6020.626146,1120,20
6020.781892,2218,1
6020.890548,875,12
6021.006638,1313,1
6021.00696,3404,22
6021.048864,1540,91
6021.271602,7686,11
6021.272158,5483,79
6021.798284,1541,51
6021.998545,7038,15
6022.020777,3185,3
6022.143677,2144,3
6022.250161,1314,25
6022.517171,4698,6
6022.769296,2256,22
6022.793345,978,24
6022.833843,3088,27
6023.003089,1302,3
6023.570914,627,1
6023.745834,5904,4
6023.823933,2975,14
6024.149783,356,75
6024.760622,5468,17
6024.799968,3122,9
6024.887413,1814,1
6024.889572,1660,8
6025.012353,1450,26
6025.323928,3564,46
6025.391519,134,5
6025.618872,2305,79
6025.645342,479,1
6025.764077,1450,137
6025.807076,972,17
6025.816132,3572,19
6025.893734,3583,8
6026.028028,2321,4
6026.11872,2577,3
6026.271139,2760,14
6026.531616,4235,2
6026.619937,2673,2
6026.878628,4899,1
6027.032556,99,11
6027.260889,983,9
6027.28675,1543,1
6027.387049,6800,15
6027.569122,151,1
6028.385836,1395,1
6028.535464,2501,14
6028.619312,2948,28
6028.623108,2365,36
6028.783196,2493,12
6029.030729,1563,1
6029.080242,4758,9
6029.32662,284,12
6029.647466,7614,12
6029.757269,4701,4
6029.879687,3561,10
6029.998393,958,139
6030.249427,959,20
6030.32611,2253,28
6030.749742,2314,12
6031.036363,1565,21
6031.090638,7664,4
6031.502878,5484,2
6031.536519,2491,26
6031.636073,2995,4
6031.786045,5653,12
6032.03583,5921,1
6032.317477,2331,123
6032.394494,2648,1
6032.498186,4174,10
6033.279745,5044,1
6033.512213,331,5
6034.26182,1302,1
6034.506761,7260,5
6034.538841,1567,40
6034.639147,4405,18
6034.642927,497,1
6034.758909,3973,9
6034.834483,727,2
6034.889814,2513,16
6035.035209,5925,52
6035.258456,7594,15
6035.331819,602,24
6035.761565,2330,5
6035.79267,1869,6
6036.042226,1404,2
6036.140634,3551,9
6036.141994,5945,23
6036.376234,2367,3
6036.573177,147,26
6036.795219,3276,12
6036.890451,232,16
6037.122483,3622,4
6037.252896,331,6
6037.254758,3402,15
6037.258739,917,8
6037.28292,4526,2
6037.510849,2374,1
6037.626151,1819,5
6038.00257,1915,3
6038.038617,1232,45
6038.385875,641,1
6038.749543,3946,14
6038.82025,1819,1
6039.07005,1297,41
6039.506847,2695,8
6039.751734,7676,4
6039.790501,2104,91
6039.79243,5251,49
6040.377375,2140,55
6040.641161,1129,9
6040.645774,1928,35
6040.790179,1136,3
6040.815846,2606,3
6041.129848,5312,23
6041.257089,1992,11
6041.258556,7615,4
6041.528504,1145,1
6041.76027,1607,2
6041.881052,614,2
6042.039964,184,15
6042.996188,2374,649
6043.381085,7683,1
6043.38507,2888,1
6043.388643,7682,3
6043.511038,7686,3
6043.550352,7615,1
6043.551287,720,36
6043.639906,1307,48
6043.64122,2515,1
6043.751668,2888,18
6044.038552,1149,12
6044.126205,5251,64
6044.504472,421,16
6044.640541,491,5
6044.780578,72,18
6044.894936,7413,6
6044.895674,3469,12
6045.135822,1686,52
6045.391743,6931,51
6046.569726,7685,4
6046.639521,1554,14
6046.645069,583,6
6046.900262,2156,16
6047.144569,1049,3
6047.258383,1714,191
6047.627744,1190,1
6047.88723,2799,12
6048.535036,1209,9
6048.668866,2929,22
6049.042764,1151,9
6049.627599,1261,4
6050.002683,2699,4
6050.394574,3070,22
6050.508192,2699,1
6050.509404,303,4
6050.543918,7630,9
6051.003387,2159,10
6051.074648,3579,3
6051.391543,5983,3
6051.544634,1208,4
6051.637038,7351,1
6051.758033,1987,10
6051.870189,649,15
6051.999137,1459,79
6052.003427,6022,17
6052.12487,2038,9
6052.504529,2287,3
6052.568863,1816,5
6052.639438,3067,145
6052.827591,7678,9
6053.001529,3266,25
6053.251448,1174,55
6053.371767,821,118
6053.394007,5246,111
6053.503723,1485,1
6053.619265,588,1
6053.638191,266,27
6053.746284,7621,12
6053.754019,1175,67
6053.757046,3401,1
6053.817481,7686,2
6054.07013,153,1
6054.126399,2925,2
6054.140365,1670,6
6054.57226,4824,153
6054.752079,2157,3
6055.003183,5246,167
6055.257103,785,1
6055.876326,3893,9
6055.877944,627,10
6056.077014,7680,98
6056.275064,170,26
6056.98644,3671,1
6057.833725,3751,14
6058.007087,963,33
6058.144431,4058,5
6058.525368,569,2
6058.582238,6793,9
6058.773001,987,1
6058.829908,2698,3
6059.249707,2834,7
6059.281998,626,1
6059.335341,190,7
6059.496923,2038,3
6059.741904,2849,7
6059.833689,1400,232
6060.143379,553,6
6060.256058,2492,9
6060.272259,4313,2
6060.382319,1910,7
6060.759481,2466,12
6061.638449,1229,28
6061.741019,7686,8
6061.840087,3756,17
6061.84492,644,7
6061.866812,43,25
6062.83124,1390,6
6062.875295,620,14
6063.286764,988,30
6063.287125,42,8
6063.535251,7634,46
6063.891625,2934,1
6064.007744,1682,6
6064.135332,1711,1
6064.388588,1711,2
6064.628496,3124,19
6064.759412,1335,13
6064.990938,7681,11
6065.088779,7119,9
6065.385495,1912,6
6066.240669,492,33
6066.3789,259,6
6066.647492,5985,1
6066.87969,1778,27
6066.905467,162,4
6066.989313,7609,14
6067.567401,2141,16
6067.634781,4086,10
6067.663033,832,3
6067.876644,558,9
6068.039192,7656,17
6068.23973,1522,43
6068.263315,3058,17
6068.532932,2927,1500
6068.765053,1520,7
6068.875372,3694,6
6069.240326,2183,1
6069.240731,1538,1
6069.652206,343,1
6069.661987,978,1
6069.835777,1178,125
6069.907346,1443,25
6070.267304,1297,325
6070.494573,1524,1
6070.749769,1541,3
6070.777616,1584,1
6070.869438,3107,4
6070.898023,184,1
6070.898594,779,1
6070.901316,835,3
6071.081924,7678,7
6071.266985,7604,18
6071.317155,3156,1
6071.548257,5453,17
6071.554626,1035,15
6071.555413,4435,4
6071.647052,2458,3
6071.832193,7685,10
6072.287491,2627,38
6072.406904,1251,3
6073.752517,2311,283
6073.762338,7607,1
6073.821454,7308,9
6074.022756,7686,6
6074.398177,5859,7
6074.621593,3123,3
6074.624935,915,1
6074.652264,780,12
6074.90799,2911,1
6075.017236,404,25
6075.168372,1726,12
6075.267932,5289,12
6075.407822,1165,45
6075.492882,2464,35
6075.493263,4146,4
6075.507665,1731,2
6075.660488,1902,2
6076.082038,7038,3
6076.121819,333,3
6076.1226,3126,114
6076.403533,781,8
6076.406887,2913,2
6076.573514,2149,89
6076.899891,1092,90
6077.082733,2149,9
6077.271024,2147,6
6077.271935,4260,1
6077.412306,4631,27
6078.328756,3619,12
6078.51424,7329,18
6078.578638,1417,4
6078.623431,780,9
6079.153388,785,12
6079.323256,3881,4
6079.575376,7686,20
6079.623418,3013,4
6080.287718,5131,3
6080.369779,7684,5
6080.641936,4082,1
6080.776288,5468,3
6080.776399,3238,16
6080.827756,7680,3
6081.284035,3729,9
6081.542034,3623,20
6081.58307,173,3
6081.74212,3725,5
6082.042089,7624,1
6082.042152,558,10
6082.772134,5022,19
6083.147415,1237,75
6083.38147,782,6
6083.81974,2154,46
6084.115613,782,6
6084.272418,6451,3
6084.323335,39,16
6084.396207,2861,4
6084.537044,1264,18
6084.616387,471,1
6085.519155,153,33
6085.776475,4265,1
6086.073665,5937,9
6086.074304,2540,1
6086.115882,7671,4
6086.343409,3404,3
6086.372989,3137,1
6086.513519,4518,1
6086.779269,1167,9
6086.834478,816,2
6086.873214,1946,16
6086.999165,2471,83
6087.028045,4093,12
6087.083594,1267,102
6087.511522,732,500
6087.888309,2244,4
6088.893731,2863,2
6089.526143,1311,19
6089.820447,2647,9
6089.82316,2016,14
6090.019073,3998,15
6090.320404,1888,12
6090.374497,1291,81
6091.073755,3410,27
6091.273728,128,10
6091.998851,530,5
6092.751548,1379,7
6092.755388,7308,10
6093.253707,592,73
6093.2616,1640,4
6093.888399,4094,1
6094.317277,2246,3
6094.319502,1273,208
6095.001731,7606,20
6095.075305,2017,14
6095.13407,2235,19
6095.389738,1482,1
6095.642449,4018,3
6096.396136,1630,17
6096.529026,566,10
6096.628113,3639,20
6096.904961,1413,7
6097.075671,7110,2
6097.754113,313,3
6097.992118,3239,1
6098.255586,4239,8
6098.40368,2425,82
6098.509223,856,1
6098.647905,1414,9
6098.785447,3226,3
6099.150219,4394,3
6099.333189,3381,85
6099.583289,3084,15
6099.9131,1684,9
6100.118109,2163,1
6100.253226,1604,2
6100.396827,3814,1
6100.990347,4759,1
6101.136054,3101,12
6101.138915,1443,13
6101.321982,2360,7
6101.387919,3101,1
6101.494091,1822,41
6101.532472,996,6
6102.012157,7681,1
6102.264179,7686,44
6102.267735,1974,1
6102.370352,7677,26
6102.871457,1532,4
6103.012385,1394,3
6103.080371,316,1
6103.388497,1286,38
6103.618905,4719,6
6104.019742,2522,10
6104.021481,1113,84
6104.505444,4218,8
6104.775262,1673,7
6105.277363,7686,2
6105.385146,1676,16
6105.385447,1447,21
6106.276234,161,25
6106.395187,3523,1
6106.490015,6650,8
6106.508454,7363,16
6106.625192,603,11
6107.510359,318,6
6107.767966,3580,3
6108.008508,3523,4
6108.07142,36,8
6108.385199,1805,5
6108.498376,3235,16
6108.623065,7486,8
6109.321267,6652,32
6109.322492,922,1
6109.381355,1538,1
6109.644389,2606,2
6110.50892,2519,88
6110.570778,37,42
6110.639484,1706,4
6110.779293,300,17
6111.005699,318,7
6111.005787,1092,41
6111.765408,7679,1
6111.76743,792,37
6112.318901,7232,1
6112.766765,7434,7
6113.009817,319,7
6113.632202,3424,24
6114.638936,2283,3
6115.50051,1840,4
6115.997331,2071,18
6116.15531,2279,5
6116.400686,2573,5
6116.750194,2343,4
6116.821449,1033,11
6117.031892,461,18
6117.032162,3294,12
6117.410068,4792,9
6117.538103,251,1
6118.0008,990,19
6118.070963,40,1
6118.074039,585,37
6119.373683,261,7
6119.743502,7417,1
6120.00324,3191,1
6120.08504,42,10
6120.402128,1428,2
6120.40376,1572,44
6120.660773,2384,2
6120.874812,3744,11
6120.899001,1963,7
6121.077001,1826,15
6121.371602,1197,13
6121.487903,5383,1
6121.577644,1538,61
6121.759367,3530,17
6122.005782,4650,1
6122.078564,2355,14
6122.15357,288,13
6123.148139,2358,5
6123.289719,1344,19
6123.530798,2904,26
6124.017876,2237,8
6125.016346,1265,11
6125.079452,1819,1
6125.74795,75,12
6125.755585,28,4
6125.786232,7673,28
6125.866218,1093,9
6126.006512,5386,15
6126.121024,3552,115
6126.266382,1264,8
6126.780412,150,14
6126.782972,568,84
6126.818901,50,1
6126.82541,7685,14
6127.121745,2178,4
6127.26029,7419,97
6127.646279,1572,220
6127.769279,691,3
6127.777575,5425,4
6128.140675,288,39
6128.258871,4197,5
6128.575792,52,6
6128.758546,1216,1
6128.760403,1200,6
6129.037903,3540,12
6129.073531,512,78
6129.543503,1154,6
6129.786267,1672,12
6129.787511,6485,1
6130.002073,746,2
6130.066031,2990,12
6130.291082,465,1
6130.793167,4501,67
6130.994794,2334,5
6131.044699,2487,3
6131.283832,4223,4
6131.547593,637,7
6131.636132,7380,24
6132.242733,1219,4
6132.286797,1490,3
6132.640671,7684,22
6132.994137,4129,1
6133.040664,1158,5
6133.24386,3945,4
6133.260033,3056,70
6133.529748,4229,3
6133.533077,1158,1
6133.779503,1159,1
6133.779693,6127,1
6133.991906,594,9
6133.997614,2294,3
6134.070676,3393,17
6134.267549,1655,1
6134.278249,1159,4
6134.278455,6127,1
6134.374541,933,1
6134.399472,4370,4
6135.493512,2539,5
6135.570617,3206,13
6135.779066,1207,10
6136.504477,292,1
6136.505027,1177,21
6136.531469,5957,13
6136.539549,7657,6
6136.882398,5685,38
6136.993199,3079,3
6137.379806,3088,3
6137.651506,7682,11
6138.580776,2731,10
6138.748384,287,24
6138.896625,1297,101
6139.023268,1209,6
6139.029708,7683,26
6139.892465,5794,7
6140.014035,3170,3
6140.078529,2608,29
6140.648754,7103,7
6140.754845,3117,58
6140.759478,393,38
6140.887932,7638,1
6140.989732,520,1
6141.498489,1861,24
6141.901253,11,10
6142.006604,3520,3
6142.754243,737,14
6142.996107,7668,24
6143.240248,1864,12
6143.406956,3847,1
6143.40997,2538,1
6143.581488,3292,16
6143.762083,255,25
6143.887898,611,4
6144.28296,1400,5
6144.506396,5681,13
6144.892911,7673,16
6144.996632,3177,9
6145.076156,2579,3
6145.256615,379,13
6145.257462,2543,5
6145.493301,2360,10
6145.827077,2625,5
6146.487983,7686,12
6146.49238,2363,5
6147.14316,2031,2
6147.145394,3140,8
6147.82583,1493,12
6147.897396,1575,6
6147.9993,7684,1
6148.013904,7683,43
6148.031645,1153,25
6148.24784,7682,6
6148.397686,7687,14
6148.775515,555,18
6149.030431,1166,20
6149.151286,413,3
6149.407048,1576,24
6149.740944,2720,2
6151.254296,5938,5
6151.267206,7677,6
6151.514088,388,6
6151.757734,6648,1
6152.255319,1618,6
6153.00973,2193,1
6153.249561,2237,4
6153.261219,7684,52
6153.399277,2095,17
6153.74921,3685,82
6153.752068,945,1
6154.016542,946,7
6154.272704,945,6
6154.51278,7682,1
6154.658984,6,3
6154.758144,1489,1
6154.89595,1324,4
6155.257278,7667,1
6155.626863,6096,3
6155.776535,723,8
6155.779045,2102,27
6155.899501,7683,3
6156.506662,4003,27
6156.570705,7686,4
6156.758512,1914,3
6158.015526,3833,2
6158.327358,1840,4
6158.329201,3204,15
6159.263523,3175,15
6159.336668,1891,22
6159.657377,5437,15
6160.580179,7687,1
6161.003589,4039,1
6161.087422,2103,2
6161.575411,1670,5
6161.770947,4040,16
6161.912535,1584,21
6162.009487,1387,48
6162.263129,1513,143
6162.267738,1863,66
6162.502516,496,34
6163.262602,7645,178
6163.330692,1087,12
6163.99857,4654,14
6164.664584,583,14
6164.996745,3531,3
6165.130333,2810,16
6165.276447,507,3
6165.331165,4165,138
6165.585373,1592,62
6165.906924,1988,1
6166.003899,4409,93
6166.296263,7657,19
6166.30036,7678,10
6166.330758,158,33
6166.535949,347,30
6166.656495,6220,22
6166.753042,137,1
6166.763253,1921,14
6166.763405,725,21
6166.824177,1672,403
6167.15688,1335,4
6167.257706,329,4
6167.261334,7072,6
6167.832396,1059,2
6168.040117,986,379
6168.259738,2911,1
6168.264447,4045,9
6168.503594,3185,16
6168.749803,4412,92
6169.262241,2186,1
6169.382712,2567,6
6169.831262,7686,13
6170.018592,469,16
6170.243291,1238,67
6170.246255,7651,82
6170.389289,7686,10
6170.583041,478,3
6171.015603,3099,3
6171.139147,3955,2
6171.271104,2179,3
6171.742174,3056,3
6171.77055,111,9
6171.997933,3554,1
6172.255802,1543,3
6172.336489,5691,3
6172.634881,758,7
6172.892152,583,11
6172.893544,3956,9
6173.777234,511,2
6173.874046,3138,3
6173.9945,3493,10
6174.02237,4053,1
6174.025399,6149,17
6174.141152,583,2
6175.073728,2434,1
6175.653024,1733,21
6175.656477,1426,3
6175.656778,1399,6
6175.870021,2575,1
6175.989167,1182,6
6176.617332,3719,1
6176.768149,2258,14
6176.868805,3594,8
6177.027563,7686,7
6177.263996,192,2
6178.371173,4494,1
6178.37201,7684,9
6178.513024,2240,3
6178.530874,1641,1
6178.753874,630,18
6178.777447,2525,3
6178.819665,1392,112
6178.877693,608,1
6180.120158,2193,51
6180.241403,5096,15
6180.273319,473,15
6180.273748,788,22
6180.274289,429,2
6180.514186,2240,9
6180.750176,712,8
6181.276312,1240,16
6181.327107,484,3
6181.366587,1161,3
6181.369535,1425,45
6181.831901,2576,3
6182.121879,2486,5
6182.539786,1781,9
6182.802694,3863,9
6182.805372,3917,5
6183.535687,44,152
6183.755135,7679,29
6183.896473,7653,1
6184.010898,2464,2
6184.541034,7673,4
6184.615362,1801,10
6184.651751,2191,25
6184.659592,7685,4
6184.906775,7678,4
6185.017794,848,1
6185.269006,2360,4
6185.29285,1814,4
6185.53012,4473,5
6185.818062,1327,2
6186.045365,2710,3
6186.27773,2243,17
6187.03535,47,19
6187.565322,7644,1
6187.654836,5691,2
6188.075688,1494,5
6188.150833,5424,1
6188.318733,570,18
6188.518677,7677,27
6188.537545,7670,6
6189.013774,530,22
6189.014935,7681,1
6189.019836,2428,1
6189.076655,235,68
6189.276511,2026,15
6190.03567,1838,3
6190.875795,1608,16
6191.247339,2027,3
6191.506221,2206,18
6192.129235,794,3
6192.284654,252,1
6192.493114,4186,37
6192.643817,1365,8
6192.783858,251,18
6193.326459,215,24
6193.33037,2439,12
6193.33122,1067,1
6193.540262,3198,3
6193.568229,7670,6
6193.873275,1821,29
6194.038074,86,30
6194.252734,3799,3
6194.894317,2197,8
6195.289619,2474,1
6195.32485,8,2
6195.326605,3400,3
6195.650342,1374,13
6195.761494,3107,6
6195.767437,5741,1
6195.889432,6583,3
6196.003714,255,193
6196.382125,3634,6
6196.504671,2616,13
6196.509938,392,4
6196.621404,4022,31
6197.008038,7418,143
6197.64585,7685,5
6197.757771,1329,11
6198.409584,1835,7
6198.510363,1330,20
6198.905485,5527,4
6199.005706,3903,17
6199.029588,250,27
6199.259206,4780,3
6199.380918,920,1
6199.544316,2461,1
6199.816561,326,2
6200.034122,3190,22
6200.239116,3572,1
6200.533048,304,1
6200.536752,2747,1
6200.646745,7603,13
6200.900706,1388,1
6201.329366,1039,15
6201.584624,2997,16
6201.653244,4577,1
6201.904922,4578,3
6202.124722,2716,4
6202.324774,243,7
6202.373595,1389,6
6202.393854,1976,19
6202.501989,7515,1
6202.502872,552,135
6202.749798,3833,2
6202.882589,925,1
6203.267341,2042,5
6203.382223,1438,1
6203.512761,7422,67
6203.79761,2898,4
6204.013387,2042,1
6204.257741,2785,2
6204.267625,2042,5
6204.541975,3252,14
6204.760871,1846,1
6205.00174,642,97
6205.070196,1173,23
6205.320213,3887,6
6205.494279,511,2
6205.506439,2442,54
6205.571877,3729,38
6205.886039,1530,69
6206.038289,2816,3
6206.567115,1073,82
6206.785895,6068,6
6207.247491,1707,5
6207.28232,59,30
6208.0668,7349,1
6208.332812,1045,19
6208.395402,7006,12
6208.57484,2418,19
6208.754446,1033,5
6209.037637,1601,40
6209.252875,4830,55
6209.257404,5213,1
6209.280512,2837,13
6209.368107,2654,56
6209.494708,3082,3
6209.828622,1910,19
6210.511963,2446,1
6210.589022,5634,80
6210.881631,7681,21
6211.081731,2024,3
6211.129229,5558,1
6211.132008,1611,27
6211.262909,7686,8
6211.289323,2989,20
6212.136866,1075,1
6212.574728,1091,15
6212.753754,1026,34
6212.879302,3091,35
6213.027809,1062,9
6213.507779,5374,18
6213.777988,1062,1
6214.120817,2124,242
6214.645677,5698,3
6214.766376,7677,2
6215.006391,2029,1
6215.010012,1777,9
6215.031972,7624,5
6215.385532,6095,12
6215.645782,3811,52
6216.119765,1278,25
6216.507287,758,14
6216.772982,1685,2
6216.774078,7251,3
6217.367385,7681,1
6218.00592,2877,20
6218.025037,249,21
6218.115878,4387,2
6218.341118,3409,15
6218.746282,7663,2
6218.897994,879,4
6219.027548,3000,9
6219.77409,7625,27
6220.005974,1626,11
6220.869898,1473,7
6220.901649,1131,20
6221.072342,2334,14
6221.074539,2317,1
6221.513816,1627,3
6221.831809,2740,128
6221.834679,1912,11
6221.996417,291,76
6222.016183,4955,14
6222.769638,4390,1
6223.149196,585,15
6223.575051,1294,7
6223.826865,749,3
6224.15144,1525,6
6224.51519,1654,2
6224.530967,6168,11
6224.573053,2530,12
6224.998251,301,15
6225.533501,3001,1
6226.044813,2335,13
6226.146982,1714,11
6226.500975,338,48
6226.50116,933,1
6226.506718,3185,1
6226.507327,1646,12
6226.529711,1111,17
6226.897514,1524,6
6227.001221,2260,3
6227.498021,7676,1
6227.65824,3572,147
6228.032724,251,2
6228.036337,2626,1
6228.572352,1085,13
6228.755833,1051,27
6229.01647,1887,2
6229.130818,918,4
6229.156541,4589,8
6229.328302,1750,3
6229.621295,1248,13
6229.75206,1388,8
6229.897523,4589,8
6229.997649,8,5
6230.617092,588,34
6230.867444,2737,5
6230.990187,3081,7
6231.244637,3081,14
6231.900184,2064,1
6232.158434,1413,6
6232.57804,1929,6
6232.897447,1708,3
6233.330558,1465,3
6233.513561,999,33
6233.525833,70,1
6234.082471,1466,3
6234.08887,365,46
6234.146832,2384,3
6234.267613,2758,19
6234.837133,1727,2
6234.885924,1709,2
6235.583975,1385,128
6235.619162,4340,14
6236.387126,1421,28
6236.761142,495,1
6237.028501,80,306
6237.028571,148,16
6237.513923,497,3
6237.773759,6103,1
6237.832915,1104,15
6238.489789,3490,4
6238.996786,805,92
6239.377773,2005,22
6239.381207,4244,25
6239.486514,4095,4
6239.987585,2355,1
6240.019041,970,21
6240.146679,1007,63
6240.279775,256,17
6240.533252,1355,8
6240.623783,2008,1
6241.135853,1251,1
6241.137061,1287,15
6242.076946,1941,10
6242.131987,2849,7
6242.499429,3743,32
6242.637024,1149,1
6243.004589,4676,3
6243.272788,7638,32
6243.379389,1290,16
6243.659325,4183,49
6243.871627,3079,3
6244.075276,4797,3
6244.127219,2398,10
6244.283221,2929,3
6244.384809,7684,15
6244.622272,2306,2
6245.263924,2934,9
6245.410431,7678,4
6245.415291,1670,161
6245.507336,400,20
6245.647644,2220,9
6246.003953,1462,57
6246.754757,536,10
6247.117493,2619,9
6247.256848,1034,3
6247.525282,1652,235
6247.656174,1276,14
6248.121543,2500,3
6248.278538,1015,3
6248.399654,1569,4
6249.242491,1050,1
6249.243715,3625,1
6249.74529,959,3
6250.029796,4952,3
6250.078003,1840,6
6250.500482,3153,4
6251.000824,3625,8
6251.621318,2011,1
6252.00168,3153,7
6252.024286,2414,6
6252.402243,2380,8
6252.83236,3604,37
6253.13957,4425,1
6253.250811,3502,19
6253.525055,2416,10
6253.529048,1875,20
6253.624157,3156,16
6253.767056,2339,29
6253.869388,2442,1
6254.015919,1986,3
6254.142877,7684,11
6254.397455,1692,1
6254.510542,1170,1
6254.76488,524,8
6255.12016,977,5
6255.365611,3175,4
6255.502708,1393,61
6255.650863,7684,1
6256.873782,334,8
6257.073748,176,1
6257.145944,2548,18
6257.322492,3606,33
6257.513127,1275,15
6258.012121,2578,15
6258.317184,1572,6
6258.526141,1135,1
6258.756603,1155,6
6259.005161,1156,5
6259.367535,2705,1
6259.654431,365,5
6260.243582,2373,100
6260.759292,1649,1
6260.834102,264,5
6261.27501,4649,2
6261.491902,2775,1
6261.514,893,8
6262.489962,2257,28
6263.020814,3029,1
6263.070152,7678,45
6263.257534,621,12
6263.651345,1325,2
6264.243794,619,13
6264.401253,631,41
6264.793965,1991,19
6264.834216,722,17
6265.087265,6257,97
6265.25787,692,47
6265.258289,7677,1
6265.49851,1198,14
6266.119835,339,2
6266.384246,189,16
6266.748329,1374,25
6266.820174,1208,169
6266.822053,1093,155
6267.071763,2402,3
6267.322257,340,6
6267.40328,2002,12
6267.542735,16,7
6267.583804,1507,27
6267.828118,2563,16
6268.254068,1017,34
6268.496935,1198,1
6268.505151,3637,1
6268.510341,1450,33
6268.629243,157,1
6268.753478,2710,14
6268.836597,1390,3
6269.532135,7685,11
6269.540616,368,59
6269.757508,3071,3
6270.002893,2711,7
6270.036144,7685,1
6270.325755,1586,2
6270.380973,1760,5
6270.505308,1518,4
6270.640803,7686,12
6271.134325,2515,1
6271.264983,109,34
6271.284416,2,11
6271.320537,5136,42
6272.009063,97,3
6272.323679,1462,9
6273.268807,4482,1
6273.321861,610,4
6274.007449,7474,9
6274.071966,45,2
6275.268548,7677,4
6275.647448,1994,3
6275.761483,2644,109
6276.071045,157,3
6276.38069,5096,6
6276.58121,3439,5
6276.58299,2931,28
6277.254451,2660,22
6277.262188,945,79
6277.754614,4972,14
6277.763826,1881,3
6278.076533,1674,3
6278.536673,184,10
6279.018476,2061,5
6279.791137,2006,19
6280.044126,2491,2
6280.044356,27,2
6280.255892,6708,17
6280.260669,4148,1
6280.582,2738,10
6281.027984,286,5
6281.156057,2532,1
6281.287347,285,6
6281.290985,1372,1
6281.509225,454,13
6281.514516,18,40
6281.540296,7685,19
6281.756235,516,9
6281.757329,1690,8
6282.05832,7677,3
6283.008659,7686,7
6283.261271,21,39
6283.400926,2839,11
6283.505206,2713,1
6283.817248,1898,1
6284.14637,2500,3
6284.404403,5961,7
6285.019215,3118,2
6285.151937,2927,12
6285.383648,610,3
6285.520435,2991,2
6285.78974,6855,1
6286.25778,667,2
6286.264413,265,7
6286.762624,1207,660
6287.012635,4396,9
6287.136994,175,1
6287.658535,2072,3
6287.874463,368,39
6287.911811,7685,29
6288.875853,7680,2
6289.008904,907,112
6289.032122,1125,11
6289.504561,1372,25
6289.52829,105,6
6290.009945,3626,1
6290.374888,7672,10
6290.37793,7683,30
6290.502945,2716,1
6290.776269,1126,1
6290.895686,1545,4
6291.040938,2507,2
6291.075731,355,15
6291.147817,7674,27
6291.275956,1186,13
6291.502209,1205,34
6291.5245,6734,9
6291.756679,130,1
6291.782233,2639,1
6291.784251,2639,1
6292.030152,34,15
6292.131695,7674,8
6292.396376,2359,6
6292.550986,7541,4
6292.773823,318,1
6292.82888,1682,7
6293.001861,2407,1
6293.070102,31,11
6293.49112,516,37
6293.492248,6939,1
6293.576711,7681,12
6294.575089,675,5
6294.765121,1021,14
6295.275545,2636,2
6295.379135,1380,2
6296.02436,16,14
6296.244337,1255,40
6296.323697,1578,2
6296.499595,1724,14
6296.652317,1353,1
6297.152442,2842,24
6297.27606,7669,20
6297.533252,1674,7
6297.775735,2002,115
6298.017439,3120,13
6298.158802,7679,11
6298.250128,1722,3
6298.818173,1511,19
6298.99688,2314,3
6299.023234,2757,1
6299.082118,218,11
6299.082436,1046,4
6299.085395,1823,16
6299.773917,93,14
6299.886838,7683,1
6300.025041,2757,17
6300.137935,7684,19
6300.327327,1048,3
6300.513045,2258,18
6300.897785,1426,12
6301.272405,1824,1
6301.281695,2413,12
6302.123071,188,4
6302.123522,792,55
6302.249481,1410,2
6302.378193,7682,1
6302.393216,312,45
6302.541568,1701,11
6302.75633,909,6
6302.784014,4218,18
6303.001006,1599,42
6303.142051,7687,27
6303.299455,2632,5
6303.392726,4225,21
6303.495486,4964,1
6303.637002,7686,1
6303.87022,4163,912
6304.011578,753,5
6304.121022,3871,9
6304.247878,7632,209
6304.395261,626,16
6305.277534,4223,15
6305.401076,1370,1
6305.491973,6637,3
6305.748353,660,1
6305.830523,1865,49
6305.832533,240,10
6306.24623,6893,1
6306.321127,1864,7
6306.65223,592,1
6307.004982,668,6
6307.368432,27,15
6308.127009,1840,5
6308.250733,2036,27
6308.397603,786,15
6308.399239,5168,7
6308.569762,365,33
6309.25025,2646,88
6309.281381,1183,4
6309.504689,3088,10
6309.506107,570,67
6309.506518,1906,2
6309.543061,2775,14
6310.375375,2122,14
6310.496359,1151,63
6310.623006,3503,13
6311.004558,2974,9
6311.150126,636,1
6311.378137,7676,43
6311.409643,1889,8
6312.03005,2361,16
6312.508247,4679,9
6312.531109,2291,1
6312.576511,6131,1
6312.627373,988,16
6312.783208,619,151
6313.149442,2736,4
6313.495722,3112,4
6313.743438,3088,2
6313.996083,2516,30
6314.131881,2625,2
6315.140819,472,63
6316.009981,5729,3
6316.013779,4080,1
6317.249696,7684,10
6317.741498,3976,3
6318.122468,990,3
6318.271941,1697,13
6318.528277,2042,12
6318.639514,3067,3
6318.833765,1642,3
6318.873054,4987,1
6319.268966,541,12
6319.527352,7403,43
6319.870672,7163,7
6319.890961,2596,8
6320.36788,2369,4
6320.574853,2756,21
6320.771706,1293,1
6321.273793,3218,7
6321.329407,3222,54
6321.387816,7548,17
6321.392252,1920,9
6321.513397,5733,1
6321.586115,1573,7
6321.627058,794,9
6321.996358,5045,9
6322.269924,4362,13
6322.270825,2567,13
6322.496305,663,3
6322.578763,1921,1
6322.580387,1921,5
6322.780955,2227,17
6322.781393,360,7
6322.989591,2456,13
6323.265197,360,4
6323.830718,6264,18
6323.870381,2422,3
6324.023831,7686,6
6324.280601,2213,1
6324.589527,2221,1
6324.658595,476,9
6325.245734,2992,4
6326.025145,44,24
6326.028462,7685,7
6326.145183,2086,1
6326.328642,7278,1
6326.761016,1277,13
6326.884488,2362,143
6327.284743,833,1
6327.641451,4484,6
6327.748266,577,12
6328.019519,1277,172
6328.026545,1214,9
6328.276511,7681,91
6328.510328,7573,3
6328.529122,7675,1
6328.616631,1106,148
6328.880513,935,39
6329.522402,355,9
6329.525943,45,19
6329.573301,3080,12
6329.751606,1714,1
6330.049149,2787,18
6330.24532,1065,13
6330.568898,2347,2
6330.780696,1183,13
6331.388165,2504,10
6331.626747,4992,62
6331.781934,1673,2
6332.019621,420,1
6332.020171,1921,3
6332.035356,271,21
6332.117688,2860,3
6332.618011,1109,6
6332.757432,690,40
6332.888429,250,9
6333.261886,257,1
6333.266141,1294,18
6333.294614,277,14
6333.319826,2432,2
6333.367109,2675,32
6333.516839,420,1
6333.766393,7684,36
6334.623311,7673,7
6334.6395,1262,7
6334.742639,674,7
6334.989922,4577,9
6335.243348,207,9
6335.625735,754,169
6336.083814,7513,106
6336.746896,1098,3
6337.013094,1394,34
6337.032535,2643,2
6337.369017,3013,4
6337.492377,231,11
6337.763821,359,1
6338.253914,2713,4
6338.504201,3123,9
6338.998551,2362,1
6339.325723,7517,100
6339.572856,7516,1
6339.639478,3793,3
6339.894203,1935,2
6339.895332,2673,1
6340.006713,3418,7
6340.01133,4974,12
6340.641893,3428,14
6341.00523,7683,116
6341.624337,4059,11
6341.874646,2068,15
6342.277774,7675,22
6342.277957,1976,3
6342.637568,1661,2
6343.001005,3136,6
6343.140965,7685,3
6343.251334,1543,1
6343.333503,2950,5
6343.643866,4632,17
6343.756677,1684,40
6343.890121,206,14
6344.624122,5748,5
6344.884351,432,6
6345.501426,1163,4
6345.502722,1537,69
6345.53891,335,2
6345.786986,465,14
6346.326532,295,3
6346.392954,1723,3
6346.637971,7681,8
6346.890651,2,5
6347.013133,342,55
6347.292987,2793,13
6348.069333,1689,11
6348.126625,4061,1
6348.130825,5745,1
6348.389869,3436,3
6348.51257,1617,14
6348.513428,691,2
6348.513695,2319,17
6348.640548,1683,19
6348.642388,1769,4
6348.89906,2000,7
6349.140134,3486,2
6349.140504,5726,2
6349.269449,373,5
6349.541213,3954,10
6349.570882,2034,2
6349.890165,1804,1
6350.038025,975,4
6350.07491,3124,1
6350.257498,2260,1
6350.507265,691,1
6351.008412,691,1
6351.263968,5976,13
6351.634171,6517,2
6351.886466,5748,4
6352.013309,5175,1
6352.016052,1216,10
6352.138736,2610,2
6352.325782,283,9
6352.5129,3075,5
6352.774125,1405,2
6352.883103,1647,123
6353.272388,14,14
6353.381458,4200,5
6353.637158,2661,15
6354.125085,4539,362
6354.129434,1693,13
6354.142486,437,12
6354.57296,2376,3
6354.618269,4080,6
6354.783125,2611,8
6354.7833,4396,7
6354.99195,7686,1
6355.033638,1946,4
6355.131338,7653,36
6355.242608,7686,14
6355.317835,1675,19
6355.538535,55,5
6355.667441,1277,2
6355.989168,7683,13
6356.079557,2378,9
6356.247822,2209,2
6356.280766,1634,9
6356.392109,3103,29
6356.771917,1685,10
6357.017485,2713,14
6357.036715,5143,3
6357.83309,1804,1
6358.023897,1366,16
6358.029175,2742,9
6358.258269,2393,65
6358.581961,218,21
6358.7446,2012,1
6358.764728,1367,7
6358.78738,57,10
6358.794617,3438,44
6358.830392,1428,6
6359.242231,7684,1
6359.266775,5581,9
6359.523449,866,148
6359.834511,2380,1
6359.882353,1011,67
6360.036377,881,3
6360.089429,1617,5
6360.521554,882,2
6360.522441,664,1
6360.646131,2228,4
6360.780172,1836,3
6361.141727,6453,3
6361.894996,3125,13
6362.401391,622,18
6362.629382,480,17
6362.777366,7686,1
6362.902168,61,92
6363.017572,2919,82
6363.033272,7686,3
6363.126649,1542,9
6363.127467,2997,7
6363.263574,2660,6
6363.283087,2697,32
6363.505557,3143,1
6363.517166,806,1
6363.761418,1959,16
6363.829801,1767,4
6364.008151,1310,16
6365.039893,7500,6
6365.158693,1494,3
6365.340517,1973,5
6365.400155,3927,7
6365.581039,4173,14
6365.630353,1430,1
6366.029933,2801,17
6366.087881,2425,3
6366.369595,3027,2
6366.407361,4312,9
6367.003677,2381,22
6367.253992,2015,41
6367.28217,1461,1
6367.327598,3617,8
6367.591457,7674,13
6368.651694,1264,3
6368.877904,990,1
6368.896928,2075,9
6369.018254,1873,12
6369.158484,1624,3
6369.25308,2998,1
6369.786776,758,54
6369.900858,1624,1
6370.038065,3201,1
6370.759599,1013,228
6370.762586,7674,26
6370.825301,976,9
6370.825351,3062,3
6370.897539,7248,20
6371.07146,2404,6
6371.379269,5032,1
6371.382929,5393,5
6371.78709,945,58
6371.844132,2404,10
6371.872644,5395,10
6372.012061,606,16
6372.331855,1450,70
6372.372392,3213,3
6372.384596,1621,5
6373.039495,2227,494
6373.281434,5491,1
6373.394924,2934,16
6373.760991,1730,24
6373.762232,3832,5
6373.780006,7503,3
6374.148713,3931,13
6374.335761,292,3
6374.395952,7683,3
6374.496317,1083,1
6374.548237,6472,1
6374.816909,7680,1
6375.001104,609,6
6375.007061,2369,7
6375.043611,1309,13
6375.128316,3370,3
6375.498476,2803,8
6375.502936,711,34
6375.576732,5688,6
6376.043776,2715,6
6376.118326,5786,2
6376.142463,2476,12
6376.260746,2372,61
6376.542262,2396,24
6376.62021,4220,82
6376.638595,5114,16
6377.396954,1826,3
6377.510852,7657,5
6377.547621,1697,14
6377.616271,1236,97
6377.64294,645,1
6377.75776,1941,13
6378.328162,1321,3
6378.888708,2364,7
6379.042106,5106,14
6379.763528,2321,10
6380.00734,1177,8
6380.04341,3546,10
6380.133753,2503,1
6380.294487,5764,2
6380.391539,2365,1
6380.508298,6048,12
6380.511085,503,10
6380.639893,2565,6
6380.828086,2232,1
6381.144285,3443,38
6381.320859,2411,2
6381.622889,2502,2
6381.761312,2840,1
6381.867322,4256,85
6382.250398,1828,1
6382.261108,3373,7
6382.387964,455,2
6382.510213,2396,22
6383.009233,503,1
6383.762164,214,1
6383.763365,7661,46
6383.770233,94,2
6384.010585,7687,1
6384.291443,1975,7
6384.589999,7683,12
6384.754037,3001,9
6384.754255,1158,4
6385.013165,2984,9
6385.034839,6123,7
6385.035238,7675,6
6385.382838,1412,2
6385.506833,614,2
6385.770921,5115,10
6386.323886,3034,2
6386.516075,1769,62
6386.527248,3578,16
6386.634626,1064,10
6386.652915,3016,1
6386.828822,3628,31
6386.904796,1540,1
6386.910115,5494,44
6387.027094,2196,36
6387.257177,2323,6
6387.329412,2449,9
6387.512417,752,3
6388.257918,5120,1
6388.400008,2007,16
6388.521888,1218,5
6388.528585,719,3
6388.529868,101,16
6389.009376,2544,11
6389.567409,1995,4
6390.009628,1088,15
6390.149361,4690,3
6390.387809,3218,11
6390.629965,2127,141
6390.901354,510,30
6391.025434,1488,14
6391.525935,2240,2
6391.886169,7683,73
6391.895278,652,15
6392.273304,2368,6
6392.273704,5044,1
6392.39156,7686,6
6392.52363,1793,2
6392.630575,4529,20
6392.770656,26,1
6392.88804,1296,1
6393.025905,631,11
6393.388789,2373,3
6393.507926,2328,1
6393.574903,1169,8
6393.589881,827,4
6393.786428,3030,19
6394.070008,420,3
6394.511415,4193,4
6394.761602,1267,3
6395.258167,504,1
6395.75939,1076,12
6395.777353,126,23
6396.321289,1538,10
6396.389279,4648,1
6397.008327,375,3
6397.385296,4267,11
6397.532392,1219,8
6397.894757,765,11
6398.259275,1888,10
6398.39846,517,34
6398.569928,1811,5
6398.893862,2140,14
6399.128419,2343,7
6399.317134,1539,15
6400.318913,2240,1
6400.618086,2243,2
6400.753268,7673,10
6400.886602,3693,1
6401.137345,3985,522
6401.384429,1108,1
6401.493027,1297,1
6402.254886,1661,2
6402.371817,7684,10
6402.576643,2524,16
6402.823303,1352,1
6403.322526,2704,1
6403.652355,1655,34
6403.866454,7684,19
6403.888215,3080,6
6404.643671,1125,10
6405.124542,1695,12
6405.252843,1486,64
6405.262946,365,8
6405.371653,69,1
6406.391956,1653,21
6406.576956,7432,61
6406.57737,1609,1
6406.644163,2772,10
6407.176704,6198,3
6407.50071,7684,3
6407.793227,3697,20
6407.905598,788,2
6408.490555,1191,4
6408.886277,71,8
6408.902669,275,27
6409.027919,7479,5
6409.073412,1612,7
6409.381958,262,34
6409.40355,6200,66
6409.789539,2767,3
6410.070981,7686,15
6410.291072,1859,19
6411.506643,1777,36
6412.005429,3219,2
6412.621079,5167,1
6412.785141,4165,2
6412.787023,3599,1
6413.258297,916,9
6413.2802,6670,1
6414.005164,3879,11
6414.023512,1219,3
6414.255331,167,4
6414.258337,993,15
6414.518721,3218,31
6414.567135,166,59
6414.784072,5052,18
6415.075944,2893,15
6415.252113,341,3
6415.56998,1809,9
6415.999627,342,1
6416.136858,932,1
6416.763987,1901,18
6417.019734,3257,1
6417.136994,2385,13
6417.575595,4244,3
6417.578589,1083,12
6418.042744,1344,20
6418.149672,595,1
6418.489608,7686,20
6418.585485,4182,3
6418.783532,1486,1
6419.283265,903,3
6419.400431,7677,7
6419.630208,242,10
6419.634129,4206,7
6419.828061,1023,1
6419.905762,2262,1
6419.993278,4562,20
6420.016312,4348,11
6420.082149,1023,5
6420.778608,7686,1
6420.779393,7583,3
6420.780462,544,248
6420.832082,959,15
6421.020805,7685,1
6421.523034,2263,1
6421.57964,1023,16
6421.767813,54,10
6421.880031,303,9
6422.515639,383,28
6422.581055,7672,6
6422.633368,2578,12
6422.884552,3061,1
6423.254037,7681,11
6423.523271,1768,42
6423.6308,3882,1
6423.882888,3060,1
6424.636523,161,16
6424.780512,1001,1
6424.895189,4893,1
6425.245534,3266,1
6425.276577,5058,31
6425.327473,1274,61
6425.488726,4754,19
6425.753797,2850,3
6425.869279,2410,26
6426.026291,2814,19
6426.129832,1914,11
6426.25343,58,17
6426.880874,2410,14
6426.895015,7667,13
6427.006089,973,1
6427.242211,4732,40
6427.396031,2143,6
6427.529747,2850,3
6427.637148,1510,49
6427.639268,474,8
6427.771903,1956,5
6427.829312,573,84
6427.884236,260,3
6428.000406,708,17
6428.346756,4930,175
6428.348208,453,5
6428.504186,108,1
6428.74238,1298,2
6428.892026,571,10
6429.507611,718,20
6429.748596,1443,5
6429.820288,2303,16
6430.070242,7675,5
6430.139537,1079,42
6430.280141,5860,3
6430.524852,733,195
6430.525059,1359,7
6430.649909,751,1
6430.835906,1302,1
6431.092501,3391,23
6432.079785,175,6
6432.330704,449,18
6432.49926,117,11
6432.500243,1300,3
6432.635827,1095,7
6433.000467,5414,1
6433.154257,3181,137
6433.24261,2733,19
6433.283435,3704,3
6433.827267,2455,39
6433.896961,1628,3
6434.031772,3716,3
6434.404058,4434,9
6434.883374,3019,19
6435.076625,1906,3
6435.077547,2304,4
6435.246803,7685,14
6435.252329,1499,4
6435.279864,3059,6
6435.339945,3389,3
6435.529766,3059,6
6435.585923,2028,1
6435.827607,1907,1
6436.909382,7533,1
6437.395131,676,15
6437.506429,2294,7
6437.632442,307,2
6438.010833,1876,29
6438.091718,1024,13
6438.252122,1814,8
6438.261671,6211,2
6438.832596,1010,20
6438.879935,1008,2
6439.145749,2891,12
6439.333051,5164,3
6439.400976,3261,11
6439.648939,1687,19
6439.77278,67,9
6439.774536,7686,1
6439.878811,2256,9
6439.903988,2279,57
6440.261611,698,8
6440.282056,7679,14
6440.399719,7521,7
6440.517786,2855,6
6440.88376,5527,2
6441.007866,4530,46
6441.497289,1340,9
6441.637611,3240,5
6441.641476,6997,1
6441.741213,4211,4
6441.781165,7673,14
6441.781582,874,16
6442.631069,3240,39
6442.890757,2706,39
6443.021242,177,17
6443.127819,2217,16
6443.388306,1530,15
6443.388716,1354,4
6443.394396,7669,99
6443.579205,578,1
6443.62692,1355,3
6443.776054,3641,2
6443.872882,2571,29
6444.019113,2280,71
6444.144835,7529,6
6444.268014,4912,44
6444.340536,578,1
6444.530076,2241,1
6444.665772,3915,9
6444.86865,1832,2
6445.024126,3498,1
6445.278187,1870,1
6445.839711,1527,1
6445.869408,3237,9
6445.874657,5025,3
6445.887865,3114,9
6446.388862,7666,36
6447.122272,7656,4
6447.334513,3775,12
6447.57251,3615,1
6448.026638,2195,7
6448.126421,3109,9
6448.392279,7685,3
6448.745937,2414,5
6448.770941,7683,10
6449.133355,315,504
6449.272862,2687,21
6449.650048,2893,4
6449.888062,1846,49
6449.990968,2125,26
6450.129926,416,27
6450.140482,2893,4
6450.397679,2120,11
6450.403404,2471,1
6451.022212,4751,5
6451.246695,5833,6
6451.271364,2428,1
6451.501468,7683,17
6451.642541,7522,4
6451.737827,2372,3
6451.741815,263,27
6451.774874,4751,4
6452.010797,2281,133
6452.022853,1993,4
6452.023963,41,5
6452.079235,3395,4
6452.328339,579,18
6452.391562,2913,14
6452.582405,7676,1
6452.988721,2780,4
6453.246673,7675,1
6453.247748,149,11
6453.522608,2289,44
6453.625487,2511,9
6453.626286,1521,11
6453.637308,2000,2
6453.776422,299,2
6453.887463,7523,8
6454.029079,7685,57
6454.258233,2835,78
6454.277998,3691,32
6454.583395,464,16
6454.679853,3544,2
6455.138134,7167,13
6455.644039,7686,10
6455.774367,3132,14
6455.88953,945,39
6456.146413,713,4
6456.493138,1772,125
6457.026904,4892,12
6457.38755,3317,1
6457.540436,1178,5
6457.591529,2059,2
6458.272001,5230,13
6458.525223,4156,3
6459.000407,1598,5
6459.02832,3694,9
6459.639644,2062,4
6460.082148,7671,1
6460.257602,1258,9
6460.392979,1578,16
6460.500544,7680,1
6460.587856,1374,42
6460.752354,1774,39
6460.755365,7673,5
6461.081788,670,4
6461.251344,1775,1
6461.334673,1535,8
6461.751175,3006,10
6461.888172,1062,4
6462.047977,2312,3
6462.258672,2395,430
6462.376131,7654,1
6462.506574,3072,3
6463.006728,2388,3
6463.147982,1983,1
6463.492632,1785,17
6463.836795,1617,17
6464.246024,1777,4
6464.374323,2591,22
6464.398899,1639,1
6464.512891,2389,2
6464.520365,2774,5
6464.782658,6009,14
6464.828893,2381,1
6464.90114,1741,3
6464.993582,4032,16
6465.246322,897,8
6465.388096,1093,15
6465.515558,2650,3
6465.533511,2677,8
6466.040116,2251,16
6466.0424,7677,12
6466.493015,2419,16
6466.529781,972,4
6466.990962,2533,4
6466.991334,2375,40
6467.152137,158,1
6467.258385,557,1
6467.576738,7275,1
6467.650793,158,1
6467.744141,659,30
6467.748871,7680,26
6468.028023,4305,1
6468.082647,471,1
6468.139027,2751,673
6468.399763,3144,9
6468.534911,7681,23
6468.535069,2092,10
6468.759978,1574,1
6468.825611,2209,3
6469.286893,1713,4
6469.341572,476,1
6469.49654,3401,3
6469.544376,1713,10
6469.76698,1574,18
6469.76883,939,33
6469.843881,7321,7
6470.049569,1713,5
6470.050017,951,4
6470.145592,3327,1
6470.387143,3225,2
6470.491594,7683,24
6470.544583,7567,3
6470.642247,7664,6
6471.010016,1414,7
6471.319108,4256,1
6471.777126,3112,1
6472.009361,1415,4
6472.073136,477,22
6472.131335,2408,18
6472.385943,827,11
6472.500677,523,9
6472.533139,984,29
6472.574696,2011,3
6472.574785,1574,1
6472.823602,1058,10
6473.25467,2875,8
6473.292812,985,3
6473.381597,1761,19
6473.510493,940,28
6473.757008,1064,16
6473.817685,40,9
6474.007334,941,27
6474.072297,7331,172
6474.138926,28,3
6474.382621,5408,5
6474.6505,3228,1
6474.652494,669,20
6474.883061,1230,47
6475.006013,2988,18
6475.008496,54,1
6475.244302,2920,2
6475.256754,428,12
6475.525752,916,17
6475.529849,1999,5
6475.529964,2277,5
6475.573658,2380,1
6476.273435,568,10
6476.390765,1118,9
6476.527357,2280,4
6476.642174,7168,1
6476.779,202,9
6476.83036,2027,1
6476.890198,830,10
6477.017842,2319,21
6477.142113,3317,4
6477.388113,191,5
6477.504194,2813,9
6477.50695,7683,9
6478.52465,1231,1
6478.774382,924,2
6478.903109,3228,1
6478.998811,7683,1
6479.015545,7679,3
6479.024797,7678,12
6479.509003,3505,45
6479.76007,1416,16
6480.575165,2074,34
6481.904285,193,7
6482.094338,2810,9
6482.331456,2997,99
6482.331903,1606,37
6482.580408,2701,15
6482.770502,3203,1
6483.240394,855,1
6483.334545,1775,1
6483.404749,877,44
6483.409247,346,3
6483.994754,2048,9
6484.330797,4265,3
6484.531626,1277,16
6485.594325,2376,5
6485.622457,2283,1
6485.756976,2937,41
6486.025668,2751,10
6486.371427,3250,9
6486.394502,1512,32
6486.747505,2051,6
6486.74814,2885,3
6486.879674,1374,2
6487.747174,1580,3
6488.074092,3164,30
6488.501941,440,2
6488.644063,1087,1
6488.999869,2398,12
6489.004133,1197,2
6489.089599,3035,1
6489.149089,991,45
6489.621928,232,6
6490.340088,2818,2
6490.373728,1317,12
6490.655244,3141,15
6490.89428,7663,4
6490.895962,1825,46
6491.083498,7665,40
6491.625653,513,17
6492.085177,507,22
6492.148796,994,1
6492.406396,2887,6
6492.578137,5550,7
6493.024814,1785,26
6493.504944,2477,38
6493.643743,1827,44
6494.987548,3660,124
6495.122242,4420,21
6495.266685,7681,11
6495.52651,2383,3
6495.636754,3069,1
6495.758733,1061,1
6495.774241,77,1
6495.890895,3069,1
6495.995879,1740,5
6496.14616,1061,1
6496.251086,6338,23
6496.273227,2540,7
6496.366601,3341,7
6496.36928,4428,11
6496.778069,1093,16
6497.02492,2263,5
6497.276081,3403,21
6497.276303,378,20
6497.389411,461,30
6497.531688,1646,17
6497.575839,275,4
6497.739757,976,417
6497.870643,512,13
6498.242016,992,27
6498.389057,823,4
6498.580304,908,11
6499.003702,1716,4
6499.078758,1065,1
6499.143335,2340,10
6499.147699,3352,2
6499.491566,7601,27
6499.519736,7682,1
6499.885465,603,4
6500.122828,2416,4
6500.137925,2072,16
6500.288962,3406,20
6500.743571,446,5
6500.747775,2284,69
6500.781159,1650,27
6500.991351,2417,25
6501.010913,3046,3
6501.15312,214,47
6501.2956,661,53
6501.400241,2163,2
6501.404262,7685,12
6501.746491,7575,4
6501.766199,1858,10
6502.079902,1053,12
6502.261613,2289,2
6502.279464,84,1
6502.535221,67,15
6502.536583,25,1
6502.74141,1215,1
6502.834243,4298,1
6502.835526,1657,1
6502.99594,7684,4
6503.032086,85,1
6503.137394,3247,7
6503.239426,1397,817
6503.370088,614,9
6503.370762,2839,11
6503.386872,3861,566
6503.515524,5673,7
6503.533509,6887,14
6503.534061,86,1
6503.535297,638,22
6503.580099,2704,13
6503.63674,171,10
6503.765072,7683,3
6504.116747,19,71
6504.391985,891,22
6504.392938,1381,4
6504.625734,2387,4
6505.239864,1320,1
6505.271109,1543,11
6505.274712,620,3
6505.825724,277,6
6505.902435,2073,15
6506.280435,4027,43
6506.377951,714,15
6506.52283,1354,12
6506.828687,5507,9
6506.871653,1211,12
6506.989195,7685,3
6507.277889,58,37
6507.626965,7679,81
6508.030485,640,14
6508.26746,1354,14
6508.269273,1354,14
6508.534625,4033,157
6508.765398,1164,7
6508.825123,742,52
6509.029366,2110,40
6509.033045,4292,3
6509.493151,807,11
6509.881416,4435,10
6509.988727,7686,13
6510.073057,860,14
6510.263197,714,3
6510.642642,1535,17
6510.646823,5472,23
6510.901057,3071,1
6511.075287,3187,2
6511.126456,7686,1
6511.149879,3070,9
6511.520363,1992,2
6512.126881,4036,15
6512.262901,2955,19
6512.405772,175,6
6512.406162,1147,47
6512.534018,646,46
6512.794815,597,3
6512.821992,352,1
6512.867784,947,1
6512.902741,4872,1
6513.898563,3070,1
6514.037966,2727,3
6514.263011,1230,13
6514.503735,4023,124
6514.542897,7685,15
6514.790108,3152,10
6515.007872,1707,10
6515.041091,3801,4
6515.047661,643,4
6515.156115,1613,6
6515.325177,745,196
6515.615537,5034,1
6515.75698,11,75
6515.834747,3108,14
6515.897771,179,1
6516.038511,734,5
6516.087172,4320,1
6516.157998,181,6
6516.283127,2642,10
6516.331804,542,1
6516.374825,4437,19
6516.540209,7657,8
6516.832207,542,1
6517.008152,7676,18
6517.161165,1084,6
6517.516205,1297,3
6517.769733,624,15
6517.770623,1297,3
6517.824956,887,1
6518.39926,901,3
6518.769462,1277,1
6519.087308,820,17
6519.129767,2303,3
6519.249607,4036,41
6519.378969,3965,5
6519.489598,3673,1
6519.774394,1659,1
6519.823157,356,43
6519.896541,7674,7
6520.018447,3006,8
6520.143355,6918,5
6520.516242,710,1
6520.770047,7677,7
6520.826045,1445,23
6520.826343,747,1
6521.022847,710,7
6521.117848,54,12
6521.14806,234,25
6521.521571,1357,6
6521.52845,7580,2
6521.639961,7679,1
6521.778926,7685,16
6522.239217,2395,21
6522.395622,3670,2
6522.572264,6718,3
6522.75625,1654,78
6523.116711,7674,10
6523.268841,7679,5
6523.513296,7679,1
6523.872421,7686,1
6523.900618,7674,19
6524.782447,465,7
6524.885705,1644,7
6525.012238,7680,7
6525.241028,1021,2
6525.396816,1647,55
6525.568658,2842,15
6525.755658,728,1
6525.773966,773,11
6526.005839,728,1
6526.011799,1043,1
6526.027203,3901,6
6526.253621,1352,5
6526.371617,3125,1
6526.529145,4086,34
6526.619034,615,4
6526.754781,7681,1
6526.757134,4031,13
6526.757645,6685,1
6527.126968,5577,82
6527.875899,4035,14
6527.990857,2351,55
6528.025172,1854,2
6528.030217,2734,2
6528.333718,712,264
6528.525746,2992,5
6528.528128,3420,3
6528.75026,7686,10
6529.028377,113,14
6529.148028,3414,3
6529.276393,2706,16
6529.527416,1049,16
6529.629414,7686,9
6529.740222,1065,2
6530.651087,6215,4
6530.893158,1089,7
6531.765276,7672,9
6532.006872,2743,13
6532.010953,1836,1
6532.27895,3111,79
6532.33278,1732,15
6533.025791,7579,11
6533.140185,2362,9
6533.141749,487,14
6533.319009,402,11
6533.779042,1631,83
6533.882841,2854,13
6533.883454,3381,13
6534.638984,1380,1
6534.839638,7664,10
6535.073881,7665,1
6535.254339,7685,9
6535.263455,2813,11
6535.391323,236,13
6535.638622,12,7
6535.639742,406,15
6535.750681,716,14
6535.773068,1172,27
6536.086907,535,23
6536.390207,7684,12
6536.502292,7679,37
6536.791099,407,19
6537.00729,2361,18
6537.132145,1472,3
6537.135651,2369,9
6537.554053,7686,2
6538.576683,1452,19
6538.832019,2833,3
6539.385311,406,14
6539.644235,407,13
6540.137326,408,12
6540.251699,5077,22
6541.26992,542,10
6541.83414,1337,7
6541.881461,166,16
6542.27898,950,7
6542.325684,2616,1
6542.755631,3146,1
6542.758424,6239,1
6543.132805,2049,10
6543.135654,1619,10
6543.251992,210,11
6543.324813,2975,13
6543.639858,2372,1
6543.773185,2018,11
6543.835047,3850,13
6544.071812,555,14
6544.625548,150,5
6544.745072,7684,26
6544.776929,1115,25
6544.891569,3153,30
6545.000745,5992,8
6545.389442,1172,3
6545.509677,3826,6
6545.519684,870,33
6545.763081,923,9
6545.889135,4340,22
6546.285885,7682,8
6546.532414,953,4
6547.023964,2713,26
6547.504316,3171,4
6547.655284,3530,21
6547.888457,2679,30
6548.000958,5993,45
6548.018976,1712,3
6548.131925,2374,1
6548.136603,1620,3
6548.524659,605,15
6548.640078,1298,1
6548.832533,1577,1
6549.011003,4102,3
6549.093564,3237,17
6549.133468,153,1
6549.136265,930,47
6549.257633,7676,1
6549.375819,153,1
6549.876668,3437,14
6550.085646,2627,10
6550.139936,429,2
6550.250861,3239,5
6550.325159,901,16
6550.878961,2389,57
6550.891939,431,3
6551.014826,5054,76
6551.377095,7680,4
6551.533035,951,1
6551.786124,951,1
6551.835518,2073,3
6551.998915,2826,56
6552.007268,736,2
6552.526438,2021,8
6552.632335,156,2
6552.633416,2376,4
6552.638589,1066,5
6552.759054,7284,1
6552.890691,303,22
6553.512284,241,2
6553.514006,7683,7
6553.579524,1482,5
6553.638677,1264,26
6553.757574,7690,11
6554.372151,2186,1
6554.875357,1067,4
6555.00215,7685,3
6555.006111,93,2
6555.267663,769,3
6555.369399,2483,49
6555.518816,736,2
6555.525783,3102,22
6555.884492,1857,1
6556.383587,3743,7
6556.414168,199,9
6556.773465,2200,1
6557.025165,3903,1
6557.029549,2084,55
6557.249406,7681,1
6557.330018,3092,15
6557.756142,336,43
6557.76117,440,5
6557.776029,69,15
6557.826751,513,3
6558.029281,2825,5
6558.030943,2223,13
6558.126712,1635,32
6558.265118,867,3
6558.266174,7680,17
6558.383659,7685,26
6558.755339,4173,4
6558.758377,463,1
6559.023794,7672,15
6559.082379,6671,10
6559.518835,1076,52
6559.635663,2111,5
6559.767912,464,56
6559.824028,850,6
6559.884804,2694,3
6559.991291,331,5
6560.030532,3032,10
6560.400318,461,1
6560.517485,1078,12
6560.539873,2496,4
6561.373027,3162,11
6562.291297,7672,59
6562.492676,3233,1
6562.79001,2046,1
6562.794436,7686,63
6563.536532,1445,3
6563.578899,1056,10
6563.834084,947,3
6564.064034,2792,38
6564.064158,7675,14
6564.332742,4129,2
6564.58399,721,28
6564.835947,570,12
6564.876608,2812,9
6565.327038,3662,10
6565.389288,1104,1
6565.504559,1277,1
6565.870879,1715,2
6565.999489,1364,49
6566.116439,3265,8
6566.256639,222,19
6566.319324,1485,3
6566.369256,3757,1
6566.396578,1651,8
6566.879223,1068,67
6567.00611,1267,45
6567.143813,1669,1
6567.387698,7679,9
6567.396117,415,15
6567.541523,7684,33
6567.742634,6260,1
6567.746438,3244,1
6567.786041,5164,9
6567.787027,1825,19
6568.001605,2785,1
6568.004933,1267,201
6568.147504,3252,16
6568.541994,4342,1
6568.645995,5563,12
6569.573826,2668,15
6569.575595,3246,1
6570.239957,1366,5
6570.531443,2831,5
6570.571585,516,2
6570.576588,1110,2
6570.754617,5167,8
6570.889099,1396,4
6571.021499,2021,1
6571.634635,1874,1
6571.641839,1386,1
6571.64477,416,46
6572.28111,2498,71
6572.329393,1489,65
6572.392104,1278,21
6572.503421,2409,6
6572.537605,2023,1
6572.567229,3248,3
6573.749955,4103,5
6573.89352,650,49
6574.366027,4410,7
6574.568598,3664,5
6574.572466,660,7
6574.757548,2634,3
6575.120882,1495,4
6575.545694,2499,31
6576.079641,419,4
6576.143014,21,5
6576.391093,1327,22
6576.505906,3189,3
6576.891579,7684,3
6576.995881,3659,17
6577.119032,2372,22
6577.775616,4336,10
6578.255822,1370,72
6578.586732,1379,82
6578.865777,2714,1
6578.86645,1539,5
6579.075365,1289,3
6579.752417,3579,9
6580.154549,3222,3
6580.264097,7680,4
6580.366139,4410,3
6580.655778,1330,17
6580.904032,658,48
6581.117863,2025,4
6581.241523,846,107
6581.28561,185,1
6581.285848,1782,17
6581.534082,1498,19
6582.03156,2946,24
6582.523808,7597,7
6583.369628,5283,12
6583.586831,3095,3
6583.622673,7193,2
6583.871451,2416,28
6583.895596,5846,4
6584.000437,4796,2
6584.032007,2001,2
6584.33182,2835,3
6584.532603,963,8
6584.648147,2329,5
6584.75912,953,282
6584.838371,571,11
6584.898705,579,13
6584.903153,429,1
6585.150664,1632,32
6585.835072,3380,1
6586.015432,490,36
6586.150043,4485,13
6586.258361,956,104
6586.27322,7495,19
6586.374682,1506,4
6586.523344,4798,1
6586.822642,574,8
6586.868263,1166,1
6587.320322,3095,3
6587.366836,2223,1
6587.617555,2774,2
6587.900625,42,17
6588.03288,554,28
6588.390448,1305,10
6588.392605,1336,1
6588.397168,389,1
6589.030185,2735,31
6589.738553,1286,17
6589.73932,3744,3
6589.886966,7194,1
6590.133819,7681,2
6590.255216,1519,17
6590.326797,1314,5
6590.882141,1309,9
6591.370657,191,3
6591.998608,2852,5
6591.998678,3831,3
6592.238039,3215,1
6592.239421,342,46
6592.388763,723,6
6592.75011,1870,3
6593.535566,3123,1
6593.624332,2307,3
6593.836031,2099,4
6593.872146,7680,12
6594.505824,2432,9
6595.14759,2750,13
6595.281832,1746,4
6595.283383,7608,4
6595.642691,1959,31
6595.753184,340,24
6595.829927,2100,5
6595.998766,1325,8
6596.383462,2709,2
6596.754936,7685,56
6596.868854,342,1
6597.082236,1645,10
6597.259066,28,6
6597.82725,2578,1
6597.873611,194,1
6598.000023,4250,10
6598.253206,346,3
6598.328794,2276,2
6598.516721,1491,14
6599.499171,1386,2
6599.75059,1387,2
6599.763755,3642,17
6600.007876,2121,29
6600.115875,5158,9
6600.616903,2392,1
6600.83722,583,1
6600.908155,3567,3
6601.523697,3645,1
6601.663465,859,9
6601.780327,7613,7
6602.125133,1868,9
6602.244819,1237,4
6602.370738,286,5
6602.49218,1666,3
6602.649375,733,1
6603.075135,3382,1
6603.076224,7667,1
6603.334092,3384,1
6603.656605,386,3
6603.991637,4251,10
6604.024277,3448,18
6604.02824,104,5
6604.137201,2225,3
6604.328062,5151,1
6604.380254,4422,13
6605.4871,1876,27
6605.524047,760,4
6606.137519,1625,1
6606.333285,727,15
6607.129767,3158,5
6607.628662,2166,16
6607.842296,1273,3
6608.077555,1162,3
6608.527569,392,9
6609.025734,3379,1
6609.140708,1424,12
6609.240061,2825,48
6610.049143,2547,3
6610.520172,2607,1
6610.530495,7677,4
6610.827829,2942,3
6610.88656,1103,1
6611.287071,5722,1
6611.495783,5283,31
6611.525287,2450,3
6611.574215,1325,109
6611.652114,905,17
6611.739672,2920,7
6611.771561,2443,85
6612.019634,1460,2
6612.488223,1385,5
6613.595365,2806,7
6613.597109,4279,14
6614.013046,2607,3
6614.642079,2345,3
6614.870684,3882,3
6614.887874,4876,8
6614.890712,1120,6
6615.019718,2610,53
6615.151806,2345,1
6615.334092,4280,1
6615.334721,896,10
6615.390788,3245,6
6616.091522,4281,14
6616.536675,725,3
6616.586706,3087,16
6616.586964,2537,2
6616.638559,2280,2
6616.832266,2388,12
6616.906197,3159,7
6616.90665,2737,3
6616.907424,1144,18
6617.337906,2111,7
6617.337965,1162,1
6617.343048,1176,3
6617.774617,2612,20
6618.119394,2315,46
6618.28409,794,1
6618.381668,3162,1
6618.49814,4704,1
6618.739063,1584,5
6619.034392,2180,6
6619.034588,7679,13
6619.262128,885,8
6619.876546,7671,1
6619.881191,6171,9
6620.01141,2617,36
6620.092943,3584,11
6620.549588,3192,10
6620.899902,357,21
6621.040995,2025,90
6622.077951,2546,38
6622.25281,4363,13
6622.327898,4296,82
6622.505144,7678,3
6622.530649,660,5
6622.549277,3311,18
6622.64914,966,1
6622.889901,7682,8
6624.078889,1328,47
6624.122039,5433,11
6624.373011,785,64
6624.50589,6659,3
6625.257508,3793,4
6625.635842,2920,3
6625.750831,1397,25
6625.996359,7678,1
6626.138096,2468,3
6626.264677,3841,5
6626.273683,53,7
6626.389,1271,4
6626.4982,3911,10
6626.640557,6406,9
6626.817991,949,7
6627.031074,7681,20
6627.332464,1329,5
6627.87348,4421,10
6627.988137,4588,9
6628.321568,1819,70
6628.507974,1510,32
6628.630384,897,4
6628.883064,7685,20
6629.004503,2421,15
6629.005518,1371,9
6629.024406,794,3
6629.074293,2026,4
6629.077692,4679,23
6629.486414,3150,2
6629.779555,7684,15
6630.016682,1373,6
6630.029355,2237,4
6630.5688,4279,2
6630.654667,4785,16
6630.823668,1779,3
6630.876379,3585,8
6630.878572,1151,13
6630.893069,4885,67
6631.149444,4785,12
6631.535247,1228,3
6631.586763,5760,9
6631.741713,1387,33
6631.742774,275,8
6631.828044,2030,1
6631.893298,1480,3
6632.254913,5612,16
6632.506565,1661,1
6632.625304,1279,1
6632.779566,3606,33
6633.071859,3714,4
6633.323971,543,7
6633.48703,5203,1
6633.648938,1482,1
6633.749513,28,2
6633.750311,2209,1
6633.801024,753,7
6634.138295,5449,18
6634.765414,2292,13
6634.899485,1076,2
6635.154382,5271,2
6635.26328,2293,1
6635.570244,2119,1
6635.635647,3594,5
6635.901492,1772,2
6636.259746,5615,14
6636.526271,2814,36
6636.833874,943,4
6637.014871,1662,9
6637.040354,582,14
6637.145559,1526,8
6637.240168,5206,164
6637.377694,1233,1
6637.895413,175,13
6638.030935,7676,10
6638.573222,479,3
6638.764111,5617,2
6639.334615,1012,210
6639.49203,2050,21
6639.581823,1516,3
6639.648226,942,81
6640.034617,111,10
6640.545344,2558,1
6640.636168,1539,1
6640.64559,1487,105
6641.332951,180,1
6641.4028,7074,4
6641.544262,3641,1
6641.654547,1642,6
6642.036112,759,79
6642.154627,168,1
6642.248268,901,1
6642.390391,2988,7
6642.391224,2842,1
6642.508388,2051,11
6642.753495,2098,3
6642.890543,1091,1
6643.082643,824,11
6643.156214,1095,1
6643.334936,3120,5
6644.33127,2710,9
6644.405779,2477,4
6644.578133,4998,4
6644.641075,3452,18
6644.79252,1202,24
6644.87273,2989,22
6644.99561,1795,1
6645.082866,3029,12
6645.651787,840,1
6645.749372,2437,3
6645.906447,172,2
6646.277835,3035,11
6646.537712,478,1
6646.762768,665,73
6646.869354,1909,1
6646.899418,1659,9
6647.253543,449,12
6647.405853,2092,9
6647.540158,1443,33
6648.397439,4327,1
6649.152809,1661,15
6649.324235,993,78
6649.378598,911,114
6649.627703,4075,56
6649.76305,378,5
6649.882475,2995,31
6650.001616,5072,160
6650.021991,3091,7
6650.155114,4894,5
6650.253061,7686,1
6650.7758,1918,1
6651.02721,1375,104
6651.029832,681,21
6651.034624,6008,3
6651.408031,7676,16
6651.528865,2630,35
6651.568072,3903,1
6651.772941,19,18
6652.041565,2613,1
6652.081154,1661,1
6652.241663,2439,8
6652.274721,871,70
6652.286164,1444,63
6653.034513,1788,1
6653.07812,2418,1
6653.135464,179,14
6653.6578,3979,11
6654.262929,2559,9
6654.268716,3097,405
6654.385088,2304,9
6654.57419,762,5
6655.032688,775,1
6655.25524,4507,8
6655.647127,4858,3
6655.764084,1379,1
6655.884386,2996,29
6656.002937,2119,3
6656.273775,33,1
6656.504532,5968,31
6656.575463,1957,16
6656.577462,669,163
6656.578,4686,34
6656.779117,2254,15
6657.008665,5121,29
6657.067436,1660,15
6657.2548,1683,25
6657.260926,1985,16
6657.375658,744,36
6657.774579,1366,1
6657.996682,3281,1
6658.007877,1382,24
6658.028467,332,11
6658.071254,284,2
6658.383034,1515,55
6658.74846,1098,3
6658.770437,3664,12
6658.894071,4175,1
6659.321539,2640,3
6659.405129,1656,21
6659.629761,2554,9
6660.068216,914,4
6660.386955,2486,2
6660.494033,518,14
6660.743892,1173,22
6660.83513,742,4
6660.836122,4206,10
6661.320815,4206,10
6661.576469,4437,6
6661.639475,1315,6
6661.640194,472,1
6661.640797,2654,11
6661.870856,2518,1
6662.030647,2317,5
6662.242621,2458,1
6662.739885,902,11
6662.77941,88,3
6662.992148,4299,133
6663.025884,40,14
6663.123163,1384,6
6663.127906,902,59
6663.256182,1390,1
6663.506252,7679,18
6663.525954,3588,44
6663.530652,1651,1
6663.618372,5709,19
6663.640751,1660,7
6663.746076,4299,4
6664.141814,1603,11
6664.262029,2123,58
6664.265898,481,3
6664.498447,1646,3
6664.614784,842,1
6664.750114,902,103
6665.325523,1886,212
6665.332101,4437,4
6665.89011,1153,8
6665.890165,2458,49
6665.890292,2438,4
6666.506336,238,30
6666.630599,2862,2
6666.6461,2764,83
6666.887084,2523,25
6667.390042,4188,27
6667.39051,1646,1
6667.53167,1273,29
6668.129326,492,3
6668.14272,344,24
6668.317317,7672,1
6668.770299,3325,8
6669.877215,186,4
6670.399441,915,2
6670.519071,2478,4
6670.75294,351,14
6670.758484,367,6
6670.891211,491,2
6670.892706,2518,18
6670.892872,3415,9
6671.001593,1565,9
6671.134491,187,1
6671.254688,3081,15
6671.881853,2685,11
6672.147153,2905,1
6672.530511,946,5
6673.027769,2330,4
6673.140455,607,1
6673.141825,2532,8
6673.319839,140,1
6673.512794,1125,18
6673.629628,1218,225
6673.784362,1960,1
6673.785138,2193,3
6673.876089,1957,9
6674.129627,190,35
6674.139583,1199,11
6674.257401,3935,14
6674.257422,7674,62
6674.526502,2331,4
6674.527932,434,30
6674.774194,2193,3
6675.084145,863,5
6675.135832,1336,4
6675.136085,7681,2
6675.273661,1126,5
6675.393528,1959,18
6675.528383,2540,67
6675.642383,161,49
6676.012311,4395,4
6676.254304,2070,1
6676.525646,3453,1
6676.761557,7649,15
6676.777591,973,2
6676.869223,2247,2
6677.077534,7267,15
6677.252766,2483,1
6677.320461,1008,1
6677.326247,7685,4
6677.503465,6388,3
6678.782592,7468,4
6678.786474,77,15
6678.820275,2408,3
6679.575448,1666,2
6679.760847,7678,24
6680.072871,3713,4
6680.49218,3980,17
6680.492366,3592,16
6680.525379,802,3
6681.024901,803,1
6681.077007,1079,3
6681.08458,77,5
6681.624026,1330,29
6681.990752,3739,15
6682.269799,1397,29
6682.576061,2159,5
6682.774533,1062,2
6682.829821,1578,3
6683.244688,7633,2
6683.619269,3996,49
6683.998051,3934,1
6684.014691,4813,382
6684.13869,2785,31
6684.392273,1526,3
6684.492068,271,22
6684.568526,2159,7
6684.643639,2236,18
6684.645106,1526,3
6684.645192,2317,47
6684.759465,208,17
6685.001544,2308,1
6685.567,7671,3
6685.569307,3180,5
6686.528835,2640,12
6687.242164,2131,7
6687.256896,1488,7
6687.876185,7682,20
6688.023872,60,11
6688.027039,1963,1
6688.140975,1361,15
6688.141431,1655,25
6688.145093,2270,11
6688.146529,251,7
6688.253717,66,3
6688.530085,2726,3
6688.756027,2067,27
6688.893595,254,4
6689.002809,1866,14
6689.39521,1815,82
6689.531822,3696,1
6690.027521,490,9
6690.13842,2783,1
6690.243904,3915,3
6691.024767,64,25
6691.255641,1748,14
6691.585807,1800,3
6691.586509,526,11
6691.640419,1221,8
6691.758376,3184,11
6692.006595,1010,3
6692.274394,86,22
6692.338135,674,3
6692.5084,5208,1
6692.528857,1259,2
6693.133241,1401,1
6693.376294,2478,2
6693.835176,1803,2
6694.006469,627,4
6694.341454,1804,10
6694.38156,7685,7
6694.49447,361,7
6694.536174,388,4
6694.76157,3149,3
6695.055441,1968,2
6695.088114,1069,45
6695.50434,1015,21
6695.988994,3223,9
6696.276484,1903,3
6696.622159,1353,1
6697.08617,1604,5
6697.137882,889,11
6697.1539,1705,61
6697.659606,809,9
6698.030826,87,15
6698.326316,3073,15
6698.756876,4774,20
6698.831714,7680,4
6699.090909,1033,2
6699.585155,2031,46
6699.777198,3480,4
6699.869884,1497,12
6700.262371,331,52
6700.266017,3456,6
6700.282441,2938,29
6700.530908,3039,2
6700.531073,493,3
6701.011019,3644,3
6701.017176,1520,18
6701.280879,1890,3
6701.375737,2083,13
6702.133142,2398,19
6702.147516,1465,53
6702.15078,6312,6
6702.336369,7685,6
6702.34149,320,2
6702.493387,52,7
6702.543694,1248,15
6702.741666,638,3
6702.828895,7685,3
6703.24362,1296,14
6703.580737,2610,1
6703.752775,1310,2
6704.07561,1267,3
6704.077404,1734,13
6704.506288,321,28
6704.754148,4776,18
6705.250792,1077,16
6705.259014,4214,103
6706.259159,635,244
6706.505666,545,13
6706.788761,3551,6
6706.988576,1399,8
6707.280646,833,3
6707.377006,1137,4
6707.637025,2296,18
6707.786724,3328,4
6708.136832,2909,17
6708.505945,4775,1
6708.737837,2682,28
6708.787727,2059,46
6709.392497,2573,12
6709.523072,4728,9
6709.780838,888,2
6709.783678,3073,16
6709.891184,2215,2
6710.020196,2571,21
6710.022396,1893,189
6710.525697,2840,3
6710.735278,5040,1
6710.885846,821,6
6710.9944,1569,10
6711.00998,1066,11
6711.14852,1322,18
6711.286542,74,31
6711.890727,2313,5
6712.07969,327,1
6712.343054,1107,37
6712.636424,840,2
6712.637416,1547,7
6712.88394,1533,1
6713.636898,822,5
6714.131849,2328,18
6714.527435,77,1
6714.586112,993,37
6714.586138,1326,28
6714.756252,259,44
6714.774864,5773,7
6714.893776,2921,20
6714.989418,4,130
6714.991696,2092,6
6715.276091,444,2
6715.522884,3563,1
6715.527215,444,1
6715.527701,798,46
6716.243053,4222,25
6716.572573,7685,25
6716.772387,2416,1
6716.827324,1113,3
6717.328957,2097,1
6717.330328,76,18
6717.567,3436,18
6717.997687,1087,18
6718.158904,2068,5
6718.536078,1505,13
6718.88053,1957,38
6719.398488,826,5
6719.49442,2543,16
6719.528059,878,15
6719.637484,2393,2
6719.840668,2589,22
6720.241485,7,38
6720.524177,342,22
6720.781146,3224,3
6721.331242,7683,1
6721.738556,4220,142
6722.018655,1607,9
6722.265043,1782,16
6722.528284,167,4
6722.542709,370,6
6722.620293,3073,15
6723.762663,1085,1
6723.772242,942,1
6723.827218,7108,22
6724.076863,7687,45
6724.587666,81,6
6724.766814,4142,3
6725.023039,365,5
6725.263281,2291,1
6726.263325,4832,3
6726.291365,4126,14
6726.643913,2401,361
6726.999508,1902,22
6727.082213,1792,3
6727.38784,5445,16
6727.408395,7638,21
6727.412408,2078,24
6728.037291,2300,4
6728.334407,2258,1
6728.364579,7676,4
6728.398451,825,1
6728.398653,3991,6
6728.754414,546,4591
6729.042491,2567,9
6729.081258,7686,3
6729.396098,1655,1
6729.767304,2042,1
6730.265295,2046,22
6730.399011,7643,21
6730.754793,7685,5
6731.244556,7685,4
6731.643723,1731,4
6731.742019,1103,1
6731.879551,665,1
6732.130764,3166,4
6732.76575,5230,1
6733.031745,1498,8
6733.135889,3266,6
6733.2854,837,223
6733.768002,1450,15
6733.83045,4574,6
6734.513818,679,7
6734.747014,4226,61
6735.246284,3032,1
6735.26343,3104,20
6735.51493,2819,1
6735.533,2642,10
6735.787157,53,2
6735.998267,744,2
6736.541769,1380,7
6736.593064,91,30
6736.796123,1285,2
6736.885656,3086,4
6737.037278,2888,7
6737.259069,3089,4
6737.588713,136,13
6737.778187,1577,16
6738.39066,2083,13
6738.533303,4346,53
6738.647926,332,11
6738.648654,1455,1
6738.78581,3874,11
6738.887269,835,4
6739.008201,5648,3
6739.087581,3559,74
6739.133394,767,8
6739.142284,66,20
6739.489151,5789,6
6739.760179,7674,23
6740.395313,3107,18
6740.396494,3543,9
6740.506358,5085,8
6740.631276,2179,9
6740.874095,1787,16
6740.997266,4384,1
6741.029689,126,3
6741.030743,2134,49
6741.122955,2642,5
6741.398574,5611,1
6741.515167,3884,2
6741.518503,2341,9
6741.632207,7370,1
6741.639541,1504,4
6741.792225,7686,16
6741.832589,99,1
6741.834404,1537,14
6742.139043,7685,15
6743.013723,500,2
6743.292164,1296,3
6743.333299,1638,28
6743.874621,7373,2
6744.260166,7686,16
6744.330117,2537,42
6744.333205,3062,1
6744.539575,2974,12
6744.643742,1999,7
6744.784688,5235,1
6745.3308,2379,55
6745.505565,7685,17
6745.647941,4117,20
6746.077539,2301,2
6746.255987,3104,19
6746.570611,1074,4
6746.6376,1429,6
6746.780844,562,11
6746.832377,7647,8
6746.998537,1745,42
6747.041809,2389,7
6747.245116,3043,2
6747.547155,707,7
6747.819769,1073,6
6748.398512,7664,3
6748.625526,3113,16
6748.785899,3057,2
6748.824828,1979,23
6749.070014,1699,81
6749.237757,5789,6
6749.629162,2182,11
6749.764229,2712,3
6749.783439,626,4
6751.320557,6231,17
6751.40954,1734,3
6751.537203,1379,4
6751.886085,779,13
6751.891089,1524,21
6751.996256,1627,5
6752.387377,2186,373
6752.51188,7666,1
6752.538979,2943,76
6752.626286,7170,15
6752.627516,1885,152
6752.641159,750,1
6753.146512,1794,46
6753.322945,3571,4
6753.510812,1474,53
6753.742817,2295,12
6753.823493,3721,18
6753.888053,563,3
6753.88816,4163,37
6753.991332,258,3
6753.993989,1068,40
6754.020259,4349,4
6754.136645,7654,12
6754.488369,174,16
6754.491203,2015,3
6754.515018,3355,39
6754.573231,460,19
6754.741848,2297,4
6754.890851,2429,2
6754.99737,2443,2
6755.010948,2191,1
6755.57444,384,30
6755.648496,1793,8
6755.740479,455,8
6756.016577,2191,6
6756.743591,1632,16
6756.743741,3038,14
6757.536441,3326,22
6758.013383,874,20
6758.034665,73,1
6758.117153,1434,1
6758.155996,2422,1
6758.296682,1264,1
6758.787345,3311,16
6759.015198,1654,3
6759.049972,269,2
6759.243927,1566,5
6759.321517,3588,14
6759.533933,1267,24
6759.567451,2900,7
6759.649326,1065,1
6759.78539,1264,1
6760.016299,1988,43
6760.143449,3012,2
6760.144693,5100,33
6760.789337,7686,1
6761.036505,1383,1
6761.154178,2115,15
6761.15763,2305,9
6761.375267,7681,1
6761.37823,3403,208
6761.535967,1475,1
6761.643585,71,21
6761.900519,2610,9
6762.144911,1436,1
6762.147992,2013,1
6762.657269,2117,16
6762.880007,2957,28
6763.265572,1063,1
6763.501073,1951,228
6763.64855,3977,10
6763.754976,441,9
6764.12101,768,3
6764.50366,2025,11
6764.754619,1744,5
6765.880488,521,4
6765.990936,1084,1
6766.008527,1944,19
6766.263418,1197,3
6766.410608,1783,1
6766.627405,523,4
6766.754566,7685,5
6767.006468,3162,7
6767.32612,6151,14
6767.387796,357,2
6767.640385,1440,5
6767.894021,1978,11
6768.149207,2614,3
6768.504381,1403,37
6768.766818,4389,1
6769.00289,3987,3
6769.021434,1945,38
6769.258252,838,2
6769.330166,3509,3
6769.386144,1517,22
6769.529346,375,3
6770.133833,1065,28
6770.138181,6321,3
6770.146341,6253,3
6770.281988,1272,1
6770.62455,153,21
6770.754495,6402,19
6771.033418,2463,16
6772.326937,1812,119
6772.883224,3565,9
6772.899383,2458,11
6773.292902,1275,5
6773.378325,7679,1
6773.660857,1050,8
6773.752284,1088,9
6774.117935,7675,3
6774.15246,1825,12
6774.500125,960,5
6774.62939,3666,133
6774.62981,4576,212
6774.892508,2008,1
6775.381917,1322,5
6775.38703,7662,1
6775.395758,1439,62
6775.542208,1278,17
6776.073273,245,4
6776.519997,2123,3
6776.520156,5429,189
6776.765524,1748,3
6776.76624,7686,52
6777.075835,11,26
6777.893433,2870,10
6778.008638,2271,5
6778.080558,1844,9
6778.081886,2144,23
6778.138139,1744,407
6778.383443,7663,1
6778.519568,1895,3
6778.640617,1734,72
6778.789876,1652,7
6778.790775,844,3
6778.794833,1337,1
6779.135558,838,5
6779.324772,1884,8
6779.517796,1898,73
6779.53852,363,11
6779.635634,3036,3
6779.822502,35,1
6780.500207,7683,16
6780.549039,363,11
6780.573049,37,6
6780.642001,12,29
6781.075188,13,21
6781.325063,4259,14
6781.514031,102,20
6781.572739,1319,14
6782.035444,1005,82
6782.636142,1329,3
6782.75337,1736,33
6782.827164,1725,9
6782.901727,15,24
6783.036511,1340,1
6783.793635,1615,10
6784.043313,5059,4
6784.149016,379,3
6784.242515,1138,3
6784.504387,7685,12
6784.540928,977,13
6784.820015,3759,5
6785.319612,20,717
6785.386138,1444,34
6785.565539,2126,2
6786.004924,1008,79
6786.008762,105,16
6786.150447,1199,19
6786.288883,3197,18
6786.539487,1885,1
6786.628977,1444,55
6786.791445,2122,246
6786.792234,365,1
6786.893007,404,13
6787.255368,7672,59
6787.541893,2872,12
6787.820069,4261,1
6787.823026,2662,10
6787.995461,2066,25
6788.253399,7682,22
6788.509277,3197,18
6788.618668,746,3
6788.867259,618,8
6789.035429,7483,1
6789.295496,4201,1
6789.37325,621,1
6789.378456,1803,30
6789.493917,2917,4
6789.90638,1755,265
6790.000419,5106,4
6790.038762,1286,7
6790.645072,724,1
6790.784107,431,21
6791.281499,2587,1
6791.370941,1841,2
6791.510362,5142,6
6791.572398,1541,18
6791.79524,486,1
6792.119971,1974,1
6792.532935,923,4
6792.536726,7663,11
6792.577178,2691,10
6792.783025,1459,1
6793.004412,3639,1
6793.034632,1288,12
6793.035272,1422,3
6793.57407,2623,14
6793.818334,1847,1
6794.073163,2296,1
6794.07506,157,1
6794.155157,23,27
6794.406091,3150,6
6794.507981,2046,4
6794.576445,2157,12
6794.578128,910,5
6794.742724,961,2
6794.834732,25,45
6795.277647,3394,4
6795.375406,2770,7
6795.394277,3119,1
6795.512446,1515,31
6795.772489,109,3
6796.754667,1982,40
6797.151253,819,47
6797.577741,3093,34
6797.662075,4968,1
6797.769535,1354,7
6798.404206,5008,117
6798.496848,4802,262
6798.633395,304,9
6799.396361,7677,19
6799.887162,366,4
6800.330273,1089,1
6800.574816,55,1
6800.759634,2054,20
6801.093367,1331,10
6801.244191,992,9
6801.410234,1547,7
6801.579318,895,454
6801.755005,2302,3
6802.083085,7670,12
6802.130009,307,1
6802.392936,2477,1
6802.89848,1595,1
6803.006395,3127,6
6803.15194,725,10
6803.251163,2152,3
6804.33529,1483,4
6804.518674,2154,4
6805.019657,4141,1
6805.272575,370,21
6805.636059,788,10
6805.640543,308,4
6806.021972,3135,1
6806.3834,886,4
6806.383704,1933,4
6806.571728,1305,1
6806.628303,93,2
6807.013466,614,18
6807.015538,112,8
6807.275665,1904,7
6807.990973,1412,13
6808.275982,539,99
6808.641588,7665,3
6808.643309,2093,19
6808.64379,3979,9
6809.504012,7686,3
6809.781536,1194,19
6809.887714,1451,1
6810.325111,2816,10
6810.37868,1981,103
6810.791234,1068,111
6811.16271,7676,4
6811.320307,1306,1
6811.531316,3547,11
6811.633868,4706,5
6811.823764,1309,1
6811.824963,6471,25
6812.251333,3132,18
6812.255367,113,15
6812.382133,895,13
6812.385603,3189,5
6812.635795,590,5
6812.884891,285,2
6814.073752,1278,3
6814.256271,4852,37
6814.530258,4528,1
6815.027548,3021,35
6815.249364,1174,2
6815.391494,1502,1
6815.773915,141,5
6816.319727,2426,1
6816.569849,2873,1
6816.570164,2495,6
6816.638563,2384,27
6816.890554,2691,3
6817.138185,3367,3
6817.252447,1689,3
6817.64382,1504,3
6817.872003,1393,19
6818.001573,7539,1
6818.529044,3481,37
6818.759682,2243,34
6818.824197,1517,9
6819.134059,1981,1
6819.27358,2446,10
6819.331454,4438,2
6820.015656,1093,12
6820.826941,6311,1
6821.123421,4052,13
6821.275171,1239,1
6821.275232,1464,6
6821.278087,705,1
6821.330213,8,1
6821.768774,632,5
6822.264997,1092,1
6822.566952,1527,1
6822.873443,298,541
6823.070777,1446,1
6823.276419,762,7
6823.570049,3436,10
6823.819601,1447,13
6824.642615,2126,19
6824.82536,7683,2
6825.504597,645,10
6825.906969,1981,17
6826.765825,7676,1
6826.869897,258,1
6827.042562,1369,5
6828.088533,6612,1
6828.135313,569,15
6828.518188,4754,28
6829.133739,4282,18
6829.139204,3274,9
6829.640751,2249,2
6830.252988,7680,67
6830.53188,1277,14
6830.568752,998,65
6830.774763,94,500
6830.88501,3271,1
6831.323776,2448,3
6831.569631,3526,8
6832.071506,4099,9
6832.26288,6360,14
6832.374533,1989,5
6832.569573,1002,1
6832.770417,46,14
6833.038919,1728,17
6833.7848,2261,1
6833.785062,3573,3
6834.076584,1452,14
6834.237489,4401,2
6834.267478,2709,1
6834.322701,1499,8
6834.59022,63,8
6834.646768,7167,4
6834.647087,3021,3
6834.750804,1588,61
6834.820965,2676,10
6835.069784,2683,3
6835.072319,7668,1
6835.32623,2381,13
6836.000628,7672,29
6836.033744,2257,1
6836.073718,64,3
6836.528332,1973,4
6836.577191,64,1
6836.824633,7676,6
6836.997891,699,3
6837.152184,6386,20
6837.743641,6380,18
6838.292701,1976,6
6839.085935,2741,14
6839.333751,2219,3
6840.834919,66,16
6841.090648,2659,1
6841.280653,2271,129
6841.631222,1344,3
6841.648233,2416,13
6841.90548,1761,2
6842.506932,4684,7
6842.530871,3306,6
6842.755339,2358,32
6842.834859,1589,1
6843.123722,86,1
6843.376982,3284,16
6843.652977,715,5
6843.755235,1765,3
6844.783201,3463,11
6844.995729,390,1
6845.288111,2993,1
6845.412317,10,13
6845.630386,2665,4
6845.758494,1644,1
6845.844927,1940,13
6846.04437,2183,1
6846.124045,2516,9
6846.156413,2436,14
6846.375785,762,18
6846.403466,2413,14
6846.628232,2407,13
6846.878841,1973,64
6847.068607,2630,9
6847.126685,1780,3
6847.127768,164,10
6847.545035,2681,1
6847.631683,1782,4
6847.879498,1558,1
6848.133052,2545,126
6848.388786,188,11
6848.388959,3393,9
6848.404898,14,13
6848.588019,2890,22
6848.76365,2706,1
6848.827282,1574,9
6849.131278,1974,45
6849.147604,2044,11
6849.280533,3356,4
6849.280917,1916,6
6849.324983,1824,3
6849.328281,2020,26
6849.495875,5797,96
6849.831381,7673,1
6850.04181,1507,3
6850.327357,1917,3
6850.646898,3289,7
6850.877053,1565,14
6851.034074,284,90
6851.068963,1472,4
6851.658145,1631,1
6851.752339,1950,1
6851.838281,907,80
6852.646119,995,7
6852.753568,2719,33
6852.884395,7679,67
6853.14687,2122,13
6853.769339,2058,1
6854.022648,1110,9
6854.082329,2876,1
6854.262409,2036,6
6854.381349,2123,3
6854.510402,1419,6
6854.583661,2600,46
6854.751737,1233,2
6854.778727,1217,23
6855.012408,6366,10
6855.029339,2684,1
6855.049769,150,8
6855.325014,2635,9
6855.326771,6411,17
6855.506099,6,37
6856.134231,1978,9
6856.342115,272,13
6856.500899,7676,1
6856.533981,1061,6
6856.633605,1978,9
6856.639273,2365,2
6856.780054,1061,1
6856.835977,1446,17
6857.142244,2306,1
6857.39737,3558,1
6857.744078,2442,1
6858.074882,2774,2
6858.26672,2443,1
6858.369768,7680,7
6858.398317,2115,46
6858.579809,2487,1
6858.776903,7682,7
6859.125946,1364,6
6859.126189,2417,3
6859.266072,2148,6
6859.524436,7672,15
6859.575231,1447,17
6859.641019,7677,11
6859.893912,2055,72
6860.624636,2084,8
6860.868516,2429,1
6861.028148,1405,8
6861.156407,1299,3
6861.255633,1320,2
6861.259274,29,19
6861.743597,794,4
6861.898277,57,19
6862.261844,450,16
6862.838473,1551,1
6862.870842,1855,8
6862.901533,2239,381
6863.014312,2866,1
6863.025954,7390,3
6863.333631,1463,4
6863.338519,1318,1
6863.58004,2487,1
6863.58013,2750,9
6863.741718,4270,5
6863.745129,4840,94
6863.76212,4504,8
6864.021679,2404,1
6864.090328,1319,1
6864.091141,2912,1
6864.405971,58,17
6865.142149,230,23
6865.143839,3295,3
6865.540009,1923,8
6865.76864,30,1
6866.140999,915,42
6866.283146,3013,17
6866.321275,3837,3
6866.386178,93,9
6866.889702,2065,1
6867.016718,7677,1
6867.554359,1459,64
6867.819367,3562,2
6867.880463,2069,4
6868.138782,2184,1
6868.386836,1676,1
6868.387433,2578,4
6868.490509,2084,10
6868.571548,6105,4
6869.009395,7675,15
6869.325299,1569,3
6869.637826,1918,71
6869.759805,4515,12
6869.895716,464,8
6869.911982,484,13
6870.152605,80,9
6870.494444,2357,3
6870.579707,1520,6
6870.657362,9,87
6871.047777,308,12
6871.07843,1460,1
6871.158888,910,4
6871.503726,7680,17
6871.526432,6379,13
6871.876654,5479,27
6872.070316,1460,7
6872.07357,2032,12
6872.116755,1267,1
6872.283817,1274,1
6872.318379,938,5
6872.506042,2752,3
6872.539646,582,1
6872.756788,4707,3
6873.009887,2246,25
6873.875184,2082,6
6874.004325,3127,1
6874.324828,3262,1
6874.751887,1307,8
6874.827828,1656,4
6875.006753,806,2
6875.041512,1946,4
6875.821524,2033,14
6876.138078,3609,1
6876.258254,2652,12
6876.517825,1690,3
6876.579438,3264,1
6876.631923,5481,1
6877.033222,5,2
6877.259121,7538,29
6877.625502,1912,8
6877.645921,3355,49
6877.824242,568,11
6877.890141,1548,34
6878.050079,4037,3
6878.124811,913,12
6878.325297,854,73
6878.508242,1441,53
6878.52321,3153,11
6878.642419,1272,10
6879.00057,1141,8
6879.540666,1014,18
6879.569872,1576,8
6879.573358,857,1
6880.321698,3710,6
6880.503211,14,28
6880.756101,7680,3
6880.781313,915,12
6881.256745,2723,8
6881.276099,1956,37
6881.506027,3274,2
6881.779234,308,12
6881.907086,1231,1
6882.077924,1544,7
6882.41464,2438,11
6882.528161,6915,3
6882.782091,590,9
6882.826126,3953,61
6882.826449,3711,8
6883.252717,6427,25
6883.253773,1663,116
6883.28931,1237,13
6883.508144,1042,1
6883.541888,2546,18
6883.896897,2394,6
6884.122193,2080,1
6884.286584,2887,33
6884.372382,2080,4
6884.51765,1465,1
6884.757976,1482,40
6884.776372,7685,8
6885.017949,1545,5
6885.074925,1460,1
6885.396812,6514,13
6885.650311,7682,6
6885.82644,7683,325
6886.260289,427,6
6886.517416,983,181
6886.665414,2157,92
6886.8837,6,20
6887.51782,2644,12
6887.538089,2379,1
6887.541421,594,6
6887.771628,41,1
6887.771738,41,1
6888.020771,1665,35
6888.132118,7685,14
6888.780357,1201,192
6888.819158,1729,4
6889.376151,3533,62
6889.531662,913,1
6890.380778,1384,8
6890.407935,2405,7
6890.408616,1325,1
6890.507302,4539,5
6890.510573,7160,18
6890.571988,7487,24
6890.898027,502,1
6891.006126,5915,9
6891.01173,7681,4
6891.131483,1720,8
6891.251663,727,1
6891.277231,6918,3
6891.507932,3392,3
6891.752104,988,3
6892.159969,502,1
6892.397817,1962,2
6892.499411,1842,3
6892.637801,917,6
6892.885655,732,38
6893.27539,7607,13
6893.821117,1369,42
6893.99695,728,11
6894.009315,2348,5
6894.153537,506,1
6894.414347,1926,125
6894.524985,746,1
6894.52619,2349,4
6895.032377,1930,9
6895.262586,24,16
6895.263013,4004,6
6895.280794,2217,1
6895.389491,1886,3
6896.009419,2111,2
6896.076025,4231,12
6896.14267,1886,3
6896.38635,3225,5
6896.391268,4730,7
6896.528916,2814,13
6896.646037,7682,11
6897.393271,1899,1
6897.393581,6062,4
6897.507382,2267,13
6897.510807,4243,20
6897.753226,4174,4
6897.754926,2729,314
6897.764507,47,1
6898.326124,1038,569
6898.757664,1250,10
6898.758352,2352,124
6898.826047,3918,39
6899.148846,4773,433
6899.39644,1969,4
6899.501531,1547,1
6899.637872,3131,10
6899.78648,953,1
6899.899197,7684,3
6899.994967,1206,21
6900.047692,159,4
6900.122895,4281,28
6900.514788,835,3
6900.572128,2034,11
6900.627793,2117,8
6900.760983,1656,11
6900.786329,3087,3
6900.870543,3817,7
6901.088954,1499,59
6901.512292,2022,39
6901.54064,1117,1
6901.545181,1290,14
6901.834829,2396,12
6901.871091,1483,27
6902.770897,1763,1
6903.13863,2213,4
6903.139717,2122,1
6903.487092,7670,8
6903.879269,7668,17
6904.075519,3227,6
6904.152236,744,15
6904.290244,2428,29
6904.788843,3605,1
6904.891473,1811,6
6905.038723,7686,4
6905.248675,1292,23
6905.386237,4960,27
6905.641469,4716,4
6906.026831,4723,1
6906.631023,1291,2
6906.824247,1373,2
6906.880568,1862,9
6907.53299,2731,20
6907.823281,1367,4
6908.004175,76,9
6908.273467,2733,15
6909.512237,2610,8
6909.644432,323,16
6909.826981,4239,3
6910.00065,2110,9
6910.258772,3239,12
6910.261664,533,12
6910.629062,3364,7
6910.637125,759,14
6910.757353,2209,115
6910.758445,7675,1
6911.250259,244,4
6911.633483,3547,50
6912.248072,743,2
6912.282771,325,12
6912.574381,3207,5
6913.000208,1752,5
6913.318093,4243,4
6913.394166,2164,14
6913.499046,57,38
6913.571644,2773,8
6913.645617,2405,8
6913.873934,1262,2
6914.145624,2006,9
6914.261246,1487,3
6914.875933,3889,205
6915.402979,1910,303
6915.500898,2277,58
6915.629704,7683,4
6915.776724,2339,18
6916.125285,624,3
6916.12901,1533,55
6916.247588,2280,4
6916.266054,2768,10
6916.412711,7676,7
6916.884803,7676,1
6917.014208,2702,5
6917.016195,2015,1
6917.028483,326,1
6917.147176,1671,1
6917.150389,6773,5
6917.277858,1915,6
6917.338113,4249,13
6917.581397,394,40
6917.992977,5819,7
6918.249154,7668,7
6918.76484,3264,1
6918.833835,1522,1
6919.381687,1477,1
6919.385181,1776,16
6919.523945,2536,9
6919.52531,2741,18
6919.888555,1685,1
6920.131629,2270,35
6921.021932,1303,31
6921.264754,1929,19
6921.327092,894,4
6921.638125,140,8
6922.397515,925,31
6922.643324,141,17
6923.08094,268,5
6923.526572,1293,33
6923.527418,1915,2
6923.579318,2058,22
6923.643617,2491,17
6923.765417,216,13
6923.833983,1761,3
6923.888874,1623,3
6924.029559,1719,2
6924.380922,1177,35
6924.507068,2157,2
6924.633564,2591,1
6925.086824,270,2
6925.264525,3601,87
6925.273251,3506,1
6925.333197,2666,9
6925.497557,6267,9
6925.499345,2734,75
6925.507029,4702,1
6925.643721,971,12
6925.783742,2898,3
6926.008238,2038,11
6926.251716,155,2
6926.89027,780,1
6927.381337,2638,1
6927.397264,2493,49
6927.56617,3732,1
6927.87072,6983,2
6927.892268,1928,5
6928.132242,616,9
6928.754536,1234,838
6929.267895,1469,1
6929.769007,1469,62
6929.896762,2323,10
6930.397394,1525,8
6930.591116,7672,33
6930.993378,596,4
6931.27308,7678,6
6932.275192,218,10
6932.368696,1157,14
6932.902961,1607,13
6933.025193,7676,1
6933.155057,1904,31
6933.333876,31,1
6933.336852,603,7
6933.489527,7679,1
6933.495802,1056,1
6933.869736,1541,3
6933.993773,1234,694
6933.997987,1840,7
6934.019318,1731,1
6934.084181,29,1
6934.157508,77,16
6934.584065,1309,6
6934.588885,575,4
6934.834566,2407,82
6935.382034,576,15
6935.506845,2875,7
6935.639245,241,38
6935.761634,1277,7
6936.890643,2206,9
6936.993652,1014,10
6937.072276,3154,85
6937.133646,6478,9
6937.252375,1842,4
6937.257778,1610,16
6937.546291,3512,130
6937.630674,7160,105
6938.258756,53,7
6938.512585,2623,73
6938.513121,7670,14
6938.64619,7480,12
6938.748143,2273,35
6939.009142,64,2
6939.146989,1828,4
6939.376823,7161,307
6939.57925,746,120
6940.012254,55,6
6940.388169,5060,88
6940.514989,2873,3
6940.595729,1782,1
6940.637226,722,2
6940.643138,1899,125
6940.832981,3478,1
6941.135763,1610,19
6941.393409,512,2
6941.990365,1730,13
6942.03632,117,53
6942.088835,6956,3
6942.293221,2383,13
6942.527624,7676,31
6942.582783,1839,21
6942.772119,3281,15
6942.77773,2122,1
6942.831104,1262,41
6942.889801,2013,1
6943.390612,1612,52
6943.881399,2223,16
6943.882112,139,4
6944.007597,2931,19
6944.077656,1818,10
6944.142533,3067,22
6944.641712,1556,74
6944.738189,249,21
6944.879385,3162,8
6945.239788,604,9
6945.240728,2261,2
6945.39024,1796,20
6945.637359,1600,4
6946.370683,799,1
6946.387857,1909,3
6946.764412,2690,9
6946.994341,3842,18
6947.0713,953,12
6947.07458,4303,274
6947.319281,2787,1
6947.320719,4536,9
6947.536435,640,1
6948.012404,4917,4
6948.017728,1755,10
6948.072,7621,6
6948.074116,2401,22
6948.244532,691,14
6948.396206,3595,3
6948.764154,7651,15
6949.119578,3045,9
6949.774851,2568,16
6949.777531,1852,39
6950.146155,1376,2
6950.274126,2433,7
6950.500149,780,3
6950.88808,5863,9
6951.502337,1875,1
6951.872312,7679,3
6952.030565,365,18
6952.137675,2136,2
6952.367481,1930,15
6952.370071,3334,9
6952.583967,2401,1
6952.869215,3218,8
6953.083593,2903,11
6953.120706,2370,7
6953.247516,299,9
6953.526402,3782,21
6954.007364,1698,9
6954.026422,1302,8
6954.535406,2737,1
6954.783818,6063,3
6955.007,2568,1
6955.020007,2934,17
6955.13432,3339,4
6955.135328,7680,1
6955.264124,1550,4
6955.284412,2263,9
6955.285051,3784,1
6955.99633,2995,46
6956.03771,7686,1
6956.252138,1707,90
6956.517071,7583,1
6956.775523,61,1
6956.785265,643,42
6957.045334,1076,16
6957.29892,7685,18
6957.382347,2404,2
6957.533195,2233,4
6958.046911,5452,4
6958.293277,3941,1
6958.294049,840,8
6959.324212,1804,42
6959.512971,7674,22
6959.531327,4912,9
6959.639409,7682,1
6959.771228,2504,9
6960.28404,6870,6
6960.640412,2445,18
6961.049589,1077,1
6961.069962,423,5
6961.130303,1209,8
6961.152391,7684,1
6961.324789,1303,11
6961.387901,3059,5
6961.572379,70,19
6961.996182,351,3
6962.071719,7666,1
6962.266493,6415,25
6962.321421,72,2
6962.489922,852,12
6962.89272,728,1
6963.053199,1077,1
6963.073961,5068,5
6963.074066,957,3
6963.1375,3165,3
6963.263941,389,3
6963.326053,1004,49
6963.390032,3643,5
6963.393242,7682,42
6963.505409,7685,3
6963.882273,294,1
6963.888085,759,63
6964.021432,1319,2
6964.131362,294,1
6964.135541,5687,8
6964.570094,1337,20
6964.632856,7682,1
6964.819807,1372,1
6965.036929,1017,20
6965.037613,1081,2
6965.13808,1494,1
6965.262709,4601,28
6965.376891,2744,1
6965.887443,898,97
6965.89191,7672,18
6966.256847,1832,1
6966.396609,1214,3
6966.503339,3484,17
6966.761215,1147,2
6966.881951,1325,9
6967.034667,2969,5
6967.254342,1008,1
6967.39197,2056,1
6967.513527,562,8
6967.634114,2119,7
6968.001393,6178,3
6968.072796,1529,13
6969.655703,1193,5
6969.895836,3445,34
6970.013723,1181,69
6970.147214,7682,1
6970.325237,1506,3
6970.57703,500,13
6970.778885,2623,1
6971.004813,2805,14
6971.12951,4360,1
6971.53495,2166,186
6972.2704,287,5
6972.284396,1222,2
6972.631125,4358,6
6972.829782,2533,1
6973.019609,5114,122
6973.319131,3732,1
6973.324991,4320,33
6973.573031,2534,42
6973.77871,13,41
6974.073084,2533,1
6974.150591,1424,13
6974.278355,1090,19
6974.512281,1886,55
6974.638028,2416,11
6975.016129,1011,28
6975.131544,216,1
6975.134337,3553,43
6975.49659,2185,1
6975.663197,7671,11
6975.668382,622,1
6976.153424,7682,14
6976.272358,14,18
6976.272831,7646,6
6976.405087,839,1
6977.127307,535,57
6977.388656,914,26
6977.570761,1411,10
6977.820693,3032,53
6977.874228,7673,6
6978.027737,2578,9
6978.398586,3547,21
6978.646387,875,10
6979.162825,2509,9
6979.376326,1462,9
6979.748409,769,9
6979.832934,91,1
6979.871953,7676,2
6979.900032,2259,6
6980.086097,4557,42
6981.262894,3022,14
6982.149772,2535,1
6982.279972,7683,1
6982.371061,3457,2
6982.396147,1367,10
6982.535149,4727,20
6982.834723,2211,4
6982.840195,3737,9
6983.626606,1236,23
6983.642497,1029,24
6984.138568,7668,9
6984.14506,1396,3
6984.369075,840,9
6984.390843,1369,9
6984.61866,303,1
6984.993176,610,1
6985.022377,7682,11
6985.081973,4044,3
6985.271846,85,1
6986.022248,7679,13
6986.128515,7678,15
6986.780119,7665,3
6986.834733,6724,11
6986.889517,1992,3
6987.115858,306,2
6987.33225,973,11
6987.538716,3568,3
6987.574222,973,11
6988.636021,2431,10
6989.509017,2220,5
6989.641083,2943,21
6989.822007,2214,14
6989.890406,7657,1
6990.010933,363,1
6990.488362,1788,107
6990.769186,7658,7
6991.027575,612,2
6991.12035,308,6
6991.387754,1406,2
6991.548877,3320,3
6991.567942,1496,1
6991.743184,184,7
6991.82104,854,1
6991.888661,2362,202
6992.535544,3174,1
6992.639523,1655,3
6992.64,1372,1
6993.132723,7671,1
6993.633001,3468,10
6993.822163,2844,3
6994.042798,940,2
6994.266664,1289,1
6994.568023,2220,20
6994.739449,1252,1
6994.76576,629,1
6994.823125,1365,7
6995.015001,930,3
6995.035068,3324,11
6995.250945,1447,2
6995.256792,1179,12
6995.26606,629,10
6995.497524,348,11
6995.641197,789,4
6995.744275,1448,1
6995.781793,4826,3
6996.3676,4373,1
6997.04289,3235,1
6997.257458,779,151
6997.638293,7569,3
6998.014875,100,4
6998.129815,260,4
6998.13348,1221,4
6998.382908,259,1
6998.488146,5781,1
6998.533036,1078,7
6998.900977,1623,15
6999.032567,2695,1
6999.24249,7686,14
6999.619242,3475,1
6999.895253,4017,20
6999.896066,4398,5
7000.021787,103,18
7000.759883,2599,15
7000.776472,3204,25
7001.017332,1792,3
7001.254919,1788,13
7001.505469,2804,4
7001.525919,205,1
7001.529786,1273,39
7001.759011,2381,9
7001.837151,143,7
7001.8876,6051,94
7002.024113,2030,3
7002.075957,2220,15
7002.251071,7629,131
7002.275472,4424,54
7002.326986,5722,27
7002.520302,105,11
7002.884639,818,3
7002.888005,959,1
7003.25721,5041,6
7003.325417,7680,1
7003.519042,105,1
7003.761092,4751,34
7003.783146,2705,15
7003.821005,2408,7
7003.822593,16,21
7004.008446,105,2
7004.319126,4019,17
7004.389386,1888,181
7004.508088,2255,11
7004.781515,882,5
7004.89029,2256,9
7004.900763,3081,295
7005.006225,653,1
7005.145516,2618,6
7005.253979,2687,6
7005.255837,655,4
7005.636024,1541,9
7005.639468,2179,166
7005.891852,7677,26
7006.03766,7667,4
7006.040966,7685,13
7006.257735,801,16
7006.264049,1965,20
7006.999736,7687,3
7007.001829,2375,8
7007.025815,2884,1
7007.387595,235,1
7007.509902,4554,1
7007.754037,1442,1
7007.757058,1184,2
7007.89227,3988,364
7008.079015,1539,5
7008.290698,2226,4
7008.373343,7675,6
7009.7662,1683,5
7009.869937,3262,18
7010.762149,992,2
7010.780248,4779,1
7010.820856,1894,21
7010.871375,6403,4
7010.871391,2012,7
7011.039463,511,10
7011.568406,4861,7
7011.651537,323,12
7011.755371,1240,8
7012.00892,2501,3
7012.246432,1292,22
7012.496957,7678,18
7012.507699,941,8
7012.54878,4345,1
7012.571524,1899,1
7012.635248,1993,1
7012.63965,3923,2
7012.753287,5322,1
7012.873144,1290,14
7012.900133,768,103
7013.542067,1959,101
7013.624772,1560,66
7013.647095,1904,13
7013.75755,3146,5
7013.758152,2332,3
7014.144823,1904,40
7014.401487,4290,33
7014.78953,1806,9
7015.162284,152,3
7015.375159,272,6
7015.65102,419,53
7015.90665,4113,14
7015.908123,1407,3
7016.2913,1088,2
7016.897935,7679,20
7016.903175,3960,12
7017.007168,29,9
7017.011905,2031,2
7017.151124,520,10
7017.368073,3511,1
7017.373419,2386,16
7017.409508,1406,6
7017.41458,3749,9
7017.497528,655,7
7017.661781,4664,265
7017.775167,376,18
7017.879192,56,1
7018.898231,3751,10
7019.377948,7687,2
7019.87987,1468,15
7020.009884,1579,3
7020.071637,7679,42
7020.385378,1844,5
7020.507689,946,4
7020.535883,2476,7
7020.630227,1467,6
7020.770595,4636,15
7021.027488,7680,34
7021.405757,3279,5
7021.52534,2672,5
7021.652072,3833,9
7021.781389,196,5
7021.829397,866,1
7022.271473,196,1
7022.758209,1339,9
7022.893029,3348,52
7023.008715,7674,61
7023.029526,1683,6
7023.034271,1619,4
7024.067989,2096,10
7024.509438,1668,22
7024.513043,2259,2
7024.751015,5040,2
7024.820676,2296,11
7024.998045,3295,6
7025.028933,1199,2
7025.256803,2729,15
7025.377909,667,190
7025.4043,1231,1
7025.505687,1339,13
7025.506028,5039,5
7025.539964,1199,1
7025.664969,3836,7
7025.665075,339,3
7026.132194,1467,20
7026.135953,4965,8
7026.390001,537,31
7026.638017,2736,7
7026.877194,59,6
7027.017135,1209,2
7027.07069,7684,6
7027.251851,2883,5
7027.284094,2676,25
7027.630109,2092,19
7028.031092,1690,13
7028.084657,2853,17
7028.368803,1200,2
7028.400215,512,10
7028.529531,2810,10
7028.531542,3066,28
7028.653962,490,3
7028.762668,2549,1
7029.126575,660,23
7029.321833,5767,92
7029.370353,1918,12
7029.526919,7678,24
7029.570374,1202,11
7029.877637,542,2
7030.026796,3585,6
7030.123797,6348,76
7030.494434,970,13
7030.58292,4953,6
7031.02034,1333,3
7031.124564,7677,2
7031.156908,1301,10
7031.269305,3589,9
7031.275982,3163,22
7031.278044,136,13
7031.494603,1878,3
7031.584168,5904,2
7031.755895,1532,3
7031.842129,1877,31
7032.080524,5905,8
7032.546805,3577,10
7032.548085,1682,3
7032.913074,342,3
7033.618492,1935,6
7033.773431,2020,240
7033.997215,231,1
7034.084952,1430,5
7035.275436,4968,13
7035.275627,1090,56
7035.278684,3321,6
7035.631019,224,1158
7035.633873,26,32
7035.785735,1301,14
7036.013335,786,15
7036.585106,1432,3
7036.654546,1070,10
7036.739422,2468,9
7037.124724,167,1
7037.260547,944,1
7037.291545,4439,2
7037.408764,2370,280
7037.490836,2572,8
7037.492028,599,57
7037.576767,7685,1
7037.662207,1692,1
7038.288177,114,3
7038.530393,2484,3
7038.880864,1591,1
7039.245199,7174,15
7039.322745,1675,3
7039.373099,130,15
7039.527671,1406,9
7039.57086,7669,7
7039.778174,1499,7
7040.022847,549,9
7040.262718,7181,1
7040.621302,3639,11
7040.83188,2730,3
7040.905971,5884,2
7041.076089,3766,4
7041.146367,503,12
7041.242576,1499,11
7041.872071,7173,31
7042.122966,4022,54
7042.123376,986,14
7042.52315,6714,29
7043.256631,911,2
7043.257889,1266,2
7043.370267,7681,4
7043.500172,206,13
7043.749436,2855,48
7043.824917,7490,1
7044.622187,2424,1
7044.83008,55,51
7044.881592,3938,1
7045.291943,2746,1
7045.396287,2658,3
7045.62167,2371,73
7045.786807,3019,2
7046.286625,2624,4
7046.289853,253,5
7046.290395,772,1
7046.320297,4894,3
7046.374615,1593,2
7046.39933,3348,169
7046.644477,4087,2
7046.645219,2056,3
7046.64543,1493,5
7047.269423,3234,25
7047.382053,141,50
7047.387789,415,2
7047.751369,153,6
7047.788695,387,24
7048.385507,1800,1
7049.512982,4934,38
7049.884437,186,1
7050.142005,6525,55
7050.37565,348,1
7050.749681,6200,1
7050.828687,7565,115
7050.889998,2155,24
7051.018082,2,1
7051.13852,3767,6
7051.378462,1802,6
7051.49925,905,15
7051.518349,1793,14
7051.634418,1486,4
7051.64509,2968,10
7051.740988,3289,7
7051.878846,7674,4
7051.995022,7679,7
7052.318041,4898,9
7052.394446,2240,7
7052.576395,1367,72
7052.636944,2241,6
7052.892862,2850,13
7052.89377,1503,5
7053.05099,4410,3
7053.536076,612,5
7053.57121,4897,11
7053.8239,5928,4
7053.999018,2946,16
7054.244065,2472,67
7054.755406,2808,8
7054.821558,143,21
7055.289508,7681,5
7055.501931,47,35
7055.50852,155,1
7055.645729,1897,1
7055.645905,3052,9
7055.749564,5888,3
7055.752736,7595,118
7056.02146,3388,1
7056.022899,2875,24
7056.042906,7685,2
7056.093958,5823,1
7056.131756,1195,21
7056.642759,4040,114
7056.749842,4305,2
7056.888741,3297,1
7057.074605,1287,7
7057.136605,1687,3
7057.144356,1481,1
7057.25838,475,1
7057.258692,2836,3
7057.786022,350,18
7057.880386,943,12
7057.881142,7673,5
7058.003933,229,10
7058.013665,1367,88
7058.294393,2768,3
7058.496956,2999,9
7058.63072,1507,21
7059.259621,4820,2
7059.259956,3639,9
7059.265025,5150,295
7059.318952,1691,1
7059.748401,2520,16
7059.826281,2934,36
7060.005343,3484,14
7061.290013,356,3
7061.536155,4390,1
7061.762846,767,2
7061.766904,1387,77
7062.572424,2726,17
7062.573487,1825,13
7062.623288,1492,14
7062.75934,2046,1
7062.825867,7579,41
7062.894413,1140,9
7063.005022,737,21
7063.629038,993,37
7063.754504,3190,29
7064.072552,4904,39
7064.823464,1638,1
7065.025015,1594,4
7065.575512,1937,1
7065.578296,1286,37
7065.759736,5604,26
7065.870737,2266,41
7066.007102,7681,16
7066.321186,4964,3
7066.512995,403,16
7067.077141,1174,10
7067.150401,4389,10
7067.274575,1926,5
7067.321801,53,1
7067.573003,595,11
7067.766652,5913,9
7067.774021,2141,13
7067.77744,1109,16
7067.89692,422,21
7068.028612,1139,52
7068.070117,1640,10
7068.141054,4390,8
7068.274905,1763,1
7068.509322,3827,1
7068.774462,3205,8
7068.887472,7679,16
7069.009727,4870,296
7069.259201,2535,3
7069.321461,3726,3
7069.402745,1811,8
7069.506814,1258,46
7069.53034,2418,4
7069.619336,755,19
7069.651763,3828,11
7069.882323,3068,10
7070.49786,2842,7
7070.56888,1191,21
7070.875011,3069,1
7071.528046,1930,7
7071.826211,600,25
7072.037868,7409,12
7072.251876,3544,23
7072.372307,469,12
7072.657936,746,15
7073.03327,2508,8
7073.244756,982,16
7074.007498,260,24
7074.127384,943,1
7074.253979,1186,1
7074.316348,2748,8
7074.406419,2747,26
7074.54009,2356,30
7074.542532,185,20
7074.637647,747,1
7075.275262,3656,4
7075.397782,410,14
7075.497423,984,2
7075.827494,7527,4
7075.876675,2351,7
7076.14957,846,1
7076.336233,3633,3
7076.384736,7677,1
7076.5146,5919,4
7076.584241,4437,125
7076.990045,2197,10
7077.083669,7528,3
7077.133069,1959,5
7077.133546,2161,12
7077.587702,1655,2
7077.624434,7194,520
7077.771836,2546,2
7078.014958,1844,33
7079.271156,1556,7
7079.526143,5696,8
7079.794427,5143,1
7079.795555,4388,10
7079.802957,425,2
7080.045161,411,17
7080.280056,5638,1
7080.284552,137,20
7080.389241,7679,19
7080.837432,610,1
7081.016607,1811,28
7081.079059,3235,3
7081.083237,106,7
7081.888051,1621,10
7082.256506,832,271
7082.366502,74,1
7082.369564,3846,1
7082.526228,1740,3
7082.572818,3237,14
7082.625952,277,1
7082.754263,1075,52
7082.824681,7686,19
7083.00484,1198,16
7083.015197,7679,7
7083.140481,3338,11
7083.14054,2007,8
7083.507866,1184,12
7083.751912,3273,65
7083.754068,3132,31
7083.774088,1687,6
7084.016172,832,254
7084.270652,2493,2
7084.653128,2007,8
7084.758695,1904,3
7084.774339,1231,2
7085.252535,835,3
7085.584399,2319,3
7085.752774,4152,91
7086.029117,1946,1
7086.075585,1673,1
7086.134281,3676,2
7086.152338,2009,15
7087.018668,603,20
7087.081874,2327,19
7087.138655,1850,18
7087.244247,2700,511
7087.274287,3469,12
7087.572354,7527,68
7088.134003,1196,1
7088.238405,3176,1
7088.270275,1689,5
7088.529453,7686,13
7088.529679,1259,21
7088.753793,4022,4
7089.007152,348,8
7089.072702,1656,7
7089.250814,3177,2
7089.255987,4796,21
7089.285846,3662,5
7089.627542,2090,98
7089.632412,2223,4
7089.823092,1679,49
7090.010619,762,11
7090.071589,1038,2
7090.273278,7662,4
7090.580786,7279,76
7090.887052,2513,6
7091.02816,5001,14
7091.07982,2420,21
7091.381277,4019,5
7091.759146,3812,2
7091.876854,2903,16
7092.383133,7681,2
7092.394329,7269,2
7092.576071,7472,4
7092.762666,2619,37
7092.893033,4414,21
7092.893199,2012,14
7093.037911,4652,3
7093.03814,778,7
7093.043967,4156,13
7093.044071,1325,42
7093.644152,918,19
7093.767606,2911,1
7093.881281,4115,10
7094.402465,552,12
7094.572464,2885,2
7094.572515,1938,7
7094.577348,7473,4
7094.756585,1812,30
7094.878218,3897,1
7095.004666,3326,3
7095.039478,1361,46
7095.653447,7684,14
7095.901456,2167,3
7096.000713,904,18
7096.391336,1553,1
7096.758856,3680,18
7096.821652,1995,145
7097.075181,1385,28
7097.135247,3074,101
7097.320153,1044,14
7097.382175,48,37
7097.656242,1095,2
7098.012907,36,8
7098.567507,1681,22
7098.62554,4049,7
7098.649877,3151,2
7098.82249,5002,11
7099.408527,4195,5
7099.528523,2310,9
7099.577887,246,12
7099.653346,7686,1
7099.751991,3907,1
7099.822167,2308,4
7100.032883,2488,1
7100.034488,1058,7
7100.495612,7675,1
7100.790975,457,13
7101.050907,1522,11
7101.160913,2087,2
7101.246495,5172,94
7101.261043,1820,5
7101.38791,598,1
7101.40464,7675,29
7101.490231,1037,8
7101.889239,7674,9
7102.128637,1061,1
7102.389897,196,1
7102.631733,319,1
7102.746077,687,8
7103.040349,3194,2
7103.323271,5092,1
7103.577019,608,3
7103.580811,1442,1
7103.826079,1264,2
7103.892224,288,46
7103.992424,1503,6
7104.051204,171,38
7104.051283,2490,13
7104.078127,7432,1
7104.078258,7543,3
7104.257809,3842,1
7104.25811,523,1
7104.26071,5488,4
7104.261095,491,3
7104.295417,1423,12
7104.650519,4407,5
7104.889906,2908,1
7104.895983,2369,6
7105.336475,1444,1
7105.383819,3783,12
7105.891318,2811,112
7105.891489,1556,4
7105.908006,507,349
7106.131025,5816,7
7106.264091,81,15
7106.278409,2608,4
7106.516625,7666,7
7106.743081,6213,5
7106.827281,1893,70
7107.071722,84,6
7107.07224,1201,6
7107.377387,1582,8
7107.544424,1656,102
7107.744844,6214,1
7107.869198,600,1
7108.005971,1650,3
7108.1439,7686,4
7108.892018,1541,14
7109.00536,87,14
7110.036019,2865,37
7110.264997,5180,28
7110.571611,3239,3
7111.022653,6509,7
7111.035393,2098,2
7111.080279,15,110
7111.252779,2609,3
7111.57112,2249,6
7111.790347,18,4
7112.035333,19,15
7112.874891,584,15
7113.291624,2099,26
7113.292148,1269,40
7113.380317,2816,4
7113.39878,7685,17
7113.537069,2479,1
7114.139087,2824,67
7114.143385,311,1
7114.581892,2803,5
7114.639074,1203,40
7114.757932,1301,2
7114.828443,623,26
7114.828699,3940,8
7115.130513,2344,2
7115.49642,1168,23
7115.632646,2914,50
7115.63805,1196,76
7115.658274,2015,17
7115.834083,3589,2
7115.885777,610,1
7115.886374,7686,6
7116.152132,7675,1
7116.274353,1803,19
7116.274832,1235,3
7116.490667,3520,1
7116.74159,1041,5
7116.745737,7242,14
7116.995909,3520,17
7117.246818,7242,19
7117.384544,2816,11
7117.533275,1263,7
7117.631771,3079,1
7117.894219,2293,11
7118.011466,5937,2
7118.072007,1422,11
7118.508746,846,1
7119.011548,2107,8
7119.01227,4438,8
7119.026389,3654,5
7119.285287,2561,1
7119.287634,4735,3
7119.774057,7678,18
7120.021674,2656,22
7120.496125,3156,1
7120.887907,1617,9
7121.028127,442,24
7121.390661,2749,3
7121.885424,2519,24
7122.008507,2595,16
7122.630019,3517,11
7122.635716,2383,4
7122.757055,3611,7
7122.778155,636,6
7123.257226,3933,1
7123.389094,1564,1
7123.632202,2662,5
7123.637136,1506,1
7123.641867,2756,2
7124.142162,1221,1
7124.267886,187,2
7124.398208,2563,13
7124.531747,2364,3
7125.002016,2588,1
7125.644399,2698,2
7125.884073,2110,1
7126.130685,7685,1
7126.13155,2523,37
7126.259466,1881,3
7126.507945,187,2
7126.525648,2365,13
7126.75431,1032,49
7126.827079,17,6
7127.008014,1145,2
7127.008119,2374,2
7127.022165,450,18
7127.384551,2088,3
7127.628881,93,1
7127.776311,2611,1
7127.872479,3086,2
7127.892457,2429,3
7128.008808,1033,19
7128.030257,2275,4
7128.254609,2463,3
7128.528386,187,9
7128.877464,1313,7
7129.077963,3854,2
7129.266641,929,1
7129.75547,2261,2
7129.820475,1124,8
7130.011138,3177,3
7130.031932,3282,15
7130.037161,1432,6
7130.504188,174,1
7131.764929,2896,1
7132.070723,102,4
7132.386174,1691,6
7132.527584,686,552
7132.645611,2124,1
7132.648901,2055,9
7132.781721,290,8
7132.892707,3187,3
7132.895796,2802,11
7132.896146,1169,16
7132.997951,7681,3
7133.275658,552,24
7133.321565,142,31
7133.386845,600,7
7133.645412,3393,6
7134.385362,695,28
7134.386698,3453,14
7134.631926,3069,22
7134.827957,5080,6
7134.892126,567,9
7135.06972,1275,1
7135.074762,2334,2
7135.250666,849,5
7135.769986,145,35
7136.122721,3528,1
7136.272489,33,3
7136.276354,3410,49
7136.584349,379,7
7136.754497,5155,23
7136.868344,1354,1
7136.874355,883,23
7137.024989,7674,10
7137.120817,1937,8
7137.529233,1308,6
7137.534734,5015,3
7137.763836,2678,1
7138.27691,4581,8
7138.2803,289,30
7138.326226,1492,3
7138.517464,11,19
7138.571284,3809,4
7138.622896,2877,202
7138.626212,1206,3
7138.77274,7648,7
7139.084897,1436,2
7139.124914,606,4
7139.241676,2417,20
7139.271921,6625,8
7139.533014,1189,18
7139.74479,2285,1
7139.832565,1270,52
7140.239838,3061,1
7140.244187,10,10
7140.279996,323,11
7140.744517,2419,16
7140.896688,2607,27
7141.140562,2429,137
7141.387433,2495,5
7141.517598,710,10
7141.523137,7681,1
7142.000067,374,13
7142.253308,2419,9
7142.87912,1239,8
7142.880339,297,17
7142.886705,11,7
7143.084519,2438,11
7143.330085,3231,3
7143.333546,296,12
7143.616575,1992,5
7143.641194,2058,43
7143.768284,155,1
7144.00766,328,5
7144.032019,2501,25
7144.13548,3305,9
7144.993069,5813,17
7145.28575,1178,3
7145.531015,1191,1
7145.638172,1380,2
7145.782882,1192,2
7145.889515,87,46
7146.083914,1130,25
7146.506338,6682,3
7146.580881,2331,8
7146.627946,612,3
7146.640968,7683,3
7146.749268,2226,2
7146.757874,164,1
7147.278999,1747,10
7147.369808,1435,9
7147.758782,7683,14
7147.888845,1057,20
7148.120354,2155,9
7148.120999,1935,8
7148.334458,1261,27
7148.491829,1012,6
7148.7379,2889,1
7149.010252,4168,5
7149.03405,985,1
7149.039338,1747,19
7149.039633,2879,7
7149.123875,5706,29
7149.374075,986,1
7149.395246,1177,15
7149.490178,1015,4
7149.523917,4341,13
7149.52726,5017,1
7150.020293,6245,9
7151.119111,3234,174
7151.121243,3001,4
7151.151358,2779,5
7151.272784,3258,4
7151.524473,6247,25
7151.641982,5901,1
7151.842056,2550,11
7151.875695,1292,1
7152.140561,1524,7
7152.887719,13,1
7153.742838,7679,8
7154.622125,2230,4
7154.748506,2059,246
7154.771654,1998,1
7154.777402,2036,908
7154.840477,3036,4
7154.867714,7686,82
7154.892587,703,1
7155.016832,1452,406
7155.642686,522,3
7155.776022,7678,11
7156.082456,2184,3
7156.141638,1331,3
7156.285249,2531,9
7157.027754,3229,2
7157.027996,3535,23
7157.123635,3706,16
7157.145845,1916,1
7157.250862,2458,1
7157.344105,1974,83
7157.576007,3242,2
7157.777078,3874,9
7158.118178,694,1
7158.329042,535,3
7158.771844,7679,11
7158.829489,1293,1
7158.834848,7,21
7158.878391,694,3
7159.247345,2459,15
7159.264319,7680,8
7159.278388,3231,1
7159.621243,2374,1
7159.876302,35,8
7159.992645,3321,2
7160.626259,3880,2
7160.835293,2978,47
7160.891997,7667,2
7161.016762,2191,6
7161.020454,2126,82
7161.328604,300,244
7161.585736,1294,1
7161.637185,162,20
7161.75839,1545,1
7161.777784,1112,30
7161.875642,3879,8
7161.887809,4551,2
7162.082906,1245,8
7163.265319,1545,1
7163.285682,1115,1
7163.336509,77,16
7163.503209,2889,30
7163.622282,1288,3
7163.766041,2158,3
7163.769938,2160,4
7163.770273,7681,10
7164.495971,1308,81
7165.006247,2877,4
7165.009909,1159,61
7165.15536,2451,2
7165.538859,811,2
7165.543153,7684,2
7165.59276,1656,7
7165.745591,133,16
7166.754041,190,37
7166.771937,2192,133
7167.040012,2544,1
7167.077202,2014,3
7167.387744,1048,9
7167.840609,1213,14
7168.372024,2601,10
7168.513592,2070,2
7168.784941,2730,1
7169.035204,459,19
7169.539027,1764,5
7169.572053,3059,6
7170.369685,1001,5
7170.506692,1021,15
7170.823207,7515,4
7171.092347,2573,4
7171.140671,2878,4
7171.507862,1180,84
7172.367654,1003,4
7172.406024,1246,15
7172.568953,1911,3
7173.259037,1216,9
7173.618475,1130,13
7173.892971,4681,1
7174.071913,1861,1
7174.555222,2837,3
7174.769695,2814,6
7174.873338,2285,51
7175.614258,5097,1
7175.760337,2744,2
7175.779986,7679,3
7176.582911,1125,1
7177.398611,785,4
7177.402437,7686,1
7177.590712,1126,3
7177.660534,698,8
7177.839499,3777,3
7177.840497,1119,18
7177.890046,729,17
7177.897924,132,45
7177.996371,7680,51
7178.083127,3053,12
7178.138688,1289,11
7178.138821,7670,13
7179.080228,1151,22
7179.642176,1039,51
7179.65462,197,39
7179.894206,6174,34
7179.894631,5142,9
7180.097354,295,6
7180.283877,4289,1
7180.338453,1130,13
7180.789052,2041,1
7180.903324,7686,1
7181.081402,1129,4
7181.167238,703,4
7181.334645,6658,58
7181.338539,7273,6
7181.338712,957,4
7181.413292,1244,3
7181.741231,3135,3
7181.790315,819,1
7181.913514,2740,1
7182.523419,2412,1
7182.585896,4377,5
7182.832922,3721,58
7182.833996,2473,37
7182.900305,2586,9
7183.082352,133,50
7183.116365,705,1
7183.146933,2741,2
7183.261555,45,14
7183.745261,2028,1
7184.11937,705,2
7184.119683,2318,10
7184.828336,135,1
7184.909772,1191,11
7184.991012,1624,10
7185.163692,1224,1
7185.592301,1991,16
7186.026507,2227,5
7186.590386,7457,6
7186.652602,3086,3
7187.088956,311,15
7187.089872,55,38
7187.118411,1180,3
7187.396408,819,4
7187.49111,7577,1
7187.527742,7671,1
7187.532606,789,37
7187.613813,320,10
7188.243516,4758,34
7188.275484,2232,6
7188.406444,821,1
7188.519759,768,10
7188.580681,3056,10
7188.632373,28,12
7189.01312,1043,6
7189.156405,815,1
7189.407726,1705,1
7189.579526,55,77
7189.738408,471,10
7190.518371,1045,4
7190.592355,1873,1
7190.648447,2121,4
7191.160567,26,19
7192.282322,1225,295
7192.323667,1889,9
7192.368779,1790,9
7192.786257,1227,1
7192.79238,1788,17
7193.895071,990,14
7194.006812,1603,6
7194.014421,2829,7
7194.138125,990,1
7194.624726,2996,9
7194.643866,2529,4
7195.288142,2113,5
7195.3295,146,3
7195.786682,3435,3
7195.787865,7175,3
7196.376726,1797,13
7197.021744,1563,7
7197.080444,5650,2
7197.253287,1495,3
7197.273137,1196,6
7197.519279,2615,2
7197.755167,1337,21
7198.086673,1449,28
7198.267119,1069,9
7198.387801,204,7
7199.382084,2895,1
