arrival_s,input_tokens,output_tokens
0.0,1840,11
0.236553,1865,3
0.276975,611,33
0.479071,244,54
0.625998,581,10
0.640843,1851,14
0.641975,5593,61
0.731188,2221,62
0.889558,557,45
0.978638,562,24
0.987584,592,24
1.029982,730,12
1.17322,2232,429
1.475565,1580,3
1.627943,3359,235
1.724232,2173,389
1.765329,590,14
2.151367,1498,60
2.168384,558,41
2.973727,2360,14
3.627621,795,19
4.22724,731,10
4.473221,1809,9
4.529663,4098,16
4.720243,1444,3
4.726879,2805,403
4.777501,384,13
4.977316,461,6
5.376605,1654,383
6.218608,5803,20
6.223954,6285,135
6.384746,2504,288
6.385012,2106,3
6.719321,1787,9
6.923619,3173,63
6.968923,4540,45
7.021655,1640,3
7.424523,570,29
7.51085,418,52
7.761201,308,51
8.140102,2100,3
8.266964,1639,296
8.511185,4094,781
8.888526,468,5
8.910465,713,32
9.175432,571,71
9.495429,234,45
10.012606,1679,3
10.512802,959,46
10.725178,471,9
10.731195,582,34
10.731417,4343,258
10.984076,582,48
11.239415,6151,9
11.967426,1931,3
12.148714,2098,272
12.228258,379,41
12.267509,2912,232
12.385907,1346,166
12.404419,2893,440
12.726383,1932,3
12.727422,418,13
12.737807,1740,90
12.920099,1046,171
13.645978,472,40
13.650345,234,10
13.68808,3632,560
14.665192,612,49
14.671967,1997,226
15.476233,2378,167
15.638528,5459,253
16.323139,2864,256
16.397359,2564,603
16.427224,2944,257
16.629238,608,52
16.765659,725,11
17.467797,371,70
17.630496,1293,147
17.922326,337,6
18.642548,331,52
19.176557,2718,407
19.176642,1116,78
19.63028,550,15
19.640278,3455,172
20.635873,558,23
20.760249,178,58
21.229709,366,5
21.400729,688,65
21.481259,352,8
21.984342,1192,3
22.147977,1015,44
22.148097,5079,20
22.464469,1592,113
22.645236,1863,286
23.233287,234,6
23.265991,1641,3
23.401214,491,57
23.48395,2894,507
23.981221,560,25
24.014046,6390,21
24.015678,1463,3
25.144904,2825,165
25.733242,1715,61
26.37794,815,60
26.628288,2245,20
26.990304,550,10
27.228504,548,17
27.377118,178,45
27.522635,353,32
27.647507,6182,11
27.981577,340,52
28.229617,1968,373
28.379099,191,43
28.521756,604,30
28.637381,219,54
28.882389,2239,3
29.02753,3451,358
29.13949,876,41
29.493425,6865,1024
29.671322,2048,166
29.894218,566,38
30.028461,1761,3
30.478756,445,57
30.672979,558,24
31.740636,2692,269
32.019593,3114,551
32.13862,744,49
32.144756,2765,273
32.390047,234,41
32.42885,1926,13
32.783667,613,34
32.973312,562,19
33.016098,446,40
33.47181,2281,50
33.72523,5411,473
33.925645,1649,33
33.990828,228,58
34.516417,1116,16
34.641728,283,43
34.653575,5837,20
35.886955,1704,11
35.920594,461,57
35.991083,564,27
35.999202,605,20
36.181003,550,18
36.489768,443,48
37.139631,112,51
37.651236,618,3
37.997615,151,53
38.168468,1965,175
38.636932,623,69
38.770173,1929,3
38.776444,600,53
38.776726,777,66
38.809712,598,25
39.064874,1996,11
39.232009,590,21
40.130529,665,298
40.378288,1942,217
40.399018,1734,14
40.747148,686,10
41.037284,232,45
41.231444,779,35
41.403528,605,20
42.018666,2148,277
42.63372,169,118
42.734029,1995,3
42.923315,1801,206
42.973606,554,20
43.767992,627,28
43.977845,2212,3
43.986622,588,20
44.218954,6279,20
44.523933,197,41
44.650364,605,48
44.968945,55,40
45.469981,2077,7
45.519061,1375,17
45.722962,1614,63
46.656312,1091,3
46.732214,2018,3
47.134111,550,10
47.154795,1947,117
47.156648,632,39
47.652875,554,25
47.927127,1756,260
47.927185,514,42
48.171096,2942,199
48.384641,645,76
48.469758,2124,596
49.143878,1904,3
49.148051,246,30
49.219605,490,82
49.220856,497,47
49.222845,556,22
49.746716,4491,18
49.950502,552,43
49.968037,533,65
50.221395,366,108
50.27308,455,11
50.489913,2083,147
50.630721,449,39
50.647815,4272,506
50.67318,1183,43
50.943969,224,53
50.963238,1715,3
51.137365,587,19
51.519829,627,22
52.269686,610,19
52.47841,159,47
52.72205,246,36
53.396973,463,48
53.473627,1084,3
53.972763,560,15
55.224467,2094,199
55.420436,431,62
55.969732,476,38
55.97412,1730,13
56.220417,2225,737
56.238642,652,9
56.519916,882,227
56.877516,393,24
56.97269,464,14
57.480145,5142,484
57.69851,622,10
57.726388,3592,3
57.983715,328,61
58.135671,1539,12
58.424791,808,2
58.471514,1913,3
58.471676,1628,137
58.471749,354,6
59.65849,3936,492
59.726688,56,67
59.731201,1898,18
60.220046,1923,12
60.424708,2993,103
62.174103,1577,18
62.23028,2565,212
62.457142,5898,831
62.971288,551,37
62.97345,306,54
63.727944,3652,12
64.225574,302,53
64.884109,2151,276
64.975057,2188,20
65.726237,601,15
65.885613,583,9
65.950022,478,11
66.519888,463,37
67.015063,572,31
67.409283,383,209
67.426314,5157,92
68.479642,1876,175
68.666345,611,23
68.684929,743,81
68.900779,306,36
69.135928,253,6
69.631828,1952,374
70.231284,562,26
70.234176,5207,96
71.630973,597,24
72.147137,2888,267
72.648748,275,173
72.913688,2096,3
72.91437,1218,366
73.029334,556,22
73.220717,605,17
73.378496,2162,16
73.739305,426,42
74.145349,703,18
74.214073,2982,223
74.574083,1602,3
74.897672,568,32
74.97939,286,43
75.421667,2164,413
76.143611,2870,340
76.229699,577,8
76.400472,3044,169
76.424873,605,32
76.42499,552,19
76.487806,2377,419
76.492295,439,5
76.626822,293,62
77.387596,1314,46
77.512659,562,22
78.011155,542,11
78.175498,588,21
78.471619,1921,11
78.635324,2053,172
78.896521,5696,1199
78.923505,580,46
79.513129,553,19
79.655683,552,19
79.893061,1265,3
80.220571,2901,435
80.224055,223,44
80.268207,597,16
80.653581,2548,409
80.794705,5476,370
81.045163,52,40
81.050632,2260,559
81.457383,415,9
81.636148,3812,3
81.673528,271,40
81.978918,352,11
82.638297,554,20
83.395789,456,18
83.955447,124,93
83.97223,573,47
83.979619,514,65
84.280329,7477,3
84.732618,239,39
85.130777,562,27
85.471695,2162,158
85.632505,1914,3
85.72493,1888,176
85.731846,1834,578
85.886752,596,24
85.88761,562,24
86.145504,4146,185
86.405185,2022,15
86.630637,2760,414
86.737213,1823,3
86.769596,2322,266
86.921436,2740,40
87.668172,447,50
88.022764,760,99
88.218885,212,50
89.276466,3506,375
89.484735,592,22
89.48951,562,16
89.533161,3828,683
89.904461,442,14
90.02142,109,61
90.223928,610,33
90.224863,558,14
90.740467,423,6
91.471099,2153,119
91.485459,421,9
91.769881,612,16
92.654398,199,3
92.899599,1633,29
92.90239,584,10
93.014433,601,18
93.852328,556,16
94.017076,416,46
94.672499,452,10
95.017596,560,24
95.896681,473,52
95.979255,2060,3
96.146762,2761,321
96.728142,548,19
96.775518,296,44
96.893748,1404,3
97.642061,552,19
98.264301,443,43
98.724902,573,44
98.897599,5837,556
98.976885,2168,17
99.132761,335,45
99.229148,4587,1020
99.967929,3421,502
100.654946,2215,258
100.977899,478,104
101.18272,113,54
101.419344,302,47
101.472973,1969,15
101.477166,544,15
102.402855,5068,573
102.47461,2456,3
102.474776,578,31
102.770832,593,7
102.902717,599,17
102.918458,1148,3
102.973455,2702,450
103.277714,1906,14
103.734566,2695,275
103.979097,635,33
104.020863,435,62
104.020976,200,9
104.166361,2600,3
104.18555,414,10
104.185898,730,8
104.227175,751,489
104.26307,566,28
104.400597,855,35
104.676198,2952,296
104.76499,1477,385
105.148204,637,39
105.263102,54,43
106.227639,2839,604
106.228831,366,52
106.3928,550,18
106.482224,6511,107
107.002884,437,11
107.009944,1978,3
107.224577,591,14
107.894322,2175,52
108.141898,2986,3
108.471116,1568,89
108.471764,975,38
108.473366,767,56
108.97539,596,13
108.984741,2506,30
109.012841,2931,333
109.017283,558,23
109.220644,2213,113
109.47881,546,3
109.525054,1266,42
109.528042,3752,468
109.641985,6887,20
109.642272,552,19
109.971958,427,52
110.144012,6147,274
110.287992,878,114
110.472541,2321,12
110.640982,1544,3
110.971043,690,15
110.974565,1701,103
111.427236,566,26
111.972479,194,50
112.733618,50,42
112.969728,2421,582
113.223631,1301,3
113.387657,4334,1052
113.472423,245,6
114.743599,3093,3
114.893522,783,49
115.223328,2319,3
116.401639,2832,196
116.482875,2239,13
116.642862,566,18
117.475015,2410,14
117.640555,607,21
117.723017,596,26
118.979724,718,8
119.232592,146,47
119.269508,1712,13
119.274138,1319,183
119.382643,564,14
119.488857,2786,3
119.515959,2218,12
120.235797,584,15
120.894632,2398,13
120.903413,3278,15
120.931139,481,86
120.98293,2043,155
121.140576,378,38
121.142718,4296,540
121.142779,1568,157
121.883392,5910,37
122.013125,548,17
122.242693,1605,9
122.484196,1391,3
122.516005,351,56
122.725031,472,66
122.978219,556,21
123.228908,2613,266
123.736751,2081,3
123.985105,552,21
124.133711,278,58
124.224023,251,89
124.224143,682,48
124.728952,365,6
124.77287,552,19
124.976899,2996,418
125.72532,489,54
125.770533,1828,10
126.019706,1042,29
126.020161,2447,460
126.170441,462,54
126.267159,1325,49
126.397989,2871,3
126.409266,2614,3
126.888308,592,24
127.497516,1108,3
127.64587,462,22
127.895095,4263,52
127.904909,1172,3
127.922368,860,193
128.270087,1269,8
128.475537,2250,284
128.51709,3013,433
128.7345,2480,246
128.771829,2650,232
130.13642,215,3
130.228118,1886,113
130.476128,182,44
130.747253,420,15
131.168644,583,16
131.23389,594,15
131.51959,554,20
131.981436,2550,13
131.991924,6406,136
132.39053,240,70
132.668419,2350,116
132.889013,1644,10
133.133335,576,62
133.276644,469,7
133.393852,333,46
133.734449,556,21
134.670816,552,21
134.732882,580,2
134.982518,54,49
135.239055,1464,10
135.649811,501,5
135.885556,428,43
135.926256,2208,216
135.981817,466,55
136.382197,1774,49
136.655553,3696,223
136.676181,1470,49
136.981572,493,47
137.514351,954,123
137.885843,1795,290
137.897144,2034,285
138.150882,1856,10
138.511406,384,46
139.270661,2196,445
140.231098,3132,49
140.762073,1756,179
140.981179,2099,11
141.510757,453,50
142.441585,554,2
142.970131,7431,447
142.981809,3227,363
143.511668,1941,390
143.512987,433,46
143.762444,294,43
143.97442,275,51
143.978975,1760,63
144.223084,2995,429
144.673622,2568,417
144.734313,323,35
144.882976,2218,394
144.980548,1074,51
145.235596,431,8
145.236961,607,20
145.892655,552,21
145.970029,1930,409
146.137389,257,55
146.232422,3232,3
146.234437,5477,711
147.018612,1551,3
147.264503,4650,789
147.879866,3242,231
147.908277,407,71
148.010262,5014,55
148.259136,2310,457
148.987532,2330,543
149.011764,2195,3
149.132162,151,52
149.230548,3855,47
149.2681,1260,9
149.353836,548,17
149.647395,3716,507
149.766235,7450,17
150.640459,2300,272
150.763586,2152,3
151.651512,1840,3
152.227615,287,67
152.382753,414,12
152.402278,199,50
152.637616,2624,205
152.895593,469,51
152.978557,2651,180
153.012266,599,17
153.169344,434,75
154.020551,2323,251
154.476521,552,21
155.249228,2281,138
155.400191,1996,284
155.477747,422,61
156.232248,450,44
156.392695,265,44
156.47501,2139,406
156.730157,492,56
156.897805,623,24
156.90128,203,45
157.263034,314,51
157.411235,574,30
157.481188,726,50
157.874072,3874,410
158.725883,598,47
158.895289,182,55
159.477898,1602,43
160.477299,5986,25
160.478579,2135,20
160.481444,2063,301
161.280391,2068,461
162.274794,2859,14
162.419751,1666,22
162.47625,358,7
162.736068,646,21
163.383624,1976,150
164.469006,564,28
165.427523,586,18
165.650437,2114,568
165.876563,612,10
166.414841,123,39
166.483498,556,12
167.240368,223,52
167.284922,590,23
167.39645,435,46
168.409732,2670,408
168.479683,2738,9
168.751654,5696,11
169.017028,2198,164
169.404657,52,46
170.022694,658,10
170.229475,574,31
170.519435,476,39
171.232467,2523,435
171.768218,3573,87
172.141965,4938,183
172.265296,464,48
172.390163,816,223
172.501865,869,262
172.724113,609,42
172.93423,576,31
172.972098,2570,253
173.017888,55,49
173.232942,1956,15
173.398152,385,52
173.651318,273,55
173.72585,1622,16
173.738014,1181,97
173.832037,2110,111
174.226191,2867,349
174.482636,564,27
174.512527,554,22
176.392823,3165,396
176.421355,571,30
176.72117,603,17
176.982158,583,32
177.423483,2322,610
177.668458,607,21
178.230237,675,8
179.146327,2318,424
179.147308,1098,3
179.225258,3387,15
179.254734,489,85
179.374468,119,45
179.391065,1678,202
179.393037,328,43
179.48072,1679,3
179.516429,323,85
179.625368,475,77
179.641965,418,7
179.642198,582,17
179.644816,381,47
180.394901,195,51
180.474769,199,47
180.73476,6700,23
180.73679,606,18
181.01444,1080,61
181.405108,2384,45
182.238396,1723,67
182.265665,1139,57
183.261913,1135,11
183.477546,572,31
183.882183,250,46
183.904345,341,49
183.905419,2925,227
184.063823,1736,13
184.14795,361,39
184.149728,341,10
184.152479,875,9
184.168298,2722,392
184.231506,220,43
184.38397,513,64
184.918292,2659,209
185.02475,54,44
185.237105,257,59
185.281,562,25
185.98172,197,54
187.650262,548,9
187.669075,3138,22
188.019869,1363,3
188.766904,733,9
188.910733,1812,242
189.720971,3183,277
190.516253,1939,24
190.516515,558,22
190.668395,266,130
190.761951,1833,3
190.891516,3802,81
191.472684,2606,269
191.633553,1112,290
192.225764,394,54
193.513677,92,50
193.647638,158,39
193.723117,378,76
194.726249,554,20
194.976699,1895,237
195.228257,1493,190
195.260341,164,20
195.427869,3458,594
195.482273,1955,39
195.632802,1328,61
196.631242,356,13
197.00947,845,40
197.177486,3075,433
197.98125,243,40
197.985444,739,46
198.410689,2997,511
198.474954,231,38
198.727146,906,80
199.478074,1584,173
199.718975,554,20
199.888234,552,19
200.723093,555,17
201.014776,501,9
201.145726,4064,18
202.006922,1911,487
202.436882,1958,3
202.975006,3871,274
202.976626,3093,371
203.267972,1469,22
203.270421,428,58
203.553684,330,8
203.900002,3612,472
203.900467,2760,365
203.973043,1533,44
204.892073,2792,252
204.922654,7492,12
205.397835,4474,13
205.650398,2008,3
206.382235,1079,71
206.649787,556,23
207.404074,2442,25
207.407056,1694,3
207.481883,631,35
207.730665,602,24
207.973783,4616,11
208.380006,554,20
208.719505,592,22
208.978286,592,10
209.076106,590,13
209.153266,603,28
209.224316,628,8
209.668432,6097,24
209.933733,5187,160
210.028231,3760,3
210.146635,2142,263
210.533191,501,7
211.373159,2017,185
211.42706,566,29
211.877145,2697,307
211.923339,2343,400
212.514869,546,8
213.126043,173,69
213.398383,2435,3
213.726399,6729,358
213.728142,1559,16
214.980726,224,3
215.149794,2030,260
215.645556,574,42
216.023638,1140,48
216.382217,605,20
216.626989,5632,396
217.224059,384,64
218.22759,556,21
218.545169,3475,3
219.169141,424,53
220.220624,991,33
220.271103,1949,245
220.519116,2117,382
221.629089,2225,143
221.732229,2666,375
221.732357,3022,56
221.878508,2978,14
221.902357,1713,3
221.907987,603,8
222.131406,169,55
223.633707,465,58
223.66519,777,37
223.901114,398,52
224.127432,5787,54
224.232894,636,3
224.500637,144,19
224.519226,3961,27
224.722438,1571,432
225.483615,1991,19
226.271618,6385,112
226.273485,1786,15
226.735051,171,46
226.983075,558,22
227.043118,428,54
227.321221,1836,308
227.384336,1862,3
227.419222,1660,11
227.636227,607,21
228.033927,311,34
228.319126,4746,3
229.02198,1302,3
229.271384,578,95
229.391218,1069,3
229.733555,3476,535
230.479437,2753,362
230.737933,1781,241
230.918721,661,120
230.977626,237,41
230.981937,771,48
231.381013,3972,3
232.142716,3191,3
232.481539,1263,15
233.228654,1867,3
233.645573,2003,3
233.670951,2944,315
233.768443,1971,12
234.40699,554,23
234.762716,5735,3
235.013615,471,45
235.195603,546,13
236.231987,1705,502
236.268086,561,11
236.401201,1460,3
236.479479,5276,18
236.976561,1827,15
236.977525,617,28
237.01534,3803,408
237.634052,267,6
237.728177,1065,42
238.224872,1714,13
238.483406,2230,432
239.22415,1511,222
239.267732,2858,39
239.410601,7544,24
239.511049,380,51
239.719444,1598,12
240.244893,2248,195
240.477899,649,34
240.972226,212,42
241.72609,2118,84
241.973181,1277,479
241.976107,2005,14
242.139808,550,45
242.640158,368,41
242.760046,1776,3
243.227874,501,10
243.262894,987,36
243.983061,264,128
244.1542,699,462
244.633088,3322,629
244.634472,4408,40
244.656021,631,12
244.65973,478,85
244.880764,2401,584
244.971292,179,57
244.975908,2040,3
245.481513,272,5
245.512225,676,76
245.515318,343,47
246.125467,594,40
246.761149,3007,3
246.922178,7969,40
246.98544,562,18
246.985998,263,43
247.128695,4673,11
247.131907,4774,3
247.219471,310,115
247.47026,618,24
247.630024,1311,12
247.894554,235,11
248.012955,180,57
248.128424,3477,16
248.222176,220,34
248.239896,597,13
248.923237,607,21
248.923425,601,18
248.982417,2103,55
249.015139,621,11
249.128384,2576,467
249.87592,562,17
249.9719,602,32
250.132785,6201,20
250.476611,385,10
250.720591,4379,47
251.145285,391,54
251.232709,2073,13
251.736393,2729,405
252.014749,640,8
252.512436,2329,168
252.726786,3317,326
253.37832,3212,184
253.486197,2635,9
253.659531,1844,110
253.991676,308,8
254.012763,473,64
254.426759,483,8
254.722695,2130,3
254.879001,2751,259
255.184507,1882,134
255.25417,7637,16
255.631458,1908,3
255.649692,2272,279
255.878587,928,47
255.893777,144,47
256.127788,2807,212
256.177461,2140,160
256.909962,3233,105
257.014246,1033,21
257.245516,1856,57
257.671855,2137,310
257.731082,6662,20
258.144618,703,130
258.438042,594,26
258.760236,331,45
258.762071,4459,44
259.227105,299,53
259.520506,757,45
259.649161,534,31
260.172302,615,8
261.224497,550,20
261.273778,2907,298
262.921365,566,28
262.977481,1663,3
263.896934,2581,397
264.225399,242,5
264.477914,677,70
264.523063,608,32
265.923158,719,58
266.888018,1374,15
266.982159,2088,79
267.175079,272,53
267.235764,586,19
267.483103,962,3
268.430005,574,2
268.478671,879,49
268.514634,2132,180
269.009854,2034,634
269.483236,4733,3
269.978508,3111,452
270.511219,1073,36
270.661336,590,38
270.691009,608,8
270.976333,558,22
270.978174,2280,17
271.2248,2851,3
271.477533,617,27
272.148639,983,9
272.261348,1811,13
272.48217,596,16
273.679607,672,8
273.925043,668,33
274.133709,2083,3
274.144186,602,53
274.261834,578,46
274.408442,2088,198
274.636957,1913,339
274.925312,1074,3
275.382074,1618,154
276.220075,1718,3
276.97664,1901,14
277.222145,1892,234
277.476992,743,25
277.638212,79,33
278.220466,206,44
278.639334,1120,8
278.649635,1858,172
278.673955,609,15
278.674274,1959,12
279.90862,601,13
279.985599,2940,319
280.218485,2632,602
280.218554,548,17
280.226828,122,68
280.424517,2169,264
281.267194,2817,436
281.403471,3453,9
281.655618,2264,348
282.726028,3342,54
282.728382,1844,8
282.98685,240,47
282.990167,2803,355
284.481655,956,81
285.130223,554,20
285.514159,5526,20
285.729637,956,194
286.261506,6326,20
286.473928,1878,3
286.763254,558,22
286.765055,1999,550
286.768041,1964,3
287.481591,1753,12
287.726874,2831,394
288.641838,117,59
288.991626,808,112
288.996363,552,21
289.222867,179,43
289.882524,4857,3
289.966018,1915,12
290.248568,558,24
290.26816,664,7
290.268792,2717,421
291.230974,1870,239
291.269921,566,26
291.272865,3590,323
291.440992,5578,20
291.559285,276,52
292.200821,662,26
292.223031,2829,235
292.646124,2493,10
293.230967,534,47
293.484475,2192,55
294.425515,2655,221
294.641835,2129,285
294.759291,189,46
294.974625,182,65
295.23346,1205,3
295.419766,2196,378
295.419816,332,119
295.978271,3280,92
296.168246,4243,60
297.01859,340,51
297.229643,1560,3
297.386893,1966,3
297.97987,2630,265
297.980813,556,23
298.173824,943,3
298.262364,1360,3
298.471987,2012,39
298.883834,763,65
298.925624,1223,42
299.015256,520,7
299.015579,1745,3
299.674808,2415,14
299.718672,438,9
299.719534,469,6
299.728886,180,7
299.987006,307,43
300.636157,2411,332
300.718861,169,3
300.89916,424,86
300.899336,2745,289
301.675702,588,22
301.771237,3622,3
301.895798,556,13
301.926126,545,6
302.017426,163,35
302.268168,554,20
302.426893,556,21
302.474367,2694,565
303.01472,2403,3
303.473601,1405,14
304.263552,603,19
304.658517,2245,82
304.6691,458,9
304.915975,2236,337
305.223,2273,128
305.223854,572,80
305.479348,2597,3
305.969505,286,34
306.019048,555,50
306.64407,265,57
307.019289,2058,17
307.469726,393,37
307.730578,2277,449
307.900106,580,53
308.422596,778,14
309.281896,560,23
309.725538,1936,3
309.72563,2176,298
309.970971,1068,30
309.974097,3192,439
309.976564,619,11
310.169157,223,31
310.471475,609,19
310.735885,345,7
310.738701,552,20
311.217084,473,94
311.469788,2237,12
311.718924,493,50
311.765333,572,21
312.226755,252,35
312.471826,364,62
312.475372,3664,49
312.477204,566,23
313.228507,3405,323
313.726196,578,56
313.726716,574,33
314.438115,552,19
314.975618,1905,19
315.641376,174,47
315.981862,6436,24
316.218868,787,3
316.235322,3014,3
316.49253,2836,467
316.522703,96,37
316.918804,257,63
317.028079,1707,72
317.033087,637,28
317.141425,2067,91
317.422803,613,23
317.719768,572,29
317.933286,1716,13
317.971844,614,32
317.972067,4099,32
318.16823,1914,181
318.479985,852,275
318.765213,406,55
319.513952,395,57
320.169033,125,43
320.419668,2410,10
320.474644,3890,667
320.517973,1694,3
320.669026,586,19
322.475648,736,41
322.522239,478,55
323.981768,564,28
324.139563,609,19
324.378402,1818,237
324.769194,596,26
324.982583,1490,13
325.139942,400,8
325.236747,1441,27
325.742647,240,38
325.888247,2402,164
325.983701,1107,52
325.988243,1916,460
326.392242,244,47
326.514165,1673,235
326.627856,596,9
326.644012,1894,3
326.682428,2108,13
327.002199,1452,10
327.181962,1929,3
327.374738,556,21
327.377896,1619,33
327.48115,317,59
327.640832,1782,3
327.736344,259,12
327.739113,576,34
327.74031,178,51
327.978997,564,25
328.26641,594,20
328.381639,1603,400
328.640705,122,19
328.747187,4486,92
328.87883,4107,18
329.011352,2795,11
329.138918,52,40
329.142378,2003,55
329.64759,600,20
329.673655,1159,3
329.720806,1359,3
330.391091,1141,36
330.516797,620,7
331.175394,2470,201
332.147407,2103,18
332.392805,568,22
332.519753,2362,129
332.722965,2123,210
332.768791,554,12
332.983196,420,37
333.144501,6518,778
333.22563,1633,11
333.47062,2124,78
333.736556,1834,3
334.232629,756,106
334.883542,83,49
335.235285,610,20
335.272009,592,22
335.48711,725,11
335.627957,6449,20
336.520788,1203,244
337.254704,2162,465
337.483003,2961,411
337.513228,1876,9
337.732361,580,56
338.741876,1993,480
338.763582,1773,20
338.765069,363,24
339.47531,164,97
339.514418,654,8
340.225074,2529,268
340.514369,258,38
341.4063,562,24
341.726128,742,117
341.916839,281,11
342.017577,2221,3
342.264048,2064,465
342.472804,2231,16
342.638549,605,20
342.728646,3613,246
342.918868,362,48
342.972693,552,18
343.226776,2649,155
343.518794,1865,302
343.655335,5501,22
343.671946,554,20
343.677207,1034,106
343.971055,2081,12
344.019032,2856,201
344.168332,1734,3
344.16883,586,21
345.313125,558,23
346.126677,427,15
346.64316,4071,48
346.729226,3770,101
346.976548,1930,344
347.226871,4847,184
347.630116,2491,334
347.645885,614,14
347.890748,1612,16
348.018044,607,21
348.273035,1655,57
348.381146,158,131
349.22851,133,43
349.723916,2483,327
349.89284,2189,515
349.97764,4659,379
350.411016,448,65
350.628587,370,54
350.893197,1709,12
351.426758,508,47
351.536247,3626,47
351.985499,556,21
352.150771,3163,8
352.738509,4758,14
354.877428,3424,11
355.26547,2538,190
355.483531,6575,295
356.223054,599,24
356.724083,272,6
356.93469,5560,3
356.973797,417,47
357.013215,172,20
357.899165,639,93
357.972581,775,7
358.148142,1599,554
358.513034,625,28
358.73623,1908,408
358.918259,575,14
358.986045,2898,470
359.392373,182,53
359.903312,523,41
359.982788,550,18
360.472713,1989,14
360.761457,5825,20
360.796036,1347,44
361.134997,1379,35
361.477147,566,28
361.639611,556,21
362.025528,686,69
362.389991,1478,361
362.390043,1872,45
362.633925,3332,747
363.630569,815,85
364.1357,2410,215
365.12327,7808,19
365.123437,1847,177
365.168796,560,15
365.231136,592,22
365.23776,2067,309
366.419757,1302,3
366.638525,2631,31
366.638739,1984,13
366.977818,2430,173
367.472467,3380,3
367.625763,3115,50
367.63938,553,5
368.127548,1640,108
368.421024,556,21
368.513363,2096,10
369.267383,443,66
369.971601,213,37
370.410951,3695,3
370.922987,552,19
372.662342,493,7
372.766914,564,25
372.766954,1007,19
372.877555,576,33
373.420614,334,13
373.874048,601,16
373.921666,3628,534
374.475119,614,10
374.525261,2028,3
374.637732,2609,231
375.721681,629,12
377.134328,515,40
377.523423,271,82
377.523658,747,83
377.721544,621,19
378.272597,2882,185
378.394325,822,19
378.397811,1685,9
378.398891,1099,3
379.374733,1645,1024
379.396165,2108,3
379.39789,503,95
379.719448,572,31
379.901682,2531,297
380.010187,513,51
380.979407,2527,190
381.930211,350,67
382.976679,633,9
383.40621,2318,3
385.277751,94,76
385.474675,357,128
385.726735,1069,25
386.1681,628,49
387.512875,652,69
387.764172,1981,3
388.39609,590,23
388.474096,298,109
389.515356,434,53
389.676148,1127,53
389.942621,2301,376
389.977645,602,28
390.144562,1971,233
390.147344,597,16
391.148577,552,19
391.630126,1984,10
391.65058,1964,133
392.132399,3881,57
392.722539,242,48
393.289084,1823,367
393.511308,6415,10
393.671228,380,57
393.92595,580,16
394.010247,590,21
394.408409,3053,45
394.43622,182,10
394.584154,1556,3
394.918682,1096,55
394.970196,333,50
395.234157,548,17
395.379758,372,11
395.46885,538,9
395.636182,609,22
395.909601,1931,3
396.382726,1392,54
396.72078,184,57
396.725997,1909,49
396.923664,2008,119
396.972563,1682,229
397.157406,2665,324
397.737383,3189,3
398.024254,6730,43
398.231137,2134,128
398.630343,667,11
399.143804,556,9
399.668359,570,31
399.891413,462,64
400.127115,2485,529
400.140483,670,24
400.228003,666,9
400.229284,552,21
400.379387,2760,422
400.639493,554,20
400.723423,513,44
400.725538,6149,66
400.878784,584,9
401.890562,552,18
402.026312,606,21
402.495568,574,32
402.624531,1489,44
402.728271,437,10
403.22753,594,20
403.391544,1969,10
403.725947,393,44
403.928116,488,12
404.142476,156,116
404.55015,1580,3
404.58523,1523,3
404.647734,586,19
405.235618,2812,58
405.638336,5846,20
406.428295,2501,384
406.974444,2979,443
407.129923,584,32
407.427818,265,44
408.228076,2207,254
408.22857,3135,3
408.237075,1695,3
408.892909,216,48
409.230888,2181,11
409.758833,398,52
410.016571,603,17
410.454059,533,39
410.654391,3150,171
410.668183,582,17
410.675295,1148,80
410.730513,310,30
411.146345,1702,9
411.37894,349,13
411.715006,295,6
412.659,640,19
412.666049,1234,254
412.688976,1723,13
412.743952,1976,274
412.897611,954,8
412.925574,2283,65
412.983094,336,49
413.377255,751,38
413.401237,2816,326
413.625252,2738,141
415.480447,2084,12
415.518732,334,41
415.876246,460,9
415.876617,574,33
416.146733,1789,137
416.927268,2115,13
417.024709,5616,14
417.260955,2884,639
417.703755,473,16
417.933611,358,70
417.982841,558,22
418.484961,500,62
418.631212,2624,827
418.923877,2181,363
420.151854,4274,62
420.393912,5664,1024
420.394081,3187,260
420.735642,2739,387
420.771721,529,90
420.893308,1665,3
421.394555,4108,3
421.641555,800,46
421.980628,586,20
422.138393,2728,384
422.383608,1296,42
422.472369,293,49
422.519787,254,141
422.720042,488,54
423.382851,1145,30
423.396005,172,98
423.426821,1965,3
423.51901,3864,507
423.838894,997,54
424.528826,765,38
425.020842,1101,3
425.183636,739,11
425.385083,978,296
425.519662,603,19
425.92856,135,52
425.972528,603,19
426.975722,1898,152
427.223473,3476,624
427.480693,3565,187
427.640531,2087,217
428.424187,5777,20
428.524983,675,59
428.724598,2318,193
428.725176,586,11
428.984078,431,45
429.381804,2155,173
429.39968,580,16
429.707907,206,3
430.432381,1848,10
430.650729,398,64
431.231841,5718,20
431.231958,1161,3
431.725591,240,61
431.889465,1543,168
432.224471,2085,70
432.258385,231,132
432.979691,726,9
433.236662,2285,462
433.52268,482,54
433.73963,556,23
433.744683,1922,3
433.933364,126,50
434.167888,1785,3
434.175947,4953,589
434.401066,305,8
434.654854,1961,19
434.905773,660,26
434.905996,1343,3
435.643405,548,17
435.64362,2203,404
435.880396,1968,42
436.12509,515,52
436.248187,670,11
436.925742,1891,184
437.675183,425,58
437.925704,670,114
438.01272,1520,119
438.127862,4878,111
438.128461,910,38
438.265555,364,42
439.012548,3707,443
439.127392,611,19
439.426488,511,46
439.512336,312,56
439.624793,2750,378
439.990958,146,59
440.146865,428,15
440.147142,1915,7
440.220837,443,61
440.262117,1782,379
440.469749,1730,285
440.627899,612,32
441.261716,51,45
441.262334,1990,346
441.376694,2527,345
441.472344,717,47
442.418797,547,76
442.671689,546,18
442.90518,566,29
442.971004,2270,12
443.01631,1327,3
443.627923,572,29
443.913005,1404,56
444.014732,4216,295
444.980927,1585,256
445.169965,1977,336
445.23006,1030,47
445.2718,618,21
445.280799,556,22
445.877235,1438,142
446.129882,2305,317
446.14424,294,53
446.221839,3951,253
446.472842,1807,37
446.514084,834,3
446.630567,1767,3
447.147685,564,10
447.224553,1536,10
447.230968,7202,23
447.669687,402,47
447.724267,3499,41
447.918825,611,20
448.511854,2605,437
448.689131,3518,500
449.014503,2904,18
449.016875,2346,256
449.138352,761,23
449.144185,228,66
449.423783,2241,3
449.733461,2219,521
449.891955,560,15
449.899077,2270,196
449.899551,217,135
450.426112,318,40
451.141308,4590,14
451.233103,181,41
452.179231,556,21
452.419854,1843,308
452.422608,1851,80
452.982204,345,51
453.162245,451,47
453.236782,2259,124
453.268509,623,43
453.738276,2464,310
454.261731,558,23
454.634264,100,39
454.653449,916,52
454.896502,328,43
455.011181,1858,3
455.668521,2236,454
456.05535,604,14
456.766244,5058,268
457.38509,5103,9
457.481418,2487,481
457.894982,376,6
458.39292,694,153
458.726524,1668,220
458.925583,1971,16
458.926151,935,3
459.683155,233,28
459.889626,1570,13
459.932566,572,27
460.725232,2961,315
460.978217,474,69
461.375085,956,38
461.376105,508,10
461.379034,2964,167
461.394805,6086,505
461.395671,1818,9
461.669498,5262,671
461.981928,1348,12
461.982283,556,21
462.021124,358,45
462.127533,562,26
462.725372,1865,20
462.727779,450,62
462.878883,3302,532
463.479832,576,33
463.639411,1668,3
463.731516,584,18
463.73194,3735,149
463.767221,190,58
463.92281,1802,3
463.980774,2191,567
463.981563,586,19
464.017081,1484,13
464.39206,311,6
464.392395,2161,3
464.474779,1719,14
464.634964,562,11
464.875423,3789,3
466.385568,568,29
466.728499,604,5
467.010762,122,47
467.889091,985,144
467.890145,214,147
468.168881,504,38
468.266189,2274,499
468.474036,2013,3
468.475546,1046,3
468.764401,2029,11
468.766863,564,27
469.143621,536,51
469.381567,2580,3
469.721437,383,50
469.7271,619,46
470.224812,560,25
470.382008,187,36
470.513113,2065,1024
470.634503,566,8
470.642099,2605,3
470.736284,588,53
470.924002,554,20
470.978657,1692,3
471.631259,320,60
472.176018,726,33
472.419459,191,120
472.671485,4558,45
473.419752,556,20
473.471077,282,59
473.668152,6101,20
475.520385,924,8
475.724086,596,24
476.020821,300,62
476.477138,1554,37
476.981612,2170,336
477.166984,448,81
477.478212,1981,3
477.479416,356,108
479.51628,706,19
479.675846,831,13
479.734397,4976,3
480.670238,1723,3
482.015556,356,42
482.473871,815,13
482.478126,3863,123
483.230887,2600,354
483.762656,1923,432
484.87739,1057,18
485.485499,417,45
486.725774,2027,328
486.728768,1294,3
487.140645,2307,17
487.141869,534,13
487.64005,1273,38
487.891347,2324,191
488.399509,300,62
488.488179,179,40
488.722648,2065,3
489.228291,2686,286
489.981543,489,6
490.02066,531,5
491.387389,2357,11
491.472683,552,19
491.479785,604,23
491.480407,3298,557
492.151479,1964,42
492.494401,1739,3
492.5346,552,19
492.668301,581,11
493.226153,877,8
493.732617,508,9
493.976509,664,20
494.135208,1833,12
494.526547,586,11
494.639127,291,8
494.975868,647,61
495.227774,476,39
495.920929,1816,322
496.221351,2118,135
496.419756,1769,3
497.474424,1983,122
498.395129,1630,17
498.969086,539,60
498.971794,587,34
499.218943,2222,294
499.234243,316,77
499.47116,210,55
499.980286,427,4
500.158893,1778,108
500.225798,279,7
500.993819,307,7
501.772577,1527,10
501.888839,319,40
502.638045,2069,3
502.92723,2273,198
502.927435,315,47
502.972764,442,48
503.478922,1845,38
503.479113,117,42
503.640894,1613,9
503.733224,560,23
504.23954,4587,593
504.392295,1757,508
504.494215,2880,3
505.239233,1821,220
505.239283,2075,61
505.519853,391,43
505.770678,2891,273
505.841725,2252,132
505.882875,172,55
505.979149,2356,282
505.993118,1774,3
506.379111,1730,3
506.640671,342,144
506.674801,1921,3
506.737494,1920,13
507.482554,84,37
507.888887,327,204
508.139921,2130,3
508.141838,1027,3
509.378352,2043,222
509.477399,3298,3
509.542591,2587,288
509.543515,4675,15
509.63756,2009,647
509.727422,663,21
510.141467,594,18
510.390709,1155,35
510.727907,2565,3
510.729106,552,11
510.768628,281,51
510.901189,691,154
512.290177,1794,254
512.880796,7960,550
513.975741,2139,3
514.143016,201,4
514.266031,3801,45
514.381141,6119,20
514.530064,570,26
514.730484,2061,225
515.133843,2711,398
515.235149,2092,318
515.482403,709,54
515.514354,286,158
516.882281,2928,339
517.385453,4126,505
517.626159,1312,83
517.628001,558,23
517.890001,2721,647
517.979076,552,19
518.38652,1024,54
518.421141,1101,3
518.740794,2309,3
518.830922,550,18
519.130319,7572,510
519.381799,1764,3
519.477427,2537,44
519.993219,2217,147
520.128173,554,19
520.161392,1811,15
520.628808,3073,422
520.670831,2628,11
521.404855,556,13
521.722152,638,46
522.147502,5906,59
522.478047,562,11
523.002469,3677,3
523.228448,3143,244
523.476194,428,11
523.479401,2310,182
523.62742,1596,3
523.680375,3614,51
523.727556,1204,55
524.22504,305,159
524.225974,390,71
524.424476,657,28
525.151023,540,8
525.90284,6769,20
526.137487,7571,18
526.146721,4853,8
526.150528,457,55
526.151233,661,70
526.227559,292,34
526.270092,556,23
526.47991,1667,3
526.758175,5078,9
526.90211,416,8
527.478816,106,79
527.63442,3075,102
527.638261,6806,20
527.648717,1612,3
527.73538,2330,3
527.741313,2824,184
527.905388,1502,203
527.90561,3566,389
528.234174,1270,3
528.263947,2115,130
528.476058,628,12
528.72333,1917,329
528.727961,1916,142
529.015974,2708,262
529.471022,598,17
529.475012,201,31
530.220912,550,18
530.738902,517,51
530.880367,596,23
531.395415,2556,13
531.437972,2499,217
531.441074,423,58
531.983358,310,6
532.477906,2369,529
532.763836,752,59
533.131286,124,53
533.740023,4035,164
534.388964,558,20
534.624199,1022,66
534.933486,809,92
535.144303,1987,20
535.241494,645,42
535.977222,2135,298
535.977969,5451,466
536.130726,530,39
536.628166,321,49
537.476218,280,57
537.770752,556,23
537.90954,122,19
538.481832,2226,304
538.517924,548,17
538.682053,548,17
538.88736,560,32
538.988155,661,71
539.241727,2101,417
539.485969,1795,3
539.670745,568,28
539.93134,4371,344
539.988444,5115,19
540.401469,1782,196
540.487596,1121,58
540.516831,2101,371
541.144136,2283,3
541.229095,564,30
541.719568,2013,3
541.88373,1921,435
542.134523,5167,17
542.233451,304,46
542.382281,269,38
542.887508,4268,418
542.935161,556,21
543.218929,2497,191
543.391177,2063,192
543.485847,1855,3
543.630058,5371,10
543.92593,1896,342
544.173558,720,16
544.476261,1999,187
544.765961,236,7
544.976927,457,4
545.23233,127,41
545.47339,109,38
545.73435,1617,26
545.849885,548,17
546.648614,3962,501
546.683165,650,37
546.925813,2187,427
546.978056,340,7
547.028413,264,129
547.726201,677,51
547.984259,2009,3
548.151185,2695,267
548.647415,1623,35
548.765536,566,28
548.977541,1276,3
549.27536,2241,359
549.470446,4314,72
549.97821,412,10
550.223814,600,23
550.38982,1911,206
550.478747,550,18
551.230935,1974,16
551.262192,127,104
551.402854,94,44
551.476069,2996,3
551.763582,2466,117
552.012537,1968,89
553.673363,2741,18
553.942848,2630,129
554.400565,594,15
554.401945,2049,169
554.40473,370,25
555.012209,1470,11
555.135213,1235,3
555.4193,1465,56
555.69957,1355,16
555.904478,1453,3
556.127779,1787,9
556.134166,503,96
556.374838,177,46
556.746776,3534,285
556.765664,605,21
556.880445,404,57
556.977749,508,10
557.375022,258,68
558.168692,1910,10
558.897257,5130,377
558.976953,3030,214
560.149551,2447,118
560.377393,51,50
560.388909,2120,197
560.400326,2885,3
560.400491,2297,270
560.401938,1641,12
560.647117,3344,14
561.01627,2483,30
561.471653,242,64
561.723034,1835,531
562.226086,615,20
562.624503,221,120
562.905312,3276,8
562.985819,3966,86
563.727288,609,10
563.882774,119,40
564.396298,124,19
564.418684,235,44
564.680261,655,13
565.143284,7188,24
565.398948,556,13
566.224923,1610,201
566.733266,6475,20
566.764755,6346,20
567.128849,2036,362
567.400765,554,20
567.64948,656,46
567.762622,2238,385
568.72629,260,61
568.727523,607,10
568.902457,2186,3
569.149071,1593,118
569.510235,462,49
569.72654,272,50
569.895858,304,60
570.003345,447,41
570.155096,3724,405
570.222739,322,40
571.016918,1857,10
571.230971,1039,52
571.486639,254,6
571.63142,2054,46
571.982682,786,9
572.640345,2681,279
573.01221,4187,60
573.018648,4268,667
573.643063,745,96
574.727668,1416,19
575.147814,108,7
575.242549,568,7
576.476977,2141,243
576.897396,556,21
577.39818,184,15
577.494248,2798,367
577.517807,2536,3
578.389817,3467,26
578.73587,319,36
578.903989,5521,3
579.644522,568,24
580.142436,613,2
581.017181,224,47
581.718982,219,36
581.968948,3509,181
582.52551,1890,9
582.628369,315,73
582.628692,605,17
583.631289,558,23
583.935937,752,22
584.015051,601,18
584.478272,546,8
584.675868,103,63
584.730018,1748,3
584.733643,3092,275
584.876209,3593,32
584.980743,1833,66
584.998629,2063,3
585.077238,370,51
585.245948,2561,435
585.246024,111,52
585.424545,552,21
585.482237,594,79
585.691277,2038,462
585.736744,2645,209
585.741487,563,19
586.241246,600,10
586.275009,613,19
586.453498,1836,70
586.97893,649,27
587.265536,673,31
587.483471,2445,383
587.632535,1962,11
588.230427,3123,200
589.232861,1025,78
589.393313,558,22
590.476469,2058,121
590.48395,562,11
591.135419,177,116
591.78064,596,23
592.415589,6049,21
592.533267,2955,3
592.742982,396,185
593.178112,2969,1024
593.245717,586,19
594.137606,191,45
594.158909,1779,3
594.232778,581,9
595.153677,1875,207
595.650185,2428,43
595.986999,1682,31
595.987121,271,44
597.480497,3488,305
597.76264,189,49
598.01607,1955,28
598.635403,2081,14
598.77505,3982,1024
598.977231,383,45
600.489586,588,12
600.512436,1872,13
601.234815,402,54
601.651352,121,19
601.763183,766,126
602.012405,1890,13
602.162838,564,27
602.219391,2310,284
602.22806,597,10
602.515382,240,38
602.625388,398,101
602.645843,4368,39
603.470902,2107,238
603.901514,1513,43
603.901684,797,35
603.928373,552,19
603.979886,205,51
604.396458,614,15
604.469943,52,50
604.514116,7154,18
604.720224,272,39
605.008654,3019,346
605.728256,1475,10
605.732037,6021,24
605.901466,575,58
606.427107,393,67
606.71901,1411,345
607.008989,554,20
607.221815,178,145
607.471298,457,64
607.772164,6281,20
607.989516,437,11
607.995058,1120,115
608.002917,598,25
608.128218,1249,3
608.223863,6766,21
608.235501,2654,10
608.639394,562,20
608.641046,2134,11
608.693092,727,38
608.866784,333,12
609.275034,2243,3
610.907513,2054,257
611.377666,3187,399
611.628776,1689,130
611.722507,494,43
612.126736,2603,213
612.226611,3158,217
612.234588,597,8
612.62583,5229,15
613.128626,148,40
613.391222,418,62
613.629876,2255,351
613.899219,314,54
613.990012,2608,292
614.891076,2148,118
615.131209,190,50
615.719947,119,43
615.888847,621,19
615.970194,6752,18
617.383104,7101,18
617.90072,2051,16
618.388647,380,52
618.390456,4115,47
618.511833,609,50
618.642688,1375,47
618.993894,455,11
619.26325,466,108
619.630481,564,17
619.638929,781,49
619.877843,3033,3
619.87831,3941,37
619.881194,2298,274
619.88158,2054,12
620.226953,2247,91
620.635593,4469,303
620.734631,2110,3
620.763644,3755,3
622.011813,1988,3
622.418731,548,17
623.224721,2243,521
623.510771,558,14
623.734669,305,56
623.737874,3966,38
623.738161,611,10
623.918517,4641,3
624.479771,7556,3
624.729064,1222,8
624.925158,6080,20
625.146813,1588,210
625.423582,940,49
625.478223,594,23
625.874547,996,59
626.225358,4247,66
626.266321,2422,292
626.536597,586,19
626.769253,365,43
626.900267,2395,203
627.022872,1595,14
627.17122,5112,19
627.27159,1980,646
627.381482,2170,10
628.812189,52,44
628.897929,330,49
629.521129,535,55
629.670088,1589,24
629.673277,292,103
630.382552,2183,666
630.469005,1594,16
630.647283,550,10
631.725637,560,13
632.384868,2119,10
632.422729,5820,427
633.168596,1701,3
634.020082,550,10
634.185581,4752,3
634.237429,3100,47
634.929826,3288,331
635.147279,546,16
635.149419,374,49
635.17318,602,22
635.394651,1838,10
635.525884,2187,3
635.646603,467,61
635.677706,641,8
635.72228,2034,304
635.883608,1295,402
635.884136,817,18
636.168328,2598,547
636.721906,605,6
637.470246,2575,388
637.641201,761,152
637.919547,888,41
638.481854,1591,3
638.512783,1104,51
638.521275,285,46
638.723528,1043,88
639.233018,584,18
640.020558,484,8
640.226839,668,19
640.921517,489,11
640.986766,552,22
641.17209,1890,3
641.235254,259,9
641.626715,4409,54
641.726962,1605,38
641.919812,297,50
642.427405,2423,14
642.490915,2622,322
642.736999,2236,213
642.929483,554,12
643.262004,1891,3
643.728572,617,17
643.76114,176,54
644.13448,1502,551
644.134951,6491,20
644.168266,2036,434
644.475457,3106,335
644.728369,287,71
644.981246,2193,189
645.173139,2395,48
645.244035,304,10
645.388548,1432,3
645.42016,4538,523
645.510998,2250,11
645.767515,552,19
645.977072,5053,3
646.017388,558,24
646.263806,1494,3
646.517812,570,71
646.625518,2404,64
647.185563,608,20
647.474589,550,10
647.677989,322,5
647.761853,5773,24
647.986796,238,88
648.15915,1341,39
648.650403,539,41
648.727862,552,11
648.733678,1232,110
649.012973,921,58
649.375858,383,32
649.974323,2702,20
650.27167,1899,399
650.375874,1858,3
650.521886,2358,193
650.521995,665,70
650.628113,588,12
650.669382,1253,3
650.729158,1981,15
651.421278,608,39
651.919082,871,20
651.955566,1544,15
652.029609,547,5
652.373167,146,50
652.736973,2083,3
653.170786,605,18
653.765457,3142,3
654.405837,3512,3
654.477838,562,50
654.681604,2090,3
654.777432,519,72
655.731094,779,98
656.480435,1891,210
656.626853,1811,13
657.240467,5161,524
657.264725,541,49
657.627252,355,37
657.880869,2858,107
657.918536,524,52
658.146906,1121,51
658.168245,598,8
658.168898,5912,24
658.22963,560,23
658.634899,4973,9
658.742188,2004,3
659.480805,289,70
659.879753,363,56
660.276696,429,5
660.288033,2501,233
660.643743,2483,3
660.645758,2364,362
661.171082,2344,3
661.284536,563,73
661.517517,2525,196
661.671838,218,45
661.982319,568,27
661.98421,111,45
662.138152,1844,239
662.27661,970,3
662.474648,2029,109
662.783229,402,55
662.8848,562,24
663.140171,3056,432
663.173148,554,22
663.38766,2719,284
663.517148,1409,104
663.631005,1933,561
663.877709,397,48
664.233351,574,8
664.523999,554,22
664.726106,554,22
665.92477,1591,3
666.39123,2107,17
666.465427,2990,3
666.635615,6091,519
666.970941,6026,44
667.222068,2074,555
667.476072,600,19
667.636006,2723,36
667.720052,713,48
668.135273,3166,396
668.518206,584,18
668.642032,1287,3
670.147269,1912,14
670.149051,1568,3
670.225745,2769,429
670.228575,503,7
670.882633,546,16
671.019666,552,19
671.129794,556,18
672.011965,3179,522
672.139325,330,3
672.975069,564,17
673.223789,2414,13
673.228802,420,68
674.478499,455,10
674.619995,1040,3
675.144847,2207,442
675.890453,662,24
676.126614,1686,3
676.126858,283,49
676.876434,156,93
677.130308,1708,3
677.468934,367,51
678.473961,319,11
679.014342,7672,632
680.132563,1903,3
680.768933,1685,3
681.425854,1464,148
681.874868,2047,3
681.892638,4744,171
682.277703,7525,52
682.657985,290,49
682.723252,570,9
683.631379,558,24
683.725951,551,123
684.147492,250,110
684.239612,422,42
684.903662,588,20
685.727443,3996,37
685.98293,5534,20
685.983635,556,21
686.376478,592,2
686.762176,1543,3
687.147183,3384,562
687.420596,1293,158
688.266345,2812,110
688.404818,566,28
688.903469,1856,3
689.136466,1096,15
689.227911,584,10
689.399897,1927,3
689.88256,554,20
690.419325,6306,144
690.481261,2870,345
690.646389,1437,12
691.384177,2291,3
691.400141,4221,43
691.473089,173,36
691.723114,4661,319
692.263499,159,54
692.766107,1819,391
692.971124,488,10
693.410802,5527,16
693.512615,2076,62
693.512813,1796,3
694.013195,2063,507
694.168694,451,5
694.525856,587,62
694.671005,203,51
694.723795,398,45
694.77589,592,23
694.976098,546,16
695.221985,214,61
695.402127,2013,22
695.894896,560,23
695.922769,2871,772
696.284928,603,18
696.647191,1528,35
697.165582,3121,474
698.222931,170,19
698.895231,2222,3
698.919064,311,58
698.978335,418,54
699.017495,251,56
699.226682,1453,3
699.268304,2190,3
699.648828,1217,46
699.64896,172,49
699.773373,554,20
700.521337,604,29
700.669786,205,50
700.767321,1542,3
701.671053,667,51
701.74803,482,5
702.651511,556,21
702.874319,1591,3
702.981609,481,13
703.393867,389,10
703.915138,624,3
703.984528,497,10
704.646736,4121,411
705.392707,5382,132
705.892488,564,17
706.130012,527,6
706.232689,594,23
706.235047,605,14
706.389409,341,5
706.487487,1779,48
706.905805,321,20
707.23454,308,46
707.62939,557,52
708.229622,327,42
708.738631,2419,270
709.13719,325,50
709.171343,2882,92
709.496951,611,19
709.776128,2555,242
710.169632,608,12
710.918305,3172,338
710.923502,345,74
711.488081,6859,18
711.492565,915,11
711.520041,484,74
712.030094,693,174
712.472562,135,19
712.631447,2963,342
712.722866,434,22
712.723461,4310,69
712.762319,896,47
712.763417,4033,93
713.015927,2877,166
713.148574,772,7
713.390293,585,44
713.474688,4120,91
713.47549,2095,311
713.475549,762,40
714.007431,1319,41
714.271133,743,8
715.426544,548,17
715.949675,2138,179
715.975683,988,10
716.426989,560,25
716.975645,1375,3
717.010469,2012,131
717.394415,290,108
717.97614,1824,408
718.012449,1803,3
718.647163,598,34
718.88247,552,19
718.88999,113,56
719.01093,933,61
719.229662,201,3
719.478579,256,21
719.978839,2648,14
720.379468,249,8
720.890366,1629,11
721.423318,548,9
721.532052,342,45
721.641532,241,44
722.481992,1847,9
723.419685,2448,80
724.231579,568,27
724.48059,527,59
724.485301,2384,3
724.511675,552,19
724.62623,552,19
724.728142,1964,318
724.728545,488,4
724.918229,280,132
725.261248,874,55
725.478609,1329,3
725.489259,566,52
726.423439,292,41
726.968341,1383,103
726.984502,392,79
727.013034,390,40
727.381755,2282,3
727.382072,6652,23
727.876021,2007,3
727.971082,351,5
728.221843,1628,13
728.38158,585,48
729.176559,649,11
729.882313,3881,10
730.231182,1011,14
730.481604,609,3
730.625297,175,46
730.641468,57,57
730.730766,981,43
730.759534,637,16
730.876518,2248,42
730.924264,356,44
731.12887,324,14
731.524603,249,57
731.639671,639,77
731.685643,2831,182
731.923337,2418,12
731.992444,3702,490
732.476623,720,70
732.878735,586,11
732.970835,2324,174
733.022244,610,83
733.229902,2284,17
733.230534,562,26
733.43172,381,54
733.875791,611,25
734.186657,2116,217
734.481161,1284,36
734.630414,599,17
734.933499,554,20
735.93335,756,47
736.015497,193,29
736.015757,2711,56
736.475883,2393,385
736.648594,614,32
736.681299,2352,134
736.682571,6044,20
736.92441,326,21
736.990227,1877,3
737.279328,455,62
737.388046,3136,422
737.491228,553,39
737.718723,3424,47
737.926056,546,16
737.967256,1274,35
738.234166,2169,317
739.233793,357,50
739.47842,2273,206
739.48851,2302,251
739.652355,1991,8
739.894152,1209,51
739.894313,433,48
739.972719,640,7
739.974559,223,56
740.176462,1837,3
740.227313,368,53
740.228228,2476,97
740.275089,2623,137
740.518211,1401,76
740.671311,6347,24
740.678833,2356,13
740.880444,292,42
741.415485,1419,3
741.652764,639,50
741.681884,276,74
741.766403,554,20
742.141706,592,14
742.178862,3001,309
742.308829,607,19
742.634025,1704,3
742.728956,2735,422
742.787758,1752,3
743.015993,1416,3
743.386927,548,17
743.898332,556,18
743.981119,1945,8
744.270148,2167,3
744.270385,752,34
744.748722,2059,3
744.896707,3312,339
745.913346,1685,58
746.130634,1690,14
746.265643,1414,544
746.270848,308,5
746.479889,658,52
746.633603,637,17
746.635517,1680,198
746.892263,174,87
746.98213,476,10
747.501691,548,17
748.401153,586,21
749.012455,768,42
749.24696,2759,18
750.235684,2238,339
751.889935,1293,56
752.136166,631,64
752.240018,562,55
753.897476,2049,431
754.262339,626,38
754.517788,609,22
755.145032,1248,3
755.272435,971,50
755.273578,552,19
755.419211,550,19
755.644021,1106,42
755.895357,967,45
755.986401,1505,12
756.877679,2157,3
757.01507,550,18
757.133485,2666,372
757.377488,503,50
757.513167,1766,8
757.644394,177,41
758.171344,552,21
758.972011,2798,324
759.067983,463,19
759.152524,190,41
759.401235,2143,459
759.519729,2285,3
760.496138,638,65
760.648619,3134,25
760.989073,4341,754
761.474141,3357,354
761.477672,433,9
761.72963,669,63
762.474121,2713,233
763.172794,614,16
763.226937,1165,22
763.230235,1822,3
763.386386,4367,59
763.400071,5858,475
763.732999,338,34
763.76732,364,46
764.134778,436,7
764.265548,550,18
764.725028,6978,12
765.484304,592,21
765.515469,1630,174
765.724354,576,131
765.976949,965,40
766.032216,1451,3
766.27776,1862,294
766.401679,500,15
766.526073,402,73
766.526765,590,18
766.883571,2390,344
766.884184,5314,15
767.232775,330,48
769.519667,320,45
769.731061,554,22
770.219105,432,47
770.374575,1470,55
770.769502,2919,589
771.275431,2105,85
771.734102,1395,10
771.766654,566,18
772.466461,747,8
772.642004,1609,3
773.7227,1676,46
773.775339,660,38
774.392697,464,9
774.500636,2150,3
774.513146,1034,63
774.732553,1635,3
774.761348,1223,3
774.763511,1946,11
774.997506,2411,15
775.979092,1720,220
776.017284,202,3
776.384164,180,114
776.639162,205,50
776.717622,4071,56
776.76088,548,17
776.879974,2726,255
777.221439,601,8
778.039965,546,16
778.224792,2755,512
778.635088,2132,262
778.919119,576,49
779.010363,2173,12
779.01099,1336,106
779.267575,1007,19
779.893719,621,24
780.417722,558,22
781.230917,3649,3
781.421074,1725,135
781.504292,1871,317
781.514717,618,12
781.886964,1533,12
782.49131,1174,36
782.885279,3680,18
783.262387,2219,13
783.647256,1877,3
784.16593,359,39
785.008541,223,35
785.419016,556,21
785.651505,3126,45
785.673532,2224,379
785.758617,1810,260
785.923593,478,69
786.145755,3720,379
786.408596,576,39
786.643485,1876,108
786.881996,4574,480
786.920282,1291,3
786.921261,92,34
787.729162,511,49
787.974745,611,34
787.979516,142,50
788.13597,52,11
789.148761,1678,44
789.169161,2972,15
789.271594,1918,3
790.171503,99,59
790.171831,3070,189
790.52302,390,42
790.970074,385,15
791.169422,554,20
791.99053,339,9
792.021562,565,13
792.12664,2098,391
793.137078,2524,215
793.170793,603,19
793.634326,1982,378
793.845688,2809,474
793.846017,2218,148
793.984423,476,12
794.228045,564,26
794.272546,432,65
794.975274,641,7
795.47768,835,10
795.722119,1547,140
795.724506,373,47
795.926267,767,45
795.926455,601,50
796.133883,235,161
796.228261,609,22
796.379859,5093,3
797.141369,172,51
797.531601,3569,13
797.534382,2976,432
797.62727,1996,304
797.72514,3115,370
797.921552,2761,304
798.168914,1366,57
798.390302,4658,15
799.724976,2091,202
800.168452,1536,330
800.47399,3557,16
800.658288,1848,261
801.40332,450,65
801.403529,1695,10
801.405455,609,20
801.526046,907,15
801.726542,4284,3
802.019815,317,48
802.64545,490,9
802.723639,7871,20
803.271542,4178,23
803.474589,1862,50
803.725119,609,24
803.730379,556,23
804.17704,1808,3
804.521619,113,92
804.882583,482,12
805.017248,2366,305
805.382046,2127,479
805.927833,1673,41
806.510123,453,49
806.625711,560,10
806.989628,2800,254
806.991167,1015,35
807.013579,550,18
807.227005,2451,189
808.184231,405,50
808.769571,1837,13
808.981675,1925,3
808.983559,256,50
809.272395,3013,355
809.889617,216,40
809.890074,376,43
810.013512,1965,3
810.141201,552,11
810.176054,2404,158
810.681249,1882,319
810.724949,2321,3
810.926191,2720,322
811.135573,2885,186
811.487561,296,54
811.644665,5413,14
811.76397,4961,370
811.890128,2969,365
812.131622,1756,3
812.262216,106,43
812.98464,2685,3
813.221197,2802,16
813.393911,213,43
813.475982,295,50
813.52275,2387,249
813.643503,2507,530
813.901163,824,51
814.018786,321,52
814.683452,415,42
814.880551,212,96
814.936351,1860,16
815.1889,616,34
815.936213,1189,13
816.013675,585,15
816.174545,558,24
816.224658,958,51
816.512761,368,7
817.459824,459,59
817.485821,167,51
817.639417,7982,3
817.64057,2188,307
818.264274,601,13
818.672745,306,39
819.423827,1802,14
819.971061,123,37
819.995079,2207,12
820.491718,765,113
820.505178,3467,499
820.746377,758,5
820.8927,312,118
820.968823,2111,59
822.016117,1578,3
822.016835,2685,258
822.469957,588,20
822.781481,661,71
823.473107,550,18
824.387864,183,29
824.526415,1179,341
824.983865,1630,27
825.145145,493,3
825.234011,1595,13
825.392054,605,17
825.475853,6885,20
825.676694,4230,60
825.984563,551,18
826.02484,2747,268
826.732028,249,55
826.975177,1987,13
827.14392,2875,277
827.394707,605,18
827.768166,231,58
827.877113,801,14
828.000704,599,17
828.27491,566,18
828.375387,107,81
828.478315,554,20
828.515977,3154,36
828.67218,1747,3
828.731107,252,10
828.897113,357,52
829.274876,582,11
829.39205,1541,220
829.477503,689,59
829.73038,252,8
830.1272,568,27
830.237444,2686,13
830.23923,327,38
830.720582,2453,326
830.768954,1669,99
830.925376,2025,149
831.520723,600,26
831.52288,200,55
831.676768,2752,290
831.734208,865,36
831.735459,3858,207
831.881094,550,18
831.896626,1633,252
833.230671,619,69
834.395067,3960,1200
834.513417,1245,49
835.011293,334,43
835.925297,2000,3
836.135218,1665,3
836.731898,820,50
836.763568,594,4
837.182613,1162,3
837.891039,284,55
838.476412,5544,13
838.667092,590,13
838.669566,2315,106
838.745339,619,43
839.89234,1074,42
840.236903,554,20
841.015654,1740,282
841.764996,1999,346
841.940116,2258,149
841.992891,607,12
842.471184,1561,117
842.761499,1985,11
843.151697,543,57
843.63616,3270,3
844.219693,229,68
844.226036,453,82
844.402686,478,45
845.017659,666,12
845.145517,2117,251
845.239475,2993,3
845.627187,468,5
846.011428,2382,304
846.145697,1066,59
846.478538,1715,310
847.133534,857,46
847.179086,2507,262
847.179806,375,44
847.647273,574,11
847.737853,2312,158
847.88877,669,51
847.897907,375,52
847.902324,364,5
848.012555,1988,10
848.226622,5029,684
848.233331,1517,15
848.676875,636,16
849.013784,4193,334
849.245479,701,60
849.424451,2531,226
849.690102,1710,3
849.761933,582,36
849.766426,611,24
849.87763,799,21
849.877914,736,410
850.176792,3901,47
850.226725,1375,42
850.472867,2447,51
850.51839,559,24
850.678479,1830,11
850.682022,460,7
851.142752,894,13
851.486339,365,28
851.760763,1463,3
852.725117,2893,3
853.010537,2261,135
853.423882,2676,328
853.632753,3635,3
854.142976,546,15
854.477028,636,55
854.733733,222,50
854.878531,6328,20
855.013136,207,47
855.649716,268,68
856.374429,3849,31
856.418482,1144,55
856.432046,4830,3
856.730043,502,41
856.985345,318,38
857.040388,1389,52
857.229967,707,43
857.517397,550,18
857.661192,698,12
858.128184,550,18
858.1418,560,15
858.925123,351,46
859.483156,556,21
859.625412,2458,12
859.924557,1960,15
860.174908,247,194
860.264277,2316,3
860.653668,694,10
860.895444,1946,56
861.895876,550,18
862.672567,1972,390
862.971325,1359,13
863.144745,357,57
863.669186,2211,141
863.733159,420,11
863.919052,291,44
863.979543,368,9
863.986107,368,44
864.376863,252,72
864.42467,360,7
865.235494,2113,142
866.492392,299,62
866.881116,1987,299
867.764187,358,11
868.019791,2521,272
868.128914,2813,64
868.26283,319,10
869.013742,609,17
869.160422,607,20
869.228218,1838,3
869.230417,1144,44
869.256107,548,17
869.649333,6332,18
870.143001,5343,86
871.67047,5215,24
871.670603,2181,3
871.732434,528,167
871.87675,2996,359
871.908854,170,51
872.170407,247,8
872.515407,2511,438
872.734668,554,6
872.876293,2520,22
873.379141,7458,3
873.898001,1621,3
874.398081,1913,3
874.634867,419,50
874.644775,552,19
874.735007,1899,283
876.73402,594,20
876.775292,667,24
876.776383,311,61
876.981239,1740,3
877.141736,3326,261
877.158471,2370,171
877.484547,600,23
877.630868,734,15
877.92634,159,76
878.145989,1107,3
878.394749,2245,128
878.981607,176,49
879.277039,476,49
879.396228,837,10
879.907438,438,48
880.481506,316,76
880.648118,602,19
881.727019,2538,539
881.742263,196,38
882.72858,558,24
882.89594,554,20
883.139299,2647,180
883.395293,219,43
883.519637,592,20
883.66828,620,37
883.724306,270,74
883.982032,5439,35
884.147305,603,19
885.895535,1347,203
885.898673,562,16
885.978748,1335,3
886.12911,5289,7
886.376222,663,37
886.770034,2165,480
886.918744,659,3
886.978821,853,116
887.15176,1973,15
887.183918,2121,11
887.254546,586,19
887.47498,6592,287
887.65192,1846,3
887.896262,724,67
888.634604,1610,11
888.638828,1463,11
888.725316,1681,12
888.979046,2183,3
889.018921,2254,503
889.148532,556,21
889.235373,5724,12
889.523373,778,82
889.645003,286,50
890.269807,289,53
890.378748,1022,56
890.479506,2590,3
890.643312,3004,284
890.730032,5224,20
890.981552,2099,297
891.514393,1331,122
891.931445,456,8
892.225313,281,72
892.480077,191,44
892.645417,2713,18
893.231234,651,64
893.375496,6169,20
893.487098,3183,3
893.73303,799,46
894.145919,550,18
894.427194,1562,12
894.978312,2160,21
895.373995,633,35
895.393163,263,8
895.501501,564,25
895.673196,2988,362
895.727509,211,3
895.765695,5731,130
895.874239,1729,16
895.893125,1549,121
895.91868,7087,65
896.303746,2741,337
896.480261,556,22
896.629445,552,19
897.139334,619,24
897.226212,582,19
897.227846,578,33
897.233377,1721,207
897.513202,2086,235
897.641627,2220,653
897.727968,4469,302
897.884154,554,20
897.988277,1912,594
898.385346,2341,14
898.920745,4358,44
899.266132,271,47
899.268207,3745,621
899.486497,262,38
899.724561,1874,11
899.767211,461,57
899.981502,1881,254
900.276049,2076,554
900.381615,398,41
900.643085,833,38
900.728776,5567,988
900.976403,2840,268
901.227541,3539,536
901.428671,506,9
901.518537,313,90
901.727719,884,44
903.142429,2108,21
903.635196,2215,573
903.740446,338,51
903.902728,617,46
903.970434,470,6
903.99147,556,19
904.180627,337,34
904.264052,5125,1024
904.649494,2314,357
904.884998,7096,89
905.036955,3149,15
905.14535,1056,11
906.154074,1940,47
907.72165,2647,3
907.767552,2173,308
908.401147,353,45
908.482135,564,23
908.511518,1992,50
908.51481,1759,3
908.514851,4498,45
908.981487,584,19
910.015723,764,47
910.141461,588,20
910.380541,1136,37
910.510509,298,47
910.513261,399,45
910.694505,603,19
910.877171,415,46
911.174175,2036,128
911.220175,2155,306
911.426846,4903,13
911.517037,566,18
912.674755,436,6
912.761228,1872,3
912.761351,554,20
913.971,601,8
914.21935,1694,124
915.009801,3032,417
915.48085,6226,24
915.918374,1349,53
916.069151,550,18
916.128194,554,20
916.220254,3811,3
916.478376,801,19
916.512914,556,21
916.971374,592,22
918.419524,3019,120
918.736177,126,90
918.977427,520,53
919.169167,535,6
919.388775,1078,60
919.419139,5456,20
919.474094,744,50
920.883136,180,49
921.625514,598,26
922.045278,1842,277
922.377594,1442,264
923.377476,3282,253
923.495084,2596,90
923.625136,2754,294
923.987485,1964,9
924.270203,180,12
924.272002,1687,208
924.76071,1322,3
924.974291,1152,3
925.138889,379,40
926.227712,1526,3
926.908765,3742,276
927.010676,550,18
927.133908,462,59
928.133114,1023,52
928.766222,460,38
929.264103,101,42
929.483728,1117,3
929.879684,990,75
930.497814,368,29
930.636525,2273,136
930.762109,566,28
931.979525,413,36
932.384072,2373,11
932.384261,609,17
933.01051,2292,3
934.261171,202,53
934.261525,263,48
934.482782,5439,24
934.522498,3104,388
935.272841,578,34
935.480629,1255,168
935.638529,292,11
935.902525,297,57
935.980498,559,8
935.982288,1704,96
937.62727,550,10
937.645568,242,81
938.63095,998,79
938.638206,552,11
939.131685,544,15
939.640775,1954,203
939.732356,2126,450
940.128699,993,15
940.13087,2049,67
940.275338,1796,3
940.68057,1738,3
940.904619,1969,65
941.127289,556,21
941.127542,318,53
941.775884,6615,20
942.141786,2125,253
942.975788,278,50
942.976879,2116,239
943.476068,609,36
943.725917,850,58
944.38814,178,46
944.392295,1977,3
944.395527,1274,3
944.627116,550,15
944.725914,102,24
944.976858,1510,3
945.62369,228,42
945.929004,173,131
946.881349,550,18
947.26396,1606,268
947.425318,6228,24
947.525517,645,25
948.426151,1059,3
948.974116,1962,3
948.97436,276,43
948.975581,2101,272
949.009621,3448,44
949.012353,261,204
949.387513,590,20
949.389248,162,38
949.760589,203,51
951.01881,561,25
951.228341,601,28
952.134893,273,44
952.481316,1831,15
952.634385,558,23
952.888907,1718,44
952.889221,600,24
952.980586,574,22
953.42098,613,24
954.02268,2045,3
954.647468,1728,50
955.475974,552,19
955.72843,6013,301
955.730464,601,18
956.226089,607,16
956.228484,849,24
956.485963,2429,358
956.787804,1082,58
958.973553,5982,21
959.637849,1845,18
960.133512,2755,8
960.540482,6651,20
960.544551,130,19
960.650354,603,16
962.396479,5484,24
962.905666,281,42
962.928013,546,16
963.439847,3048,859
963.473878,230,58
963.727096,51,43
963.892325,2460,214
963.906244,457,11
964.426218,1227,46
964.522358,2442,3
964.637493,1082,86
964.637673,1439,217
964.916526,1264,48
964.927319,52,34
964.975051,554,20
965.474964,294,3
966.227061,1459,15
966.634943,586,74
966.6867,523,7
967.226706,1374,3
967.640484,2493,68
967.923421,1625,14
968.490519,568,11
969.272076,1341,74
969.47656,252,53
969.76655,991,25
970.167277,675,8
970.18258,90,36
970.527734,1676,114
970.700045,1895,85
970.883631,2268,373
971.641751,3334,464
971.683215,1081,29
972.000809,96,39
972.888726,722,59
973.175634,1427,3
973.482703,256,8
973.529596,401,56
973.664417,421,45
974.276858,584,20
974.675667,541,232
974.72714,2021,399
975.017226,2010,113
975.139588,3084,148
975.566835,3227,38
975.879106,2167,245
976.144432,2026,59
976.789462,552,19
976.881588,389,48
976.930438,1822,3
977.140049,1717,3
977.225894,2166,447
977.226241,408,22
977.471251,98,54
977.719935,561,56
977.925114,574,39
978.633329,1584,3
978.634835,315,52
978.765465,759,57
979.226874,180,128
979.879418,2456,352
980.262177,438,11
980.264155,568,32
980.398033,3005,311
980.498138,2869,230
980.626996,245,12
981.17789,325,21
981.272528,301,52
981.517577,3890,20
982.009214,552,19
982.224943,1170,44
982.378076,2010,38
982.725414,6976,23
982.75951,433,48
982.774898,1593,10
983.226631,614,7
983.482849,1295,3
983.486322,200,3
983.514323,2303,3
983.636072,563,19
983.88027,58,63
983.880856,3091,251
984.023392,552,11
984.127593,520,20
984.919392,848,34
985.130557,546,16
985.419312,467,23
985.641251,849,440
985.974699,546,8
986.020548,599,17
986.48277,1603,61
986.486331,1909,511
986.974206,2151,3
987.140149,554,22
987.140522,1929,211
987.729341,4789,3
987.96891,4481,234
988.017069,380,47
988.172797,6974,10
988.47307,1940,290
988.481123,2073,12
988.485617,570,28
988.650567,4205,3
989.409511,2855,114
989.658375,504,67
989.686047,3167,52
990.233516,596,33
990.421071,2534,3
990.487975,588,47
991.233236,390,92
991.476273,2166,265
991.641768,237,72
991.731837,2721,53
991.925312,2595,545
991.975125,1953,12
992.234485,365,49
992.23493,586,53
992.51961,532,73
992.772692,2123,311
992.772797,368,47
993.398854,2347,238
993.48722,1175,92
993.67191,1756,3
994.235594,1678,192
994.475625,104,43
994.735756,178,43
994.89338,423,6
995.021869,5148,17
995.275643,1898,3
995.482623,2520,151
995.881031,883,115
996.127569,970,12
996.380345,1469,10
996.905982,6348,20
997.476729,327,73
997.685016,1988,14
997.977327,5039,26
998.011127,594,27
998.670133,202,49
999.174793,2357,384
999.235344,2012,3
999.483664,2418,14
999.877169,574,32
999.87745,2111,409
1000.005071,1102,275
1000.012278,1719,10
1000.425592,572,87
1000.487475,646,43
1000.508746,528,6
1000.878329,594,15
1000.949445,4478,3
1000.978066,2124,16
1001.143545,3330,488
1001.480999,432,45
1001.522834,2642,271
1001.921919,1867,3
1001.979159,7647,20
1002.016276,735,39
1002.419616,2139,68
1002.512812,3271,19
1002.628039,473,10
1002.875796,2144,396
1002.975782,692,45
1003.169553,2582,246
1003.240351,572,21
1003.477724,1048,36
1003.559946,607,21
1003.87563,1310,56
1004.236461,1576,11
1004.733173,601,18
1005.229623,412,6
1005.896618,143,57
1005.98061,658,76
1006.148532,286,48
1006.511861,6959,24
1006.641769,2353,3
1006.64701,613,19
1006.72532,395,49
1006.919231,342,41
1007.020683,413,45
1007.263212,2458,92
1007.97984,710,21
1008.009228,430,63
1008.231113,841,11
1008.403575,674,7
1008.894572,603,11
1009.264578,4409,29
1009.421223,294,97
1010.135019,2236,252
1010.42203,2062,349
1010.921097,6177,23
1011.014483,2852,400
1011.484391,2661,466
1011.728661,78,37
1011.978907,1484,163
1012.388983,7069,20
1012.642058,609,19
1012.918156,5215,24
1012.919437,3097,100
1012.921097,596,24
1012.97377,442,4
1013.013466,519,10
1013.394059,6431,23
1013.514086,560,25
1013.643486,345,6
1013.759494,426,150
1013.925041,166,39
1014.712125,2224,398
1015.150607,2958,221
1015.393349,214,35
1016.397687,3353,511
1016.419777,121,19
1017.226323,870,47
1017.772116,3818,36
1017.882163,2212,300
1017.891808,2328,3
1018.668043,305,44
1018.671039,663,17
1018.895709,1903,3
1018.974667,575,5
1019.126574,2817,234
1019.150574,1229,3
1019.173611,2029,113
1019.4786,1834,269
1019.897036,499,66
1020.475188,156,50
1020.669347,485,45
1020.731636,2445,1024
1021.536781,1245,42
1021.92052,1092,3
1022.273406,160,42
1022.521397,2230,356
1022.734877,2304,219
1022.977417,5176,346
1023.226478,2713,8
1023.389592,1809,8
1023.720626,288,3
1024.17528,3195,603
1025.021725,2342,217
1025.238456,2268,12
1025.483316,2338,226
1025.777146,624,18
1025.897951,2041,13
1025.978217,2840,610
1026.393721,582,14
1026.39905,2761,355
1026.488855,3140,3
1027.636752,596,26
1028.003817,554,12
1029.516014,3079,357
1029.897127,2152,7
1030.144954,2998,137
1030.885079,550,18
1030.896838,245,38
1030.985309,564,167
1031.170743,4187,415
1031.269153,1912,243
1031.407956,556,23
1031.408174,1246,3
1031.445072,599,13
1031.669265,540,40
1031.672617,1989,11
1032.180158,369,7
1032.637799,338,43
1032.886401,419,56
1033.272338,1534,142
1033.273753,1706,167
1033.490864,5524,16
1034.168071,1899,3
1034.220546,634,10
1034.235393,2712,442
1034.48431,4364,85
1034.891385,601,13
1034.987139,2859,237
1035.439057,1384,8
1035.518745,426,44
1035.985267,574,125
1035.989455,173,29
1036.469301,2620,272
1037.130003,626,37
1037.22886,2374,411
1037.647657,1598,43
1038.419059,1530,20
1038.492929,2439,180
1039.923583,561,62
1040.014283,3256,58
1040.475792,564,27
1041.473816,1997,385
1042.022896,5174,3
1042.260112,402,17
1042.408405,2422,237
1042.730827,132,19
1043.510523,1853,3
1043.984163,1307,44
1044.151452,379,38
1045.013281,2127,50
1045.416123,4865,374
1045.526508,2527,3
1045.896503,2180,511
1046.135258,3151,312
1046.40255,2172,229
1046.679098,592,23
1046.7391,2787,271
1046.91955,1057,12
1047.42221,2097,293
1047.918137,1833,310
1048.15096,2886,19
1048.762652,301,53
1049.240897,1488,244
1049.436254,902,55
1049.463431,259,38
1049.513666,1939,3
1050.477817,248,8
1050.483357,671,3
1050.727718,3013,188
1051.264126,773,7
1051.496837,1250,45
1051.730489,423,51
1052.136679,2294,224
1052.144533,330,5
1052.514971,1099,25
1052.726625,3731,75
1052.740169,2662,205
1052.759631,1942,12
1052.902871,1652,3
1053.392903,4200,453
1053.419554,252,47
1053.483016,6323,20
1053.986128,2008,3
1054.231393,2183,560
1054.4772,2801,275
1054.644194,402,41
1054.730681,613,26
1054.897981,2101,3
1054.921225,401,11
1055.142065,478,53
1055.731617,89,49
1055.9188,4425,3
1055.920932,2466,286
1056.023941,2873,362
1056.521785,580,33
1056.922796,569,21
1057.023383,2108,12
1057.230713,545,66
1057.492095,3103,13
1057.722845,382,51
1057.974066,1803,3
1058.269576,143,42
1058.378612,2103,3
1058.402909,1562,13
1059.467331,174,51
1059.625449,2729,212
1059.722467,1790,12
1060.130094,1503,3
1060.146796,7693,20
1060.469398,321,54
1060.727085,586,11
1060.730601,576,42
1060.933439,1454,13
1060.975378,621,23
1061.12622,183,41
1061.403132,544,6
1061.889112,2000,55
1062.337081,314,6
1062.625317,2580,345
1062.766402,2418,240
1063.146624,2206,130
1063.173141,4264,43
1063.490624,1430,11
1063.49255,490,9
1063.906286,2619,11
1063.979932,558,14
1064.437883,5401,236
1064.643188,604,17
1064.762795,268,11
1064.997074,3101,389
1065.021067,558,24
1065.021787,646,11
1065.513876,1981,324
1065.723906,205,45
1065.731023,286,49
1065.919601,4770,22
1065.921182,2833,3
1065.978775,1878,132
1066.262206,578,34
1066.423604,1076,11
1066.761686,250,14
1066.898744,558,22
1067.131693,200,50
1067.384011,4391,402
1068.13738,1504,3
1068.15579,2597,331
1069.265216,5273,497
1069.421055,2919,335
1069.513363,1984,308
1069.978792,275,65
1070.168533,552,19
1070.736977,7496,442
1071.135038,4930,439
1071.142849,1714,3
1071.473798,2196,3
1072.038771,200,44
1072.130229,2336,161
1072.4794,618,19
1072.671244,2194,107
1072.988872,1006,37
1073.141096,990,131
1073.427329,584,10
1073.481112,1861,13
1073.510673,6819,20
1073.521893,4725,12
1073.730543,2243,56
1074.230675,281,43
1074.261188,3423,327
1074.729901,2111,215
1074.879123,656,11
1075.136454,1046,3
1075.231506,3188,15
1075.424437,603,16
1075.672993,605,17
1077.267887,244,43
1077.475479,733,234
1077.475999,558,22
1077.643836,2180,11
1077.769597,559,58
1077.920346,723,40
1077.974202,1089,74
1078.476751,1973,346
1078.893959,605,20
1079.170969,435,49
1079.234008,2924,572
1079.7232,4380,61
1079.761972,1890,3
1079.876382,4056,42
1080.263983,1974,227
1080.774305,2961,599
1080.791846,1062,273
1081.016399,3715,15
1081.262109,669,23
1081.734052,552,19
1082.129456,613,25
1082.44352,523,58
1082.514138,3400,744
1082.628703,4340,45
1082.692954,2008,3
1082.733937,362,59
1083.015375,2742,272
1083.732082,580,16
1084.226838,1841,3
1084.226953,1704,183
1084.483309,1880,9
1084.873385,384,51
1084.972852,5567,20
1085.421597,312,49
1085.516919,302,59
1085.646089,1806,3
1085.896798,2484,355
1086.632451,2568,3
1086.920399,1776,10
1087.261793,568,19
1087.888225,3878,422
1088.671568,2111,190
1089.378191,278,51
1089.727998,2392,474
1090.262094,2443,327
1090.382464,617,18
1090.51245,556,22
1090.920679,274,41
1090.951204,1245,111
1091.173463,281,46
1091.975285,6002,23
1092.137291,1362,424
1092.477516,629,2
1093.391471,2823,95
1093.426098,578,29
1093.634409,5917,601
1093.977751,2293,222
1094.524357,564,26
1094.676181,550,20
1094.732365,3738,429
1094.975797,410,40
1095.131976,445,56
1095.177576,2355,406
1095.430055,562,24
1095.431524,2982,38
1095.47493,2770,307
1096.136765,1975,3
1096.633878,558,24
1097.649167,558,22
1097.657456,507,42
1098.400366,2266,345
1098.483512,812,59
1098.63327,2094,269
1098.91811,594,23
1099.422816,795,5
1099.90438,2418,376
1100.131909,2337,312
1100.150307,550,18
1100.154428,1401,10
1100.168213,3102,464
1100.42006,894,17
1100.524164,822,71
1100.736216,4029,205
1101.275492,430,43
1101.375322,145,53
1101.404956,521,40
1101.408464,2871,51
1101.4734,536,48
1102.640051,250,9
1102.745839,315,153
1102.889089,364,57
1103.876952,432,52
1104.481512,548,17
1104.644991,4506,62
1104.648045,550,18
1104.675845,587,21
1104.971044,288,52
1105.76697,163,22
1105.767653,550,20
1106.262987,2440,18
1106.48613,1384,63
1106.888531,339,38
1108.128525,552,19
1108.992824,3055,205
1109.13104,606,21
1109.224216,1392,370
1109.226975,1092,3
1109.515676,466,57
1109.51702,2217,3
1109.518424,586,11
1109.742981,562,13
1109.886512,389,43
1110.010075,436,73
1110.189065,574,30
1110.5134,2662,36
1110.905274,594,23
1111.137356,420,62
1111.168692,2240,31
1111.480726,3161,538
1111.511014,1911,205
1111.667796,352,46
1111.766405,578,28
1112.421815,619,27
1112.737393,4039,60
1113.227366,1077,42
1113.44256,1687,116
1114.260026,1642,131
1114.260309,341,9
1114.484861,3027,315
1114.533715,325,55
1114.734058,250,42
1115.176379,1597,326
1115.63114,356,38
1115.729081,94,71
1115.979164,546,16
1116.018209,439,45
1116.141908,556,21
1116.733909,1979,158
1117.388697,680,6
1117.734789,1754,11
1117.881857,241,52
1118.015363,2728,37
1118.473333,657,9
1118.520144,1024,72
1118.970514,874,99
1119.021134,2064,3
1119.6353,2154,948
1119.673366,230,43
1120.153945,1614,3
1121.21328,712,54
1121.522106,301,58
1122.13202,556,11
1122.168237,195,131
1122.170386,3675,8
1122.646915,380,12
1123.630399,558,22
1124.265538,403,18
1124.394927,3387,73
1124.489572,1619,18
1124.730152,172,175
1125.392849,1314,16
1125.495447,231,6
1125.886264,4085,3
1126.873658,1588,8
1127.647052,3417,332
1127.753836,1205,45
1128.125986,292,110
1128.130988,1779,22
1128.270167,3560,3
1128.633345,580,34
1128.73141,2716,381
1129.671287,1065,53
1129.876618,5130,16
1129.892665,245,31
1129.976558,289,46
1130.224897,2039,523
1130.628566,1810,3
1131.032805,1979,3
1131.63759,558,24
1132.227263,2329,3
1132.231095,1876,294
1132.403061,160,40
1132.725654,552,16
1133.130906,2264,138
1133.570244,3107,3
1133.769958,1733,3
1133.770862,592,14
1133.975285,1171,3
1134.02125,710,10
1135.02011,621,23
1135.022063,90,56
1135.387922,548,9
1135.634116,849,103
1135.634599,2867,15
1135.634719,3009,21
1135.637154,1505,3
1135.67612,552,11
1135.678257,849,58
1135.77105,1763,539
1136.251055,3907,734
1136.256858,548,17
1136.479538,2041,103
1136.676183,2143,11
1137.017075,2141,409
1137.135573,2477,414
1137.387089,2141,94
1137.650242,2694,13
1138.232807,347,32
1138.887063,535,12
1139.017496,1893,10
1139.133129,485,7
1139.236922,529,53
1139.385829,592,19
1139.480625,2677,231
1139.507478,594,67
1139.510133,564,25
1139.674466,1116,8
1139.889295,2443,160
1140.237401,3076,361
1140.531367,2354,3
1140.764451,1770,335
1140.764774,607,35
1140.905837,261,51
1140.930674,2493,274
1141.248979,407,18
1141.295886,643,9
1141.38836,278,43
1141.433003,2448,273
1141.630764,983,30
1142.01431,177,3
1142.151377,3028,253
1142.228713,3363,3
1142.397332,2792,191
1142.426073,175,57
1142.515153,1062,3
1142.667308,886,79
1142.722604,1776,10
1142.974871,312,29
1143.518145,3289,61
1143.632841,662,3
1143.729021,813,142
1143.895131,550,10
1143.89569,4879,502
1144.139166,337,186
1144.410895,2454,16
1144.638322,603,16
1144.760692,729,42
1145.152143,3486,400
1145.637118,452,52
1145.976391,2160,46
1146.479376,2502,841
1146.879845,548,17
1146.923591,2629,197
1147.015787,451,55
1147.232623,367,44
1147.643201,604,40
1147.728114,5346,54
1148.763482,1584,232
1149.291412,6415,135
1149.479066,1925,92
1149.635118,2941,417
1150.058297,2913,32
1150.640702,619,22
1150.679089,2084,435
1150.990939,689,12
1151.031841,607,21
1151.488801,613,35
1151.521014,1761,151
1152.3932,556,21
1152.479131,1812,3
1152.677101,1017,3
1152.722864,497,9
1152.982471,220,50
1153.236981,540,6
1153.624829,4652,3
1153.62751,253,54
1153.926395,2070,12
1153.929974,548,17
1153.979805,578,35
1153.982178,624,50
1154.471846,550,93
1154.48202,1812,3
1154.645581,6486,857
1154.926483,7374,353
1155.263353,96,65
1155.433679,305,3
1155.730092,2161,180
1157.253444,2067,298
1157.255513,606,30
1157.490441,2268,281
1157.640926,538,91
1157.727291,6982,412
1157.898697,481,49
1157.979831,1737,3
1158.244286,556,23
1158.244568,102,55
1158.263281,416,55
1158.512347,472,6
1158.5852,2995,78
1158.633191,2146,213
1158.649256,1075,44
1158.893146,372,9
1159.151514,1846,9
1159.39975,3217,11
1159.680611,296,39
1159.761059,7310,320
1159.924392,395,47
1160.135343,1141,5
1160.405894,1923,178
1161.39606,610,19
1162.137636,317,46
1162.388488,605,3
1162.499461,2630,11
1162.640734,2756,55
1162.640856,303,49
1162.726461,4444,156
1162.879867,1465,9
1163.482982,2017,317
1164.270061,1197,3
1164.728098,312,58
1165.785028,420,50
1166.134232,1533,3
1166.640171,2277,181
1166.979758,1773,15
1167.017263,5643,24
1167.13985,712,3
1167.225421,245,78
1167.274477,127,40
1167.642873,3170,17
1167.8886,558,22
1168.140907,604,19
1168.147709,790,192
1168.477809,2185,3
1168.526883,101,32
1168.772632,609,23
1169.223985,210,32
1169.275391,3085,350
1170.010438,578,15
1170.392728,2565,16
1170.516719,550,20
1170.62639,3978,14
1170.64099,1093,433
1170.731883,284,46
1170.761794,184,49
1170.942428,269,172
1171.225311,566,26
1171.680435,556,21
1172.219854,593,20
1172.377658,1862,3
1172.674299,2864,484
1172.765817,460,55
1172.879567,6107,20
1173.135842,580,67
1173.140093,105,69
1173.265742,291,155
1173.488242,434,56
1173.491183,2463,542
1173.640587,607,18
1173.723579,3289,480
1173.978426,558,22
1174.174824,558,10
1174.230688,1497,357
1174.519554,590,21
1174.668182,2733,262
1174.759926,861,14
1175.125555,939,39
1175.381113,4027,12
1175.514481,548,17
1175.668636,5344,16
1175.805851,2884,50
1176.730787,1268,317
1177.140154,223,37
1177.142826,1721,14
1178.223071,1069,156
1178.738732,1413,57
1178.980359,2928,3
1178.981397,180,63
1179.02004,3475,515
1180.169042,2267,344
1180.421648,734,55
1180.645495,262,50
1180.653772,1893,14
1181.143015,591,47
1181.233863,593,62
1181.480002,332,64
1181.493338,284,39
1181.675608,1548,3
1181.881387,7656,523
1181.969924,6364,835
1182.133508,420,83
1182.133641,238,3
1182.434731,556,21
1182.534883,6415,20
1182.773187,198,132
1183.474143,2564,177
1184.423696,2133,384
1184.768977,179,12
1185.161288,1912,113
1185.172404,2591,879
1185.390989,554,20
1185.421284,924,38
1185.735855,571,23
1186.125297,459,42
1186.168604,142,50
1186.232603,351,46
1186.481051,2289,143
1186.876493,723,87
1186.926321,135,103
1187.179362,389,52
1187.722414,1789,340
1187.771001,677,10
1187.771303,6083,20
1187.926812,3274,258
1188.426811,158,49
1188.529927,792,48
1188.926293,145,29
1189.679275,4648,13
1189.981189,1720,7
1190.059359,399,65
1190.230675,2306,16
1190.487021,3383,421
1190.518306,554,20
1191.657689,688,72
1191.659379,942,11
1191.793616,556,21
1191.923258,524,65
1192.239199,1369,23
1192.272829,199,35
1192.474299,2792,240
1192.701723,1018,3
1193.016905,138,43
1193.181347,453,44
1193.183561,2017,12
1193.976394,136,107
1194.376688,1582,16
1194.730861,3543,98
1194.876211,1790,5
1195.387318,401,11
1195.731166,402,52
1195.875535,2489,285
1195.899653,2448,289
1196.144151,6922,20
1196.269839,4979,12
1196.894288,3390,3
1197.018827,443,55
1197.127595,2275,626
1197.483152,3546,275
1197.783594,1566,13
1198.020861,479,13
1198.127247,400,50
1199.14023,453,75
1199.184395,1544,3
1199.375632,1872,3
1199.423782,548,17
1199.671952,1918,3
1200.170263,473,55
1200.519744,468,46
1200.519866,2794,3
1200.719135,3190,235
1201.143445,706,79
1201.422909,1644,3
1201.477663,552,17
1201.918138,416,44
1202.146884,3227,518
1202.480274,558,25
1202.671298,2995,368
1202.990069,554,17
1203.424557,813,25
1203.728872,348,7
1203.762982,3953,66
1203.91832,3466,27
1204.257523,2768,261
1204.773309,596,10
1204.773919,3098,356
1205.134329,632,43
1205.395526,2417,393
1205.471745,293,47
1205.71889,2540,711
1205.971352,1161,3
1206.378456,2101,3
1206.918661,605,10
1207.536184,3265,199
1208.632345,2086,153
1208.970813,2484,276
1209.013754,1256,11
1209.245522,2415,3
1209.471369,312,57
1209.517057,454,42
1209.76067,2160,7
1209.763303,3290,400
1210.625418,566,17
1210.883691,2219,509
1211.484225,305,35
1211.484405,561,8
1211.51781,639,8
1211.679564,607,13
1212.26412,578,54
1212.485504,5199,69
1212.511677,1942,264
1213.168739,537,7
1213.273679,1774,3
1213.491581,760,146
1213.492614,3435,86
1213.75835,1608,271
1213.918647,2083,459
1214.014297,603,21
1214.389709,1641,3
1214.39032,5060,595
1215.510386,4781,3
1215.676662,602,2
1215.733024,662,68
1215.978701,1989,230
1216.130762,1939,3
1216.480592,4780,604
1216.901857,2115,267
1217.402074,555,12
1217.748787,576,50
1217.885271,540,10
1217.920607,2320,468
1218.017106,1416,39
1218.427921,4502,48
1218.730858,570,22
1219.015401,1584,3
1219.499973,1535,61
1219.520958,1781,12
1219.52354,727,19
1220.141462,281,38
1220.727034,51,48
1221.22814,720,183
1221.25038,1384,3
1221.419231,297,47
1221.983631,49,44
1222.222287,1902,15
1222.47916,126,42
1222.486598,607,9
1222.733034,489,43
1222.878688,3424,108
1223.228913,342,6
1223.933297,2318,153
1223.97786,2256,3
1224.728971,4114,25
1225.228515,3737,520
1226.304496,3257,510
1227.229053,3206,348
1227.235742,584,18
1227.882775,604,11
1228.130445,1728,12
1228.472286,1291,93
1228.512617,314,66
1228.888528,562,26
1228.971084,2071,236
1229.250842,2380,635
1229.921219,3036,240
1230.670433,4986,483
1230.769088,397,57
1231.384059,383,10
1231.982893,3088,189
1232.125863,2200,12
1232.149746,450,54
1232.486077,2444,3
1232.521182,550,18
1232.625423,2714,18
1232.875201,361,53
1232.929548,1032,3
1233.131984,2059,251
1233.176701,556,21
1233.77576,1112,77
1234.046947,1947,3
1234.172478,564,25
1234.231943,578,32
1234.906199,2772,344
1235.168853,474,7
1235.232975,468,8
1235.72743,6717,329
1235.918773,686,26
1236.231697,354,58
1236.630429,686,20
1236.74361,3081,357
1236.874888,6000,319
1236.901068,6545,24
1237.175035,315,10
1237.26869,1431,3
1237.62387,1831,253
1238.477532,2454,64
1239.170395,2949,364
1239.231555,580,103
1239.382359,1800,3
1239.636658,1847,15
1239.737463,228,126
1239.749322,626,73
1239.975733,554,22
1240.035708,2269,9
1240.137318,2054,158
1240.483104,596,22
1240.638433,2745,15
1240.774191,2116,296
1240.775972,3939,243
1240.776483,669,38
1240.890763,594,25
1241.172313,1858,3
1241.226058,872,81
1241.271566,561,23
1242.23116,3877,439
1242.483326,1708,125
1242.727231,331,97
1243.142833,610,20
1243.231448,491,12
1243.419611,558,21
1243.634024,3525,3
1243.724642,510,13
1243.771859,1230,426
1243.881747,1290,19
1244.416575,352,7
1244.669734,3039,183
1244.720104,1792,3
1245.385013,2816,223
1245.64299,2798,425
1245.668389,6115,447
1245.72056,366,46
1246.168588,352,11
1246.26243,394,49
1246.380962,546,16
1246.728738,1850,3
1246.729319,552,21
1246.986977,274,4
1247.13927,1361,61
1247.386625,461,49
1247.426023,1785,60
1247.894118,406,35
1248.150434,2567,211
1248.234645,678,3
1248.34501,3239,564
1248.637334,2254,431
1248.673988,1790,9
1248.736452,2908,58
1248.896999,550,20
1249.013112,167,36
1249.159912,182,123
1249.929742,992,353
1250.928561,739,3
1250.990142,552,10
1251.180664,1649,150
1251.648079,224,52
1251.675114,496,91
1251.731981,554,17
1251.732393,6317,20
1251.733725,550,17
1251.895876,351,50
1252.18177,148,131
1253.202037,4928,473
1253.481643,558,24
1254.920369,403,42
1254.920825,3009,440
1254.982664,2221,3
1255.13802,1984,12
1255.138477,709,30
1255.161149,2462,610
1255.510337,226,40
1255.635267,2889,272
1255.893527,7798,465
1255.976089,162,125
1256.478701,175,47
1256.481036,2262,14
1256.64191,541,5
1256.92301,400,42
1256.972471,356,44
1257.230474,2045,220
1257.905124,5812,20
1258.232406,732,15
1258.261321,2736,3
1258.724227,1147,12
1259.152201,346,118
1259.155214,552,19
1259.232182,197,32
1259.400848,2819,242
1259.6525,587,92
1260.012455,1436,53
1260.996935,5664,767
1261.138692,2921,300
1261.168726,2754,3
1261.23481,2595,3
1261.734175,590,25
1261.896393,620,25
1262.126107,638,19
1262.140308,630,66
1262.140628,7069,20
1263.144358,754,16
1263.187878,1114,67
1263.760788,467,14
1264.179577,1762,12
1264.474934,485,9
1264.484828,2255,317
1265.720215,277,27
1265.733116,707,8
1265.976885,1928,164
1266.017732,448,8
1266.18401,4307,96
1266.925008,7213,35
1267.735345,1411,10
1267.882419,2591,290
1267.895847,4214,806
1267.929455,2182,300
1268.126016,4164,292
1268.126239,1901,17
1268.156515,377,45
1268.62868,1779,9
1268.973645,2058,3
1269.143118,2304,266
1269.245569,636,28
1269.381064,1887,108
1269.675558,775,11
1269.903888,2420,122
1269.930933,2722,460
1270.878578,2625,169
1270.926891,607,30
1271.733687,315,5
1272.430094,251,82
1272.874743,350,39
1272.973531,143,38
1273.397038,670,47
1273.628418,2217,267
1273.676803,570,28
1273.980243,2210,12
1274.225262,602,10
1274.227846,315,50
1274.437718,539,4
1274.895749,2921,429
1275.136219,895,52
1275.635016,384,60
1275.643733,258,58
1275.674206,280,41
1275.769352,2176,420
1275.874232,1451,3
1276.272834,2182,245
1276.664745,211,43
1276.764655,5702,3
1277.628586,1438,3
1278.129281,556,16
1278.232453,648,45
1278.402089,431,47
1279.019231,514,48
1280.228496,384,53
1280.636005,1495,37
1280.701513,2060,644
1281.136172,320,39
1281.676093,592,41
1281.732744,284,48
1282.011406,1806,183
1282.13142,634,10
1282.176042,409,51
1282.222784,3556,374
1282.394971,556,21
1282.474137,554,22
1282.685307,2460,23
1283.263707,351,36
1283.420795,1488,3
1283.481575,1869,3
1283.670188,1096,156
1284.233538,1974,46
1284.922612,2952,7
1284.981663,928,9
1285.234567,1432,3
1285.720577,548,17
1285.720815,550,18
1286.15116,522,36
1286.472585,554,20
1286.648297,1923,228
1287.420524,516,51
1287.42155,2146,262
1287.47129,554,20
1287.513586,554,12
1287.62725,1643,245
1288.126046,1078,86
1288.233895,270,8
1288.719586,1884,109
1288.761302,571,24
1288.978352,633,37
1290.227233,2299,226
1290.260701,2035,43
1290.631268,564,28
1290.978304,2609,247
1291.021619,2210,114
1291.174049,1388,104
1291.514226,560,25
1291.628607,554,20
1292.01218,1783,6
1292.975589,1018,45
1292.975861,400,52
1293.496868,552,19
1293.775427,2165,522
1293.775733,392,51
1294.144935,2184,11
1294.147847,5952,20
1294.474863,4175,335
1295.241356,560,25
1295.375817,2101,12
1295.516533,2510,223
1295.877021,3621,25
1295.977277,2458,478
1296.032726,2972,510
1296.420346,603,18
1296.723861,2140,560
1297.225024,853,43
1297.631636,299,53
1297.670009,2090,428
1297.723087,2041,3
1298.159931,3599,572
1298.736308,566,28
1298.922031,1896,148
1298.982432,2771,432
1299.478618,566,18
1299.635191,1594,440
1300.277683,586,19
1300.484862,2368,576
1300.994348,503,42
1301.26617,969,46
1301.670834,558,24
1302.147037,869,52
1302.227434,495,5
1302.240473,1266,3
1302.482545,331,44
1302.486888,502,62
1302.517268,1606,31
1303.899036,902,9
1303.982548,313,49
1304.883886,307,129
1305.278377,4154,336
1305.781186,7133,24
1306.464187,948,11
1306.501362,381,48
1307.021071,566,11
1307.282175,4307,3
1307.883004,4030,514
1308.016385,337,7
1308.676216,6467,12
1308.971506,2962,382
1308.971951,605,8
1309.727703,2027,297
1310.142111,707,48
1310.171638,261,55
1310.24333,2333,938
1310.266318,2333,248
1310.51452,550,18
1310.895397,552,19
1311.471998,398,6
1311.63091,1779,3
1311.726789,6018,20
1311.727028,362,63
1312.690733,283,12
1312.699931,284,59
1312.933763,416,12
1312.937531,1451,8
1312.970744,2108,244
1312.972699,2509,190
1313.260241,119,44
1313.672387,1958,293
1313.763868,1771,3
1313.879456,671,49
1313.979831,2505,3
1314.469155,571,28
1314.968915,1729,219
1315.277303,400,35
1315.548738,550,18
1315.642543,1887,242
1315.650541,473,57
1316.635026,2829,188
1316.726958,556,20
1317.192015,207,57
1317.677202,567,12
1318.135939,3620,459
1318.233126,1519,43
1319.141546,1828,231
1320.275394,1914,11
1320.632092,730,3
1321.025186,3914,489
1321.923046,2164,418
1322.152144,1997,3
1322.224884,305,41
1322.430345,2224,157
1322.475635,1808,16
1322.524718,1753,3
1322.720845,1566,163
1322.881478,2015,3
1323.639312,1451,175
1323.645965,856,66
1324.296665,342,56
1325.019318,2379,3
1325.155043,2884,331
1325.418302,328,45
1325.525404,184,44
1325.530771,411,23
1326.92968,3281,119
1327.046546,1945,3
1327.657375,1946,22
1327.732009,1301,374
1328.035398,2393,123
1328.261609,4106,53
1329.646405,1758,12
1329.72289,2973,600
1329.880902,1215,15
1329.892479,3880,32
1330.174462,1136,26
1330.890129,691,36
1330.991487,2375,26
1331.020661,3282,13
1332.014278,544,15
1332.014463,1827,50
1332.168917,3756,299
1332.26328,2203,384
1333.049798,616,36
1333.139139,652,57
1333.390418,169,48
1334.982643,698,5
1335.13722,603,18
1335.418607,635,8
1335.946774,3105,3
1336.131282,7316,20
1337.125321,830,38
1337.142258,853,20
1337.528957,2610,357
1337.628392,1916,3
1337.732023,1745,3
1337.759155,569,32
1338.481533,340,49
1339.124439,2028,3
1339.375992,552,49
1339.649229,1810,3
1340.134962,1585,129
1340.668958,2174,103
1340.971247,1912,3
1341.148416,2999,215
1341.483346,2205,309
1341.623566,633,19
1341.990272,2215,3
1342.375369,390,49
1342.483664,349,57
1343.487862,2311,3
1344.150682,2687,3
1344.239675,2980,561
1344.733581,1765,3
1344.897771,337,7
1345.126072,278,9
1345.488725,1912,10
1345.521694,130,70
1345.921217,215,64
1345.930826,3104,366
1346.23794,3894,48
1346.470871,1915,9
1346.47117,1398,3
1347.145806,1904,403
1347.478351,168,46
1347.533633,381,50
1347.922365,228,5
1347.96885,6433,20
1348.63231,233,44
1348.670459,1021,74
1348.721988,429,72
1348.876512,1902,244
1348.972825,4148,8
1349.397678,476,51
1349.881067,1489,3
1349.981276,386,51
1350.145406,1649,208
1350.384877,2055,3
1350.385422,2578,125
1350.670603,657,52
1350.918303,1995,3
1351.028832,604,20
1352.132566,670,31
1352.175558,2201,206
1352.176768,2015,239
1352.234264,2483,430
1352.23739,675,61
1352.728015,1236,218
1352.769609,2201,300
1352.899575,2931,171
1353.405716,3382,38
1353.405999,3355,31
1353.429716,84,63
1354.007331,2614,257
1354.515039,380,11
1354.742651,3232,16
1354.875874,1205,57
1355.748387,2140,486
1356.222339,2337,19
1356.652468,319,46
1356.73621,200,44
1356.766133,3695,63
1356.883005,575,74
1356.981322,1501,3
1357.439807,1097,81
1357.446117,1778,429
1357.519556,2819,309
1357.98032,1656,413
1358.03274,50,42
1358.479563,2230,320
1358.763752,629,10
1358.765022,513,45
1358.985348,1983,229
1359.024665,1678,43
1359.29494,556,21
1359.392293,1920,57
1359.881462,318,53
1360.428964,135,39
1360.72682,7189,20
1360.926833,2846,346
1360.972781,3438,14
1361.47906,1700,152
1361.517034,548,17
1362.474871,476,6
1362.72688,1778,237
1362.880078,552,19
1362.9718,634,76
1363.026368,3158,248
1363.385106,2547,15
1363.385578,558,23
1364.017571,562,26
1364.653065,424,65
1365.231655,447,8
1365.277858,1668,49
1365.724883,453,12
1365.766833,920,10
1365.91904,554,20
1365.973885,690,46
1366.679355,172,41
1367.279199,1544,3
1367.429052,1796,3
1367.429094,4015,3
1367.641163,1818,12
1367.767021,695,17
1367.925358,569,16
1368.152252,541,54
1368.187919,1619,17
1368.231043,617,47
1368.406473,7132,96
1368.76996,599,14
1369.138468,550,10
1369.146708,6312,18
1369.480422,400,67
1369.525538,550,18
1369.931255,3038,58
1369.989115,2935,491
1370.73908,1375,2
1371.134426,552,17
1371.403624,2113,3
1371.62942,2163,340
1371.641968,481,44
1371.7364,2519,195
1371.884302,528,6
1371.979438,404,7
1372.382001,2808,439
1372.483354,564,28
1372.670752,564,27
1372.90958,2320,3
1373.390272,7126,333
1373.97973,4147,123
1374.50285,2130,389
1374.637345,924,8
1375.488945,2559,536
1375.88807,6906,53
1376.141495,476,39
1376.680843,3810,429
1377.024006,559,53
1377.038361,1868,286
1377.464661,2327,210
1377.89412,1889,127
1378.425725,1871,3
1378.718215,1920,8
1378.769609,298,5
1379.13129,519,54
1379.148751,394,3
1379.229136,607,10
1379.229608,2085,79
1380.248882,558,10
1380.481693,716,11
1380.682808,1877,50
1380.959397,552,21
1381.400491,458,33
1381.403468,564,20
1381.403803,396,69
1382.007038,607,26
1382.012532,473,6
1382.189551,1425,36
1382.393067,520,38
1382.471452,1080,39
1382.473066,2833,381
1383.180343,1457,3
1383.382259,288,31
1383.72666,593,38
1383.882088,7235,24
1384.011889,2015,21
1384.127519,596,39
1384.177206,402,11
1384.975011,552,19
1385.479239,5175,8
1385.678036,2569,21
1387.221588,582,17
1387.644374,1760,3
1387.892079,546,16
1388.391518,1227,3
1388.39923,2486,642
1388.511584,431,52
1388.728272,550,51
1389.378629,2106,117
1389.392575,1322,3
1389.637022,240,47
1389.742535,217,56
1390.51482,3452,14
1390.639298,1842,426
1391.260132,497,45
1391.892403,5396,501
1392.51497,2141,14
1392.882428,220,64
1393.261103,554,20
1393.481227,1655,15
1394.146801,1871,3
1394.638411,704,39
1394.642123,2056,311
1394.923888,2578,273
1395.171151,844,52
1395.22691,1261,12
1395.982144,548,17
1395.982275,2152,3
1396.760913,1600,125
1396.977092,2396,9
1397.037057,5509,24
1397.380968,2845,254
1397.926394,3332,212
1397.928626,562,26
1398.26534,3084,401
1398.779644,550,18
1398.781385,603,19
1398.881493,666,10
1398.973695,564,28
1399.231649,331,60
1399.523978,572,29
1400.229727,2111,36
1400.441127,101,39
1400.642294,1389,13
1400.673671,567,28
1401.136928,2483,183
1401.27097,2274,245
1401.631952,613,20
1401.645173,261,5
1401.726762,609,20
1401.727562,422,54
1402.424812,407,33
1402.521162,880,75
1403.192986,1831,130
1403.476004,385,44
1403.652155,2048,42
1404.270538,6025,319
1404.384167,562,26
1404.729061,629,14
1405.126572,2245,403
1405.169146,742,43
1405.376691,546,16
1405.378137,554,17
1405.421958,635,34
1406.382469,4449,17
1406.78244,660,15
1407.015564,182,45
1407.385632,554,12
1407.732057,487,9
1407.979788,4276,636
1408.982253,1208,3
1409.004211,2129,3
1409.022251,596,24
1409.533793,1698,20
1409.769905,2080,110
1409.973508,1795,11
1410.419202,598,44
1410.521169,5195,13
1410.625426,2276,274
1410.88049,172,45
1411.225225,2276,3
1411.774316,530,5
1412.128815,600,18
1412.47016,558,22
1412.730583,124,40
1412.88229,3734,392
1413.168881,305,44
1413.385858,1935,46
1413.626527,3538,220
1413.889517,1881,172
1414.142942,835,64
1414.273354,547,33
1414.418356,3948,44
1414.42137,963,49
1414.634838,1455,248
1414.772156,406,45
1415.376072,558,21
1415.519637,1340,139
1415.922601,600,24
1416.422248,2359,452
1416.673577,570,28
1416.976875,1676,34
1417.268652,2693,293
1417.382868,394,61
1417.383494,200,3
1417.942405,648,69
1418.027517,1593,3
1418.432804,1854,114
1418.720637,2457,40
1418.883285,554,22
1418.88602,548,17
1419.141576,2866,136
1419.143559,819,31
1419.148534,560,23
1420.478596,3976,279
1420.761584,609,17
1421.683754,597,8
1422.012258,3240,180
1422.262351,2668,379
1422.890401,548,17
1423.485719,2380,115
1423.681567,656,20
1423.773285,827,15
1423.891156,1717,3
1424.22991,552,21
1424.423219,2259,150
1424.635457,4147,413
1425.223636,118,52
1425.627264,608,110
1426.480415,610,32
1426.982789,2969,3
1427.017876,2963,395
1427.125378,316,144
1427.182162,558,24
1427.229745,689,54
1427.263346,4009,10
1427.375668,2037,383
1428.128353,554,20
1428.193608,2157,3
1428.640166,1161,21
1429.014953,1944,3
1429.628227,2187,250
1430.25523,568,29
1430.978099,1193,3
1431.428289,657,19
1431.977202,2005,146
1431.979728,600,28
1432.126961,2215,10
1432.233909,2483,184
1432.235345,4180,15
1432.927182,452,12
1433.230856,554,22
1433.385113,2447,429
1433.651977,527,73
1433.737705,1740,11
1433.979721,512,46
1434.223198,617,29
1434.228932,550,18
1434.233015,1745,210
1434.387371,3700,3
1434.398129,5532,20
1434.880531,1382,10
1434.978396,2080,352
1435.021938,546,18
1435.232526,552,19
1435.398975,387,44
1435.637394,4380,157
1435.660462,374,3
1436.170845,929,41
1437.133935,138,47
1437.22464,2150,180
1437.268473,1490,59
1437.400756,3262,330
1437.421085,2929,22
1437.529519,2184,32
1437.727158,510,11
1438.379038,1978,136
1439.023305,401,8
1439.124897,430,9
1439.308135,303,14
1439.477407,2015,352
1439.670228,257,51
1439.670532,242,42
1440.126287,1875,3
1440.733316,2211,150
1440.90347,2192,323
1441.473236,552,18
1441.477562,3277,19
1441.640674,3120,3
1442.473665,540,56
1443.262408,1161,405
1443.429431,805,4
1443.771021,1786,262
1443.776234,1533,8
1443.891688,417,47
1443.930904,592,24
1443.973026,1321,3
1443.973195,1673,306
1443.978744,554,12
1443.978927,558,22
1445.479163,1429,9
1445.775321,2218,3
1445.89091,230,47
1445.923919,2195,306
1446.475578,6943,20
1446.476498,1886,13
1446.633037,537,41
1446.642213,3058,209
1446.885528,744,13
1447.146902,290,54
1447.391788,1935,19
1447.477512,1494,3
1447.675897,564,27
1447.926077,449,6
1449.224475,3084,242
1449.405473,592,14
1449.729703,2341,341
1450.899979,527,29
1451.261504,586,11
1451.482319,262,228
1451.674409,553,11
1451.677492,477,16
1451.677802,2275,608
1451.737806,291,45
1452.484042,560,25
1452.731009,166,55
1452.910573,550,17
1452.971039,721,3
1453.490195,562,24
1453.639243,740,48
1453.640522,390,57
1454.01098,560,8
1454.429666,1415,49
1455.02484,219,50
1455.680751,3494,3
1455.982765,574,37
1456.224403,2424,133
1456.481313,1840,238
1456.676214,1658,8
1456.978713,621,7
1457.267185,3636,51
1458.243456,566,26
1458.247987,2915,20
1458.721323,1835,14
1459.378654,3355,384
1459.483938,706,66
1459.653455,819,3
1459.722371,5585,20
1460.127152,292,50
1460.180868,587,46
1460.376185,2295,291
1460.634483,635,8
1460.878305,2049,428
1460.969821,585,53
1461.321811,263,11
1461.514681,2497,331
1461.515194,2099,9
1461.727284,2067,3
1461.751094,598,26
1461.975055,1955,187
1462.501261,594,15
1463.423164,608,3
1463.525206,3220,149
1463.669406,1564,3
1464.883608,857,34
1465.266094,630,3
1465.267645,586,11
1465.639013,3199,36
1465.97683,3148,479
1465.978341,52,50
1466.228261,566,26
1466.42221,1130,11
1466.630524,534,12
1467.225144,2242,262
1467.381144,1711,65
1467.643149,1780,3
1469.271953,552,10
1469.633629,5253,21
1469.652852,2937,193
1469.92453,584,15
1469.977733,486,50
1470.72014,183,51
1472.018645,1622,3
1472.172898,1012,3
1473.016527,3774,9
1473.390249,552,11
1473.390417,563,55
1473.979394,4563,3
1474.477059,1775,3
1474.634197,2126,221
1474.727603,344,49
1474.977477,588,20
1475.133676,494,76
1475.390364,6079,20
1475.883604,1828,9
1475.970981,1888,3
1475.984131,2032,20
1476.279917,395,56
1476.468313,212,47
1476.491345,1994,123
1476.726407,609,20
1476.728566,2893,252
1477.161502,2133,38
1477.385003,428,10
1477.470943,2178,250
1477.473121,711,86
1477.992775,434,46
1478.475948,975,3
1479.172005,2297,359
1479.220002,246,51
1479.2651,166,47
1479.26641,560,18
1479.526906,4563,142
1479.639765,609,20
1479.761461,402,58
1480.47624,1932,342
1480.908417,566,24
1480.973393,419,49
1480.978682,5460,83
1481.220201,2661,323
1481.224813,2065,317
1481.719146,1707,325
1481.725417,550,10
1482.382886,2201,288
1482.475184,617,26
1482.726565,2189,345
1482.761073,3260,20
1483.219526,1767,65
1483.259642,183,4
1483.474189,402,48
1483.728569,598,25
1483.990659,156,49
1484.017899,558,16
1484.139549,1424,261
1484.26191,530,10
1484.389986,2118,19
1484.392069,524,7
1484.733893,6298,20
1484.733934,2560,11
1485.222471,3416,113
1485.477955,586,27
1485.645835,594,22
1486.723566,388,61
1486.923592,2573,284
1486.923736,1637,39
1487.265014,1824,3
1487.270361,2967,330
1487.673675,2030,11
1488.174492,556,21
1488.225376,2072,12
1488.670689,558,22
1488.925685,389,10
1488.928616,2099,436
1489.647603,4934,355
1489.768865,2956,366
1490.227519,374,64
1490.272546,3501,3
1490.272804,800,10
1490.642854,380,16
1491.378748,2265,151
1491.683497,431,6
1491.7238,570,17
1492.172824,558,14
1492.230404,559,20
1492.627917,6619,20
1492.67728,667,10
1492.770216,3413,3
1492.881254,3811,128
1492.90591,4211,153
1493.22351,552,11
1494.220816,419,62
1494.224457,5974,688
1494.764662,398,52
1495.016289,1944,9
1495.14566,495,5
1495.24823,2972,12
1495.272835,590,30
1495.38368,576,104
1495.728337,1908,414
1495.72859,1960,3
1495.767491,1506,57
1496.376948,609,8
1496.525594,768,11
1497.130417,1512,34
1497.180274,1119,13
1497.473702,2640,3
1498.129676,286,34
1499.428092,2575,723
1500.484712,3552,122
1500.485156,323,142
1500.774525,3139,21
1500.976061,677,7
1501.767315,274,50
1502.898931,1094,33
1503.925756,256,68
1504.238232,1538,51
1504.522249,202,48
1504.676501,590,13
1504.678285,539,68
1504.98415,618,16
1505.449287,609,19
1505.987671,552,11
1506.013359,1690,12
1506.485625,1573,239
1506.505005,4649,424
1506.727851,5690,893
1507.178727,2713,391
1507.674838,1514,304
1507.675809,2322,242
1509.019235,1737,3
1509.241678,299,5
1509.624314,460,72
1509.729304,1856,3
1509.730021,3681,13
1509.73022,213,51
1509.890108,430,38
1509.924124,1923,3
1509.987942,1708,396
1510.015898,2575,253
1510.221809,407,6
1510.224359,2115,128
1510.393624,254,45
1510.430729,552,18
1510.482994,1765,626
1510.48456,265,47
1510.626833,387,35
1510.678167,3271,273
1510.99424,1731,3
1511.980223,5064,13
1512.126817,335,59
1512.218364,446,72
1512.393001,181,110
1512.480845,667,47
1512.928909,6787,24
1513.124905,3331,248
1513.47896,416,57
1513.67935,1641,157
1513.761681,4374,52
1513.762136,2181,331
1514.489232,298,44
1514.652008,212,50
1515.625523,3918,105
1515.770364,1353,67
1516.674323,3057,444
1516.902565,502,65
1517.233232,2805,349
1517.736141,2573,625
1517.919087,2059,33
1517.987402,558,24
1518.222185,1878,3
1518.642301,2935,161
1518.64686,554,22
1518.897845,3001,7
1518.976772,89,47
1519.484352,747,123
1519.63631,5115,733
1520.271972,7984,15
1520.489281,215,3
1520.918424,562,24
1520.927918,991,135
1521.155628,1724,8
1521.394786,2596,51
1521.520735,2045,260
1521.671302,2906,327
1522.229473,1645,90
1522.643116,779,12
1522.643716,1484,3
1523.173824,7550,20
1523.888848,384,46
1524.018654,2180,330
1524.183148,1861,3
1524.427952,612,9
1525.138539,570,25
1525.194971,2301,724
1525.241576,290,7
1525.475467,7099,3
1525.525163,1423,3
1525.675039,2233,141
1525.987142,1097,13
1526.876967,342,52
1527.152421,2046,186
1527.178261,2108,158
1527.427296,1463,9
1527.673475,574,17
1527.977487,3197,134
1528.131956,2594,226
1528.146912,556,13
1528.424882,605,10
1528.631616,1948,38
1528.643349,131,48
1529.43606,2301,572
1529.741804,2412,620
1530.018154,1792,3
1530.394207,1846,3
1530.678115,559,114
1530.682696,552,19
1531.269862,347,48
1531.470446,2943,304
1531.680489,1425,68
1531.728164,259,63
1532.136994,7539,22
1532.381295,2637,8
1532.67324,449,161
1532.891919,269,38
1532.984956,995,60
1533.725502,552,19
1533.726502,497,55
1534.145266,7265,468
1534.470395,1988,3
1535.225027,552,19
1535.67892,2806,455
1535.894808,558,21
1536.135311,601,18
1536.383882,184,32
1536.646789,2083,85
1536.6835,2886,11
1537.139726,492,42
1537.141309,548,2
1537.182519,2861,372
1537.199201,417,42
1537.394061,1852,179
1537.532137,2061,3
1537.735281,1654,147
1538.143332,2660,314
1538.172568,1423,61
1538.382155,2191,413
1538.40736,1976,3
1538.662229,1622,11
1539.221648,621,3
1539.434661,2297,17
1540.438827,909,27
1540.977771,4856,318
1540.979664,679,8
1541.403618,2022,537
1541.430338,1369,93
1541.627549,646,55
1541.683565,1611,3
1541.807406,51,46
1541.980714,1737,3
1542.172748,316,7
1542.653871,552,11
1542.67473,1188,3
1542.768573,3391,245
1543.237591,605,20
1543.242211,958,3
1543.634708,5814,547
1543.653114,552,19
1543.736753,2126,3
1544.016891,2687,347
1544.231169,550,8
1544.979163,1937,3
1545.383772,6784,32
1545.729485,117,50
1546.226199,331,57
1546.470331,1595,3
1546.471933,1627,11
1546.768911,3882,854
1547.517468,517,45
1548.923646,2857,235
1549.020021,473,106
1549.518169,412,3
1549.895992,2282,14
1550.232808,1634,208
1550.235309,2653,280
1550.236775,693,135
1550.377917,6071,20
1550.392556,1170,3
1550.396835,234,3
1550.397642,3946,49
1550.432796,210,60
1550.891844,1886,3
1550.974095,511,41
1551.383704,377,5
1551.42724,2715,314
1551.642008,548,19
1551.987384,821,51
1552.227209,542,10
1552.228023,564,27
1552.973695,405,4
1553.641953,198,43
1553.720087,1813,3
1553.977084,550,18
1554.668575,1105,8
1554.732656,2655,274
1554.916308,1687,3
1556.134321,601,18
1556.135171,2212,632
1556.626915,2612,416
1556.919738,252,47
1556.921503,313,28
1557.17276,653,6
1557.47276,552,21
1557.920439,2063,3
1558.650865,1823,23
1558.979571,52,51
1559.390712,1513,3
1559.391293,584,49
1559.405523,572,30
1560.476519,2315,241
1560.898302,2543,296
1561.431113,2004,324
1561.532317,359,45
1561.724335,1760,8
1562.146091,566,27
1562.649588,657,10
1563.168673,1995,3
1563.169125,95,30
1564.261912,347,35
1565.495726,2249,18
1565.777036,584,18
1565.77716,550,10
1565.972655,1978,3
1566.232068,2714,281
1566.384698,2025,3
1566.719479,1030,45
1566.900895,6359,21
1566.969903,593,14
1567.238727,441,54
1567.394511,1934,228
1567.969213,558,51
1568.153977,470,53
1568.223567,1720,3
1568.924256,551,15
1569.8978,1797,3
1570.149378,296,127
1570.175161,2334,280
1570.227474,2840,272
1570.267937,7801,483
1570.511382,554,19
1570.624507,479,37
1570.976715,1339,49
1570.981235,2013,98
1571.130848,605,19
1571.226814,427,52
1571.877389,1683,27
1571.973892,604,29
1572.153698,4246,22
1572.396845,1981,26
1573.22608,211,44
1573.228148,1129,44
1573.47583,290,37
1573.623306,1098,3
1573.682116,609,22
1573.764253,2478,346
1573.935441,586,19
1573.981519,434,65
1574.232468,1819,275
1574.501095,256,64
1574.648765,576,29
1574.986174,733,21
1575.152846,1280,16
1575.482352,609,17
1576.013328,3499,349
1576.486364,128,19
1576.738166,2871,262
1577.259647,5468,19
1578.788405,2096,3
1578.788611,2045,3
1578.811108,3027,337
1578.973579,154,64
1579.145711,611,22
1579.154006,593,58
1579.475348,1458,8
1579.478786,2026,13
1579.730356,298,40
1579.883323,3419,42
1580.382828,1945,58
1580.384341,560,25
1580.762636,2106,10
1580.929205,3863,3
1581.260041,570,30
1581.522025,5117,340
1582.387109,320,54
1582.398909,554,12
1582.64154,1899,13
1582.675857,1588,3
1582.727063,4454,13
1583.233581,574,31
1583.261508,563,47
1583.547571,570,31
1584.147893,147,42
1584.397791,1924,15
1584.761072,1945,14
1585.486433,258,105
1585.669016,2052,345
1585.898038,1545,275
1586.513693,562,26
1586.878282,110,55
1587.643072,1958,360
1588.674283,2877,606
1588.90018,1958,8
1589.168432,5467,322
1589.394863,456,52
1589.484905,478,4
1589.51795,486,46
1589.743739,1742,3
1589.745738,6512,20
1590.236396,249,38
1590.396916,1815,3
1590.651188,284,51
1590.72785,588,12
1591.481372,695,66
1591.649047,314,53
1591.975548,4584,11
1592.646276,325,49
1592.733718,2202,3
1592.980502,2094,400
1593.47887,3857,84
1593.728056,1503,3
1594.126243,550,18
1594.504431,439,71
1594.97888,2097,338
1595.138193,1474,3
1595.895086,1310,3
1595.931423,216,53
1596.514632,1862,3
1596.644722,2645,283
1596.763563,4200,38
1597.388667,243,49
1597.760619,525,8
1597.88309,1802,3
1598.476956,7787,11
1598.6744,1304,15
1598.971621,3269,495
1599.225729,457,8
1599.374521,55,47
1600.475176,560,23
1601.765759,300,40
1601.977687,1533,14
1602.670261,2303,165
1603.126752,315,49
1604.012221,610,19
1604.130632,3896,708
1604.492392,554,51
1605.278751,2138,183
1605.647742,1964,304
1605.98289,1696,45
1606.373973,3184,10
1606.484585,564,25
1606.627692,546,16
1606.67235,3283,15
1608.233421,904,127
1608.404203,1825,3
1608.629549,610,65
1608.979095,1801,3
1608.991169,871,112
1609.235956,685,75
1609.400536,2442,42
1610.389341,1933,312
1610.491798,600,28
1610.635849,1328,3
1610.649571,100,44
1611.648473,2360,28
1611.727289,1807,236
1611.733442,437,47
1612.260407,636,50
1612.638279,5608,1024
1612.766189,2721,141
1613.138611,201,66
1613.900251,154,84
1613.919794,581,21
1613.995064,200,41
1614.012319,603,19
1614.228513,1903,194
1614.388523,564,26
1614.427243,219,153
1614.658019,572,32
1615.41803,1472,14
1615.527984,1756,3
1615.681089,228,130
1615.73224,1518,302
1616.395248,731,96
1616.725895,2412,470
1616.740574,615,8
1617.231799,1326,17
1617.668281,360,8
1617.888175,3397,648
1618.015368,130,98
1618.15103,606,49
1618.273441,1800,749
1619.129068,552,19
1619.150566,624,29
1619.380463,1920,3
1619.478167,3315,7
1619.736388,6264,24
1620.018431,623,26
1620.273908,584,18
1620.62826,740,25
1621.75459,2807,233
1622.129918,566,29
1622.730275,817,61
1622.730448,1125,12
1622.975886,86,39
1623.231638,735,11
1623.522254,607,20
1623.745788,2285,84
1623.922951,591,11
1624.131599,792,11
1624.14081,1808,15
1624.232966,503,55
1624.254522,548,17
1624.497744,4580,20
1625.026641,3366,55
1625.027192,1965,16
1625.031396,1589,3
1625.64437,1806,14
1625.735697,1333,8
1625.893087,3091,8
1626.137349,1201,41
1626.145812,2087,271
1626.145863,333,9
1626.390127,6914,20
1626.398367,159,104
1626.766837,3070,15
1626.842288,409,48
1627.235025,372,91
1627.384412,750,69
1627.674583,841,12
1627.757206,597,11
1627.883793,2229,447
1627.918971,1819,3
1628.26884,3051,330
1628.391637,664,10
1628.669605,1680,3
1629.482831,3763,26
1629.892653,592,42
1630.727636,2876,534
1630.739063,1067,58
1631.011294,198,42
1631.016395,554,18
1631.63037,556,23
1631.630597,404,45
1631.641751,1853,507
1631.884808,1945,251
1631.894047,2758,380
1632.154316,600,61
1632.642389,2247,346
1632.745608,1483,308
1632.895013,584,10
1633.139199,445,16
1633.250155,425,68
1633.642486,360,145
1633.919315,2332,16
1634.01183,2646,255
1634.138753,3115,129
1634.238696,1956,145
1634.477195,382,53
1634.634067,550,10
1635.015598,2639,45
1635.022784,3385,389
1635.4786,326,50
1635.541484,3187,892
1637.021194,556,21
1637.174993,562,24
1637.233718,2019,130
1637.476327,4174,3
1637.512484,550,20
1637.733477,1258,11
1637.98461,2338,19
1638.498211,1149,23
1639.486418,2092,3
1639.519939,586,11
1639.528116,465,9
1639.724272,592,22
1639.97683,669,19
1639.985992,252,43
1640.207975,1466,3
1640.39034,569,43
1640.479689,4163,3
1640.4981,562,26
1641.140327,2511,216
1641.230843,1646,60
1641.269889,4250,593
1641.270248,1699,11
1641.379324,2143,162
1641.40076,1513,107
1641.419349,2409,44
1641.480805,3329,496
1641.977148,245,56
1642.125431,515,10
1642.224755,472,83
1642.978282,1757,3
1643.017773,2001,3
1643.229238,2318,183
1643.405467,3324,61
1643.76833,259,38
1643.875465,1532,204
1644.735669,2548,277
1644.929322,1889,3
1645.163308,964,14
1645.390674,1700,11
1645.479185,320,12
1645.64203,1390,3
1645.890209,3432,47
1645.975679,880,13
1646.133086,194,3
1646.176943,536,42
1646.476035,5559,20
1646.973005,290,54
1647.037335,612,24
1648.228159,548,17
1648.389431,357,7
1648.972859,2593,13
1649.23207,1480,16
1649.265804,552,19
1649.38684,490,10
1649.640085,4383,39
1649.977393,648,5
1649.995868,1719,3
1650.513407,554,10
1650.764855,2041,325
1650.895239,2773,41
1650.984675,707,38
1652.513233,104,32
1653.010698,981,3
1653.012488,2054,64
1653.492356,600,17
1653.512947,2340,13
1654.23253,2505,264
1654.682459,546,16
1654.969471,136,102
1655.759599,3938,689
1656.175995,1446,36
1656.428901,119,42
1656.640215,837,139
1656.720609,781,134
1657.219281,1804,3
1657.640743,550,20
1657.725499,2594,25
1657.773505,268,91
1657.976341,3457,852
1658.770038,671,48
1659.227177,423,51
1659.274807,2459,12
1659.406379,1442,3
1660.520232,304,42
1660.675771,3031,367
1660.733873,1562,12
1660.905439,550,18
1660.983456,1966,3
1661.678813,2485,420
1661.893924,5453,355
1662.220443,554,20
1662.266523,1499,3
1662.641505,537,94
1663.017066,1264,31
1663.520478,321,44
1663.889069,1944,20
1664.384131,546,16
1664.393864,1706,13
1664.483397,552,19
1664.483559,381,130
1664.882502,586,19
1665.643778,2039,159
1665.735222,381,8
1665.889494,160,48
1665.89535,592,19
1666.724937,352,15
1666.761904,237,49
1668.013826,433,54
1668.380317,2349,323
1669.029232,2525,11
1669.396271,605,19
1669.897133,2189,370
1670.762446,7088,20
1670.875863,220,57
1671.481147,1690,167
1672.375679,6665,3
1672.392679,603,19
1672.725392,656,46
1673.640723,605,20
1674.011253,562,24
1674.228744,2572,3
1674.486343,457,43
1674.72494,774,160
1674.768613,640,9
1674.891513,552,19
1675.679225,7290,433
1675.733033,1675,32
1675.733332,2263,252
1676.475339,1647,12
1676.649411,619,26
1676.724614,369,44
1677.668396,564,63
1677.669959,1833,8
1678.168769,596,24
1678.476568,2060,340
1678.640586,550,18
1678.979597,462,44
1679.168391,2110,308
1679.418279,466,87
1679.513948,542,12
1679.921457,3535,503
1679.973394,1990,13
1680.514116,584,35
1680.514812,558,22
1680.670889,616,9
1680.972431,2914,371
1681.170905,609,22
1682.190734,6165,3
1682.904353,1150,24
1683.1353,405,24
1683.168584,2151,410
1683.401943,1325,3
1683.474805,2156,159
1684.219607,1773,15
1684.261729,542,8
1684.512321,482,15
1684.880946,548,17
1685.225686,268,49
1685.262662,3895,53
1685.725946,597,24
1686.482578,147,49
1686.724749,1796,286
1687.033371,2225,25
1687.033903,922,41
1687.136439,2027,142
1687.419275,2661,200
1687.761805,3817,25
1688.635401,705,54
1688.918175,6076,24
1688.971995,534,68
1689.22565,283,7
1690.648996,3029,344
1691.018966,4245,3
1691.219083,673,62
1693.268398,2558,573
1693.636789,383,45
1693.67391,526,49
1693.874652,467,43
1694.218653,5836,24
1694.968109,976,41
1696.732219,1588,158
1696.77407,6857,20
1697.411703,556,9
1697.898661,422,35
1697.900502,2378,208
1698.519616,1833,396
1698.981215,1120,24
1699.431635,2010,87
1699.972458,139,51
1700.427307,1955,14
1700.882147,610,21
1701.133014,179,61
1701.133127,1645,3
1702.226191,809,71
1702.72586,2723,226
1702.890804,421,25
1703.138649,605,20
1703.462208,2336,176
1703.596067,611,74
1703.722472,425,10
1703.733302,233,46
1703.892927,578,22
1703.918475,608,34
1704.739569,2916,476
1704.981364,3053,299
1706.625507,258,43
1707.012274,770,42
1707.144242,615,10
1707.233419,454,5
1707.271367,391,12
1707.874932,642,38
1708.238992,2637,370
1708.728398,3189,578
1709.019284,560,23
1709.670615,608,71
1709.776258,4552,12
1710.271887,550,18
1711.378459,452,46
1711.482609,1606,204
1712.1691,2879,386
1712.429699,1373,8
1712.982907,560,23
1713.766315,1713,3
1713.990091,223,58
1714.39254,1542,36
1714.393307,2658,266
1714.395289,2420,284
1714.397254,1580,71
1714.512096,2843,486
1714.762734,1406,236
1714.766289,849,13
1716.472304,2442,96
1716.472611,2418,320
1716.627495,1093,47
1717.174636,3497,110
1717.643809,546,2
1717.969775,1011,65
1718.463046,199,4
1718.629518,5860,23
1718.673409,2548,27
1718.763722,2426,219
1719.390002,6732,8
1719.478743,1594,3
1719.884103,286,50
1720.014014,1577,3
1720.132368,3151,48
1720.262955,1885,3
1720.423267,51,46
1721.173814,6056,601
1721.676959,562,11
1721.732774,510,11
1721.87662,474,8
1722.229497,2383,60
1722.480056,3725,83
1722.881221,231,55
1722.974484,3098,451
1723.009515,1606,13
1723.731022,2068,244
1724.261267,1780,400
1724.485765,1811,13
1724.882064,1894,50
1725.01239,2625,42
1725.226896,2789,277
1725.760937,3929,89
1726.225657,607,19
1726.888912,1918,55
1727.768477,1505,3
1728.140708,1136,3
1728.146003,2032,244
1728.424555,5523,3
1728.485047,1523,93
1728.488931,562,26
1728.672463,587,8
1728.905108,555,20
1729.013399,623,28
1729.168824,1309,36
1729.17267,7578,24
1729.244481,592,24
1729.267688,529,42
1730.891507,1866,193
1730.98458,591,107
1731.668646,4317,921
1731.896141,4440,28
1731.921136,880,40
1732.128346,548,9
1732.396573,550,20
1732.479746,545,99
1732.480108,2011,3
1732.729831,316,7
1733.645802,1514,3
1733.66863,1521,11
1733.909428,2438,194
1734.735069,1995,406
1735.024237,1945,3
1735.136482,6175,24
1735.228989,552,19
1735.543186,596,26
1735.630201,119,54
1735.978734,573,40
1737.146844,2668,303
1738.284726,1616,102
1738.986197,1084,16
1739.768426,53,39
1739.768594,225,43
1739.879477,554,20
1739.984296,1521,3
1740.62702,3333,511
1741.377267,1898,9
1741.402352,4198,3
1741.484329,1990,12
1741.522078,2858,12
1741.974014,341,47
1742.020253,422,40
1742.12787,3664,47
1742.227107,2656,271
1742.276772,1615,3
1742.627588,1277,73
1742.639418,4518,82
1742.875493,1676,3
1742.897167,1778,269
1743.519528,1360,18
1743.889515,2232,3
1743.891627,3819,62
1744.521263,388,8
1744.73712,616,48
1744.888648,1220,496
1744.982977,4979,3
1744.985093,640,76
1745.233428,238,47
1746.141594,580,31
1746.229595,2272,18
1746.388591,1925,291
1746.421464,399,11
1746.512436,554,20
1747.014721,2131,439
1747.270186,449,53
1747.383072,596,8
1747.390767,2071,708
1747.880571,4041,60
1747.918173,613,3
1748.134019,1982,10
1748.269631,1940,101
1748.651856,897,3
1748.978331,2612,236
1748.978506,597,16
1749.228916,53,45
1749.513772,570,23
1749.649756,2818,123
1749.734474,556,23
1749.793072,5974,20
1749.927547,2962,3
1750.76065,744,12
1750.915618,2368,369
1750.919362,556,52
1751.142437,1902,3
1751.889417,526,8
1751.918271,368,35
1751.977382,310,50
1752.513547,1698,39
1752.669397,2964,3
1752.895236,299,46
1753.398144,451,7
1754.725588,423,54
1754.762742,548,17
1755.143288,561,20
1755.925548,500,13
1755.975279,2944,392
1756.23686,734,42
1756.400649,242,59
1757.151592,3263,444
1757.397559,3496,286
1758.890835,395,35
1758.978026,1237,70
1759.279402,391,43
1760.879902,572,25
1761.133667,552,19
1761.140362,554,12
1761.968748,1670,11
1762.973723,562,26
1763.420166,1210,47
1764.163067,310,56
1764.418791,369,42
1764.480846,1981,3
1764.739897,1597,230
1764.883794,544,22
1765.893936,3408,475
1765.905501,4057,55
1765.919264,549,60
1766.474515,2146,15
1767.014588,1156,13
1767.482223,588,15
1768.184013,182,58
1768.648179,2823,415
1768.649027,410,17
1768.719,556,23
1769.221811,253,66
1769.420419,4410,535
1769.424036,312,43
1769.897852,1736,148
1770.019592,4803,14
1770.23474,881,3
1770.418456,395,55
1770.48157,5238,365
1770.8912,2090,3
1770.896062,2065,3
1771.16896,765,15
1771.474312,2510,283
1772.151383,2009,39
1772.475495,122,53
1772.970504,353,49
1773.136234,1409,33
1773.159027,572,21
1773.225399,6385,755
1773.474567,554,20
1773.731394,3000,297
1774.010547,1220,44
1774.17199,544,11
1774.226772,2034,101
1774.26261,439,54
1774.470995,301,54
1774.515535,286,190
1774.968859,261,47
1775.651758,1945,76
1775.722292,2847,12
1775.977269,806,8
1776.419101,1408,78
1776.419305,576,31
1777.019217,552,19
1777.396548,957,27
1777.474715,554,20
1777.523198,238,47
1777.632206,564,23
1777.77364,2789,380
1778.889796,602,27
1778.984328,5784,19
1779.146454,1838,3
1779.476946,2140,247
1780.899607,289,46
1780.9796,534,60
1780.980856,240,18
1780.98399,2684,385
1781.247061,344,57
1781.631337,1220,103
1781.65271,231,165
1781.736652,7800,24
1782.026466,121,81
1782.135965,1105,75
1782.170969,404,41
1782.237647,1869,393
1782.381045,545,11
1782.668631,439,69
1782.731094,345,47
1783.3998,1806,676
1783.40022,261,37
1785.240291,562,24
1785.517251,558,2
1785.668638,3703,56
1785.731552,4408,36
1786.223746,545,41
1787.895669,312,6
1788.0264,2242,3
1788.18703,2953,291
1788.398323,1116,76
1788.642411,661,8
1788.764008,301,34
1788.980015,2161,559
1788.982673,1931,380
1789.636587,664,8
1789.644968,554,22
1789.994676,101,39
1790.028094,201,80
1790.028203,556,20
1790.032978,602,2
1790.239615,552,19
1790.634395,606,36
1790.648965,2690,39
1792.153137,556,13
1792.629548,607,49
1792.728396,3352,626
1792.885861,554,22
1793.409126,1009,298
1793.561483,692,49
1793.629582,665,47
1793.775603,4273,50
1794.276196,736,33
1794.518118,1106,95
1794.898304,95,49
1794.983601,1921,211
1795.226706,146,48
1795.469935,217,37
1795.509916,2941,3
1795.766076,6173,372
1796.634397,660,15
1796.682935,613,22
1796.980593,548,17
1797.676396,572,48
1797.72858,243,54
1798.178991,1831,156
1798.475078,2529,41
1798.88932,1177,8
1799.011437,228,46
1799.141142,2041,3
1799.17844,705,14
1799.699472,2627,458
1799.883353,598,20
1800.263638,546,16
1800.263998,445,10
1800.675588,603,19
1800.748272,842,217
1801.501392,656,26
1801.506075,5653,276
1801.514094,572,5
1802.338815,573,29
1802.373107,2431,138
1802.373274,2726,156
1802.725712,1040,41
1802.891391,326,59
1803.428446,629,9
1803.657876,2379,388
1803.664242,507,6
1803.729672,2122,3
1803.766758,536,33
1804.924719,3037,12
1804.99006,2082,14
1805.145615,2459,337
1805.173813,2314,3
1805.729056,3192,241
1806.483852,556,22
1807.143516,554,20
1807.475049,59,104
1807.481244,190,8
1807.590343,6491,18
1807.627591,2779,256
1807.881891,298,42
1807.895141,1161,54
1807.97614,1132,387
1808.477318,2088,55
1808.632266,1930,85
1808.64602,266,56
1808.7295,2702,3
1809.397192,425,9
1810.678824,550,10
1810.884969,7046,22
1811.406031,558,14
1812.402512,336,7
1812.433058,322,45
1812.434676,2338,13
1812.886173,93,62
1812.89746,3147,303
1812.936545,1580,3
1813.395955,3069,383
1813.925792,1552,3
1814.396091,3680,11
1814.725944,328,51
1815.226762,460,73
1815.473661,1650,3
1815.645532,189,123
1815.687787,2367,3
1815.728186,605,21
1816.424691,281,43
1816.729714,582,9
1816.779867,110,102
1817.417078,609,22
1817.478753,554,22
1817.640348,3204,355
1817.725843,885,7
1817.726173,2021,269
1817.731804,602,13
1818.146139,2120,365
1818.232042,1234,60
1819.174739,4457,46
1819.222862,4247,39
1819.474015,1976,19
1819.675345,2244,3
1820.26211,624,65
1820.516763,527,8
1820.516926,132,49
1820.642498,605,16
1820.885739,1988,3
1820.974976,1863,197
1821.47578,806,60
1822.226732,2029,3
1822.227556,1180,12
1822.646037,3340,371
1822.718562,1863,3
1823.135404,1599,101
1823.140686,310,42
1823.512124,1330,24
1823.643115,605,20
1823.679287,552,19
1826.141279,2211,391
1826.649161,588,12
1827.283527,1760,63
1827.291674,2687,440
1827.663686,541,6
1827.721154,328,6
1827.738284,206,46
1827.98252,2326,384
1828.127965,305,11
1828.168937,3241,3
1828.381236,318,63
1828.39177,896,35
1828.738558,2903,191
1828.997505,324,10
1829.651084,2187,30
1829.884007,2870,364
1830.514244,415,35
1830.728719,588,20
1831.383334,948,377
1831.640367,5851,14
1831.902414,2266,131
1832.028011,2743,412
1832.381504,607,28
1832.420829,7586,101
1832.640123,4503,366
1833.630932,2055,321
1833.892686,558,24
1833.923553,719,11
1834.174754,2921,41
1834.889598,281,48
1835.48262,2345,201
1835.670467,2816,397
1835.67085,555,20
1836.127489,716,58
1837.130715,1528,47
1837.478976,727,44
1838.266879,2825,298
1839.395298,611,25
1839.654132,552,19
1839.721634,1419,3
1839.921599,554,22
1840.221058,2366,13
1840.427257,591,8
1840.521632,1515,774
1840.668361,1824,11
1841.148657,3753,24
1841.411001,3562,9
1841.883123,609,24
1842.222246,2568,381
1842.42565,190,85
1842.720147,1662,11
1843.017696,351,41
1843.431009,605,20
1843.986015,3168,448
1843.986167,1808,3
1844.648149,329,56
1844.719605,3920,44
1844.723184,601,8
1844.89598,2256,617
1845.243574,556,24
1845.720005,703,26
1845.983568,2739,452
1846.686816,330,41
1847.062695,2334,315
1847.43192,1967,282
1847.483464,1893,189
1848.489148,596,41
1849.179443,627,57
1849.17963,546,49
1849.184653,1140,15
1849.438796,2157,372
1849.480072,864,124
1849.522341,590,13
1849.930245,3437,635
1850.667215,2026,311
1850.920338,5109,3
1851.771871,1264,14
1851.772499,4911,21
1851.883859,4888,78
1852.140032,184,48
1852.189863,179,51
1852.396079,707,21
1852.399663,1817,3
1852.680353,605,23
1852.724096,851,184
1852.881109,622,36
1852.881327,1884,3
1852.926859,2595,355
1852.979196,3169,3
1853.017551,1760,11
1853.395854,2541,381
1853.51725,631,25
1854.175466,2859,321
1854.175525,552,11
1854.224642,434,56
1855.135282,177,48
1855.384675,1874,53
1855.637957,6470,571
1856.395143,1876,55
1856.473468,2487,3
1856.649156,630,12
1856.663571,1199,339
1856.674598,2751,34
1856.676585,4585,372
1856.881703,1899,3
1857.669425,870,12
1858.173204,6006,20
1858.511257,1075,65
1858.893279,50,39
1858.919126,2655,405
1859.236431,7293,21
1859.723388,367,10
1860.746119,1914,16
1862.221781,582,17
1862.423402,552,21
1862.423801,558,24
1862.760739,1685,3
1862.884363,3589,401
1862.918997,496,50
1863.014234,2310,3
1863.170313,411,57
1863.918933,2024,56
1864.897359,4473,324
1864.920243,544,12
1865.279772,2559,330
1865.391762,2607,232
1866.6489,2280,17
1866.8751,215,41
1866.875331,223,35
1866.894706,2399,158
1867.374587,875,3
1868.396178,605,20
1868.4204,1720,10
1869.73725,1601,12
1869.738729,1339,398
1869.875573,2832,259
1870.276929,191,3
1870.670638,2344,385
1870.768196,3915,3
1871.397504,874,13
1871.92553,826,46
1871.981633,452,60
1872.672253,3022,15
1873.168247,336,57
1873.17497,286,6
1874.487184,276,39
1874.668451,194,44
1874.920756,2023,12
1875.173912,590,61
1875.640509,633,21
1875.676746,1704,14
1876.389963,1173,55
1876.425222,592,17
1877.140179,570,53
1877.141259,1615,14
1877.172062,5353,8
1877.172355,281,65
1877.421177,196,47
1877.918294,181,43
1877.920544,2936,383
1878.140639,459,11
1878.140855,2397,15
1879.482804,586,11
1879.483148,376,10
1879.625237,54,42
1880.520607,909,49
1880.670423,2114,329
1880.895908,267,5
1880.919203,615,25
1881.420365,560,21
1882.23234,1441,56
1883.772822,481,8
1883.776178,6960,20
1884.186595,1782,306
1884.427256,601,8
1884.633115,485,55
1884.739936,1010,42
1885.236032,536,7
1885.490393,2404,12
1885.527384,817,50
1885.673816,1646,52
1885.726056,2045,12
1885.882708,601,2
1886.084477,2882,337
1886.531939,2601,3
1886.626566,4537,35
1886.723682,1220,63
1887.233627,221,46
1887.427201,341,132
1887.642664,969,51
1887.643902,6871,20
1887.646777,1989,330
1887.89471,1280,3
1887.973173,1767,40
1888.142589,556,21
1888.40518,594,21
1888.431693,554,12
1888.891673,355,27
1888.895224,2312,3
1889.138396,219,28
1889.892727,1972,460
1889.89986,3515,438
1890.228176,2447,374
1890.389823,572,24
1890.424697,2593,12
1890.48115,2697,3
1890.766657,884,48
1891.139522,1279,84
1891.140041,588,41
1891.479012,1541,12
1891.650069,2263,459
1891.653957,192,47
1891.726538,3562,307
1891.726831,595,10
1892.152311,610,22
1892.40087,2023,87
1892.401128,2868,227
1893.27476,1699,31
1893.72783,705,6
1893.730035,554,12
1893.983821,554,20
1894.173816,2272,9
1894.891568,1133,3
1895.398091,398,50
1895.511609,175,62
1896.514032,1922,15
1896.633058,236,10
1896.880066,1818,8
1896.977749,575,48
1897.393704,680,4
1897.51745,793,36
1897.973313,605,20
1898.276163,4827,3
1898.283924,1983,14
1898.724879,572,50
1898.739012,554,22
1899.878672,1800,41
1899.900451,2491,169
1900.660416,1288,268
1900.986401,130,34
1901.14446,1872,176
1901.244473,5748,20
1901.261698,1959,179
1901.476974,2173,120
1901.509755,292,52
1901.73465,2231,251
1901.764554,799,53
1901.765467,586,22
1902.125642,4161,42
1902.129127,338,87
1902.517392,3407,591
1902.67516,2063,12
1903.145537,2069,459
1903.220313,423,9
1903.431129,288,31
1903.647035,2667,96
1903.687333,3574,3
1903.895785,101,33
1904.661169,415,52
1904.899252,403,61
1905.152413,1820,3
1905.424688,291,47
1905.646883,2036,305
1905.970678,1814,3
1906.233764,590,21
1906.472953,558,24
1906.721428,1865,3
1906.89761,209,39
1907.275669,564,27
1907.275855,119,45
1907.924047,5264,20
1908.238143,4011,41
1908.282709,560,23
1908.422323,562,16
1908.894487,552,19
1909.168148,596,58
1909.168858,207,70
1909.170326,1775,58
1909.221904,1376,11
1910.971018,623,41
1911.97226,2187,249
1912.718422,1475,124
1912.727894,318,79
1912.974125,2012,291
1913.639245,2413,3
1913.728839,617,27
1914.177008,2243,241
1914.218222,1084,39
1914.727053,3344,12
1914.971816,2058,492
1915.388359,2873,16
1915.471818,596,22
1915.677802,185,45
1915.725129,316,44
1915.728897,2655,291
1916.674961,107,76
1917.019828,3983,453
1917.767915,473,10
1918.628519,7576,24
1918.878038,252,13
1918.918546,2068,257
1919.475386,405,11
1919.476288,2135,234
1919.672748,354,56
1919.97639,1391,3
1920.87513,613,26
1920.875449,3099,74
1921.130141,5515,23
1921.227715,558,22
1921.669092,262,90
1921.9292,167,52
1922.473376,2642,455
1922.512062,343,210
1922.763575,186,85
1923.131495,1455,26
1923.470114,228,56
1923.628934,219,39
1923.873879,693,33
1924.130868,569,25
1924.386524,1769,17
1925.008155,202,40
1925.87619,846,3
1926.175375,2408,303
1926.233252,686,431
1927.127536,4332,53
1927.263354,5726,3
1927.424644,89,47
1927.731869,504,26
1927.985885,4929,401
1928.12554,1126,33
1928.728008,214,46
1928.926596,566,28
1929.018866,565,53
1929.027606,383,53
1930.376309,1014,34
1930.379143,1820,9
1930.877332,933,20
1931.17672,329,57
1931.225399,894,140
1931.492765,95,46
1931.639695,2623,16
1931.740671,552,19
1931.894148,582,2
1932.479003,2074,20
1932.895164,7075,20
1932.973759,556,19
1933.876209,2720,15
1934.147834,2798,225
1934.233929,2117,421
1934.645146,611,9
1934.669713,471,75
1935.483755,2512,282
1935.487708,6143,100
1935.93663,2390,54
1936.680637,464,57
1936.729241,1967,3
1936.925182,1692,10
1936.925658,4294,52
1937.381452,169,43
1938.407079,2665,12
1938.630143,554,19
1938.979303,552,19
1939.147848,2336,473
1939.240082,584,8
1939.244074,251,82
1939.483638,3377,454
1939.675457,607,17
1940.138146,224,162
1940.138736,502,132
1940.385264,597,16
1940.973578,1923,11
1941.14095,4925,272
1941.234259,3769,83
1941.736648,329,96
1942.391812,2538,252
1942.731207,473,38
1943.142985,3626,59
1943.231128,695,74
1943.479765,872,11
1943.481941,289,38
1943.482226,1955,3
1943.762143,558,14
1943.764977,373,50
1943.973252,902,7
1944.384209,872,4
1944.734334,323,65
1945.3823,560,25
1945.642111,566,28
1945.724953,2066,263
1946.218751,626,25
1946.437871,5646,3
1946.687715,322,53
1946.688389,1210,182
1946.97888,554,20
1947.478657,898,45
1947.973549,628,41
1948.021491,1452,303
1948.250894,1435,3
1948.474862,582,17
1948.476222,2599,231
1948.727656,550,18
1948.945022,2818,3
1949.226806,309,64
1949.389711,1512,35
1950.644606,289,59
1950.929406,121,123
1951.688272,1934,67
1951.726194,2223,327
1951.735155,562,21
1951.73808,5132,26
1952.425837,314,10
1952.928168,212,50
1953.025399,5091,3
1953.180264,683,37
1953.766789,459,32
1953.924723,2833,281
1954.211228,1606,37
1954.229224,314,46
1954.398953,527,7
1955.013683,435,8
1955.92901,7999,49
1956.188209,173,74
1956.188938,2450,3
1956.482935,5694,3
1956.688803,568,27
1956.980219,2288,10
1957.735323,3116,272
1958.138572,2147,308
1960.398415,168,74
1960.398729,302,53
1960.419387,2283,5
1960.730247,1944,12
1961.169495,2024,15
1961.481253,4244,9
1961.721695,540,10
1961.721872,830,62
1961.725637,2651,14
1961.92156,566,25
1962.175311,2172,57
1962.22929,1177,38
1962.405062,584,18
1962.470352,1162,60
1962.47615,607,19
1962.774369,296,55
1962.890084,1807,215
1963.222157,7571,24
1963.42834,339,53
1963.444111,548,17
1963.726343,5570,614
1963.975096,1332,25
1964.130599,3049,512
1964.489254,6950,151
1964.526172,6604,94
1964.663129,2914,52
1964.672043,2208,191
1964.734757,552,19
1964.768906,526,62
1964.974064,243,65
1966.920987,2436,55
1966.97695,2038,3
1967.41957,601,18
1967.791731,550,18
1967.8899,331,8
1967.976421,308,10
1969.169269,1124,101
1969.233128,4446,3
1970.521622,2624,250
1970.734324,346,65
1970.909713,2628,13
1971.271651,613,26
1971.402201,2567,317
1971.640975,272,39
1972.228754,559,17
1972.39414,2159,257
1972.431557,550,20
1973.890416,552,19
1974.24169,5469,67
1974.419711,1039,307
1974.892638,311,35
1974.919437,1976,264
1975.995544,1361,16
1976.931141,148,49
1977.030713,558,24
1977.422405,376,61
1977.480451,2357,233
1977.670225,474,49
1977.731756,511,71
1977.767383,6957,3
1978.376943,596,25
1978.400888,1217,117
1978.64282,892,42
1978.770501,155,72
1978.770897,189,55
1978.772811,3938,110
1979.149687,1797,3
1979.672805,2691,58
1979.920369,2591,232
1980.394094,568,11
1980.395616,2771,392
1980.629228,2435,23
1980.651215,240,13
1980.875025,615,18
1982.15206,2062,3
1982.515281,2321,666
1982.92115,536,7
1983.259541,1934,36
1983.631835,2272,13
1983.875973,564,25
1984.169253,1024,16
1985.42564,2512,19
1985.473318,3345,3
1986.022006,1627,267
1986.417231,243,49
1986.473335,499,38
1986.625673,4993,585
1986.875657,514,52
1986.981235,2793,7
1987.023076,3674,257
1987.419384,2353,42
1987.488029,5551,79
1988.985509,636,40
1989.161309,615,21
1989.161594,3244,227
1989.380989,560,23
1989.427948,2751,40
1989.471232,1227,45
1989.522717,1049,3
1990.389141,2651,319
1990.422078,153,49
1990.630363,2302,413
1990.690238,560,15
1990.727797,594,40
1991.224811,1587,271
1991.626346,1122,39
1991.768751,426,31
1992.181482,2118,196
1992.629592,243,56
1992.668589,2268,293
1992.841448,1357,3
1993.141513,5134,19
1993.669524,1312,80
1993.729486,280,12
1993.876141,1726,311
1994.892338,542,39
1995.263723,372,47
1995.377537,601,8
1996.012046,2176,437
1996.141949,1511,3
1996.920142,3521,613
1997.155998,2513,9
1997.72339,239,42
1997.895922,726,40
1998.262468,556,21
1998.898572,3013,3
1998.921677,2109,78
1998.980369,2012,8
1999.139433,590,27
1999.63222,374,108
1999.634402,554,22
1999.9255,556,8
2000.226412,552,19
2001.234779,535,12
2001.426721,1889,11
2001.734,767,63
2001.898506,550,18
2001.980821,1973,11
2002.229305,429,19
2002.397595,2042,3
2002.673648,564,27
2002.674162,382,55
2003.229441,3928,584
2003.390104,2184,387
2003.635199,1627,8
2003.668858,380,65
2003.73748,375,99
2004.169196,1128,255
2004.229536,605,34
2004.637478,2258,22
2004.653818,2346,20
2004.842707,207,47
2005.019742,435,48
2005.239789,479,57
2005.62927,560,25
2005.670822,1996,267
2005.760599,2788,3
2006.013163,1868,189
2006.40122,435,68
2006.433388,2214,13
2006.879161,6010,19
2006.879394,1754,3
2007.180139,2870,10
2008.142481,2754,462
2008.177756,202,112
2008.225235,172,60
2008.234891,5796,21
2008.919454,3008,284
2009.14614,876,16
2010.016419,245,130
2010.228421,1896,11
2010.471709,313,6
2010.727429,1321,3
2010.761847,5881,650
2010.919281,2506,11
2011.165884,4362,440
2011.376932,1107,3
2011.475227,3770,56
2012.168394,2290,11
2012.72626,6374,20
2013.479621,2206,16
2013.482522,2290,305
2013.641136,1917,444
2013.658504,6788,20
2013.658837,552,19
2013.891481,625,17
2013.897409,420,51
2013.928687,715,39
2013.983171,839,402
2014.529179,1690,16
2015.125373,3164,19
2015.139006,1784,60
2015.232406,550,18
2015.898704,4886,3
2016.678441,470,39
2016.892823,558,20
2017.125695,1978,8
2017.127864,1298,81
2017.389993,2146,319
2017.888181,1900,190
2018.232499,582,37
2018.395547,2610,345
2018.422651,232,62
2018.479174,527,10
2018.736531,2677,718
2019.031185,347,8
2019.278753,147,45
2019.483845,1189,52
2019.668756,1958,309
2019.736987,360,43
2019.976878,2807,477
2020.47817,550,17
2020.631211,595,55
2020.72449,827,29
2021.02642,2006,395
2021.408459,2036,230
2021.647069,603,16
2021.647179,219,54
2021.87451,270,48
2022.77314,550,18
2023.182235,4135,20
2023.503004,1771,3
2023.771191,395,67
2024.231922,6560,20
2024.375801,3080,447
2024.524526,519,57
2024.648969,169,35
2024.883828,2744,172
2024.922126,3760,13
2026.026019,360,36
2026.229826,2674,321
2026.231053,501,4
2026.43002,1939,241
2026.626578,423,42
2026.730143,822,3
2026.98135,554,20
2027.234932,236,125
2027.239519,1444,49
2027.378836,350,9
2027.719958,1844,14
2027.73576,4907,194
2027.987693,564,25
2028.739405,2795,35
2029.123828,7162,20
2029.394744,2083,453
2029.486448,597,16
2029.727191,688,44
2030.048099,642,65
2030.304625,123,32
2030.304935,547,49
2030.38919,560,23
2030.426407,556,22
2031.424645,445,54
2031.489288,499,15
2031.647301,443,51
2031.695809,740,44
2031.926634,3613,3
2032.650646,514,47
2033.013048,556,11
2033.652071,459,61
2034.390123,4703,1002
2034.479545,600,28
2034.52379,557,21
2034.64131,216,4
2034.769537,603,16
2034.889269,1676,45
2035.146749,6297,3
2035.147634,453,56
2035.173486,1533,3
2035.279088,560,21
2035.641412,1951,203
2035.927634,1755,172
2036.188979,1061,3
2036.230876,255,52
2036.974861,605,32
2037.654034,584,18
2037.674916,195,37
2038.140967,1831,25
2038.422324,568,26
2039.021955,2087,133
2039.147817,331,47
2039.232444,2484,458
2040.021154,2116,63
2040.383577,1656,3
2041.026607,388,41
2041.02705,1766,243
2041.232921,599,17
2041.656037,6253,24
2041.985535,556,21
2042.728105,607,21
2042.728388,1036,86
2042.883949,4153,26
2043.31031,441,40
2043.378636,4252,12
2043.402741,879,56
2043.403421,586,19
2043.630699,2837,341
2043.768186,1873,538
2043.98149,586,37
2044.199466,354,67
2044.231489,206,58
2045.522895,3031,255
2045.527664,6547,24
2045.774875,3739,3
2046.739419,315,49
2046.976108,597,16
2047.126964,1030,48
2047.762491,293,44
2047.90325,1955,17
2048.158443,340,10
2048.403981,4109,500
2048.406757,2346,601
2048.406816,560,20
2048.427594,212,53
2048.982233,548,17
2049.143523,4267,160
2049.378389,6582,20
2049.926473,3364,296
2050.377758,1215,24
2050.459784,741,263
2051.020925,2885,379
2051.401959,3111,484
2051.515314,2951,280
2052.020129,1553,3
2053.018214,4571,25
2053.522864,610,17
2053.632074,2128,497
2053.966963,558,20
2054.496643,209,53
2054.916464,4369,65
2054.920634,556,13
2055.263742,1631,3
2055.399648,556,23
2055.626514,2693,3
2055.874587,175,129
2055.976185,480,63
2056.011139,2893,276
2056.133927,615,46
2056.225108,3182,481
2057.153442,555,20
2057.385794,2283,3
2057.483698,937,15
2057.520401,462,60
2057.879536,235,95
2057.977077,1523,3
2058.062157,3171,62
2058.138124,1901,3
2058.267555,1357,451
2058.402212,2132,294
2058.47023,358,52
2058.584049,1811,356
2058.975329,2588,3
2059.133455,2137,392
2059.519868,331,54
2059.633165,1119,52
2059.777631,813,28
2059.990506,511,57
2060.136594,668,45
2060.401662,556,21
2060.640594,570,29
2060.884131,3986,398
2060.911355,562,8
2061.022665,678,16
2061.145942,479,8
2061.170287,1937,59
2061.52765,319,58
2061.92264,2296,338
2062.419654,569,71
2062.651697,618,52
2062.681603,1721,162
2063.014797,2563,9
2063.231211,592,24
2063.649477,241,54
2063.672143,415,10
2063.730498,367,58
2063.978451,270,51
2064.637948,3095,449
2064.638069,2662,16
2064.650508,397,114
2064.676182,368,46
2065.154346,1272,261
2065.231233,3591,3
2065.233641,262,53
2065.381716,2312,14
2065.384337,606,19
2065.40742,1828,29
2065.407617,489,55
2065.530472,1378,257
2067.02189,558,78
2067.408293,3662,3
2067.763537,3748,589
2067.886844,2279,385
2067.932477,615,24
2068.73236,549,63
2068.887284,1849,3
2069.476181,182,45
2069.512914,1978,268
2069.5145,600,17
2070.384162,542,36
2070.483039,807,51
2071.014447,1285,11
2071.267435,2046,13
2071.514862,1967,15
2071.731147,468,14
2071.980096,2124,446
2071.983756,1658,12
2071.984213,588,20
2072.386557,1586,3
2072.759541,299,40
2072.771038,2642,41
2072.882859,5242,422
2073.280742,932,3
2073.672446,594,2
2074.021886,5261,24
2074.229879,686,13
2074.733601,428,32
2074.919639,552,19
2075.735956,182,43
2076.011355,625,26
2076.412188,554,18
2076.984565,360,7
2077.730558,887,61
2077.741975,2065,3
2077.763513,649,8
2077.764143,1799,77
2078.480687,3209,24
2079.266587,3569,14
2079.513797,5843,26
2079.528584,2388,11
2079.743172,451,51
2080.242823,628,7
2080.261087,693,63
2080.387325,1206,12
2080.48185,3074,62
2080.733542,1894,3
2080.978893,1976,402
2081.474653,599,8
2081.648762,550,51
2081.649394,3113,457
2082.221135,3812,11
2082.382587,594,6
2083.013636,266,56
2083.013993,501,13
2083.512711,2905,264
2084.010904,2983,199
2085.476329,929,85
2085.66198,560,18
2085.760923,1158,70
2085.765897,548,17
2086.487779,2118,12
2086.971741,586,19
2087.220291,617,28
2087.969319,554,12
2088.219272,182,56
2088.236033,4250,62
2088.267247,1346,16
2088.431506,4763,587
2088.519901,570,29
2088.674968,3110,33
2089.179363,2765,622
2089.228024,1590,298
2089.433002,3065,3
2090.397242,482,17
2090.924551,603,21
2091.232179,2428,484
2091.23611,603,51
2091.721625,1428,21
2092.030408,3645,3
2092.395117,623,39
2092.522494,1350,41
2092.721005,682,13
2093.017033,544,15
2093.148641,554,22
2093.420684,1901,448
2093.479993,1907,461
2093.726849,396,50
2093.90792,625,16
2093.913771,558,22
2095.393055,2839,350
2096.127063,1071,2
2096.90052,2905,428
2097.474328,4669,21
2097.898503,221,40
2097.975002,215,54
2098.155938,582,8
2098.233183,1895,14
2098.423456,4245,605
2098.654904,1902,10
2098.877318,574,24
2099.170078,560,14
2099.194471,552,19
2099.278267,863,7
2099.469859,5819,67
2099.894208,291,54
2100.236129,2284,380
2100.723527,3044,156
2100.729403,3010,12
2101.040838,291,46
2101.735408,252,54
2101.884783,656,9
2101.890478,1715,3
2102.394092,344,45
2102.525427,664,18
2103.668665,157,48
2104.142959,576,22
2104.636733,166,36
2104.743323,173,91
2104.893031,2947,335
2104.97948,1806,209
2105.47332,1611,3
2105.981509,492,67
2105.982108,4498,42
2106.168853,3235,322
2106.169876,303,89
2106.26157,317,50
2106.261681,2879,16
2106.419507,2115,121
2106.421135,1374,3
2106.725724,1607,48
2106.919062,726,9
2107.132542,2235,3
2107.153185,444,84
2107.237295,601,19
2107.25481,558,24
2107.419847,4136,101
2107.484615,1004,13
2107.673778,572,30
2108.135306,2433,604
2108.169049,669,10
2108.635297,1229,13
2108.721216,303,8
2108.73131,1748,3
2108.886057,2613,521
2109.22419,1589,114
2109.229357,1901,10
2109.765287,4560,64
2110.391928,445,13
2110.476977,2399,93
2110.670213,2493,549
2110.987012,2587,11
2111.226475,1798,3
2111.407495,1725,247
2111.419245,500,52
2111.476663,2134,3
2111.74992,298,70
2111.892474,603,19
2112.139584,65,41
2112.391889,560,17
2112.625225,156,46
2113.140307,591,16
2113.668287,241,47
2114.479241,180,62
2114.771057,556,23
2115.421004,1884,74
2115.723901,224,42
2116.478697,588,20
2116.642462,1498,11
2117.394101,1732,40
2117.422699,2969,370
2117.630715,615,22
2117.650413,6998,350
2117.738048,1131,198
2117.918945,2469,347
2118.518857,160,48
2119.719446,558,14
2120.220133,536,50
2120.420278,2305,256
2120.764504,813,8
2120.92459,186,7
2121.420668,607,19
2121.89547,344,59
2122.888961,1573,140
2122.910141,1819,12
2123.06153,320,9
2123.422583,2853,328
2123.485354,3893,19
2123.666299,1419,3
2124.150466,588,22
2124.643099,318,49
2124.672999,1877,14
2124.998106,670,25
2124.99881,1564,64
2125.643511,558,24
2125.735321,2215,491
2125.789775,3483,333
2126.231555,3264,703
2126.480087,1799,11
2127.229829,598,8
2127.522824,2351,647
2127.670421,599,17
2128.146761,264,6
2128.423828,246,135
2128.646048,665,31
2128.668675,552,21
2129.468948,2201,109
2130.229039,1572,3
2130.229354,2042,187
2130.418705,4462,488
2130.670494,2082,3
2130.74864,2114,727
2130.920037,269,86
2130.97457,338,52
2131.172757,913,20
2131.23168,2697,408
2132.148411,1478,9
2132.231771,598,25
2132.419661,1691,12
2132.668837,554,20
2133.896531,133,57
2134.022279,6249,3
2134.983878,2078,606
2135.430903,2166,127
2135.736919,1351,3
2135.760479,547,48
2135.892713,2207,244
2136.380666,3582,3
2136.831483,554,18
2136.901208,2143,3
2137.013399,1705,3
2137.390893,607,21
2137.391221,331,47
2137.48537,607,21
2138.13023,1363,14
2138.232577,584,10
2138.642737,54,90
2138.712888,550,18
2138.978945,598,22
2139.237146,1148,306
2139.469865,1207,37
2140.15201,434,7
2140.471735,558,23
2140.889032,206,54
2141.974227,2073,14
2142.432654,2838,143
2142.432789,666,13
2142.472283,2916,3
2142.562647,2204,335
2143.133666,1575,259
2143.674656,1616,11
2143.726242,320,90
2144.168721,552,19
2144.402108,3452,94
2145.010738,552,19
2145.260791,2095,213
2145.384937,1953,11
2145.650874,5862,777
2145.763702,5054,72
2146.012495,560,23
2146.680994,3180,409
2146.764484,2261,3
2146.927558,1995,310
2147.21796,2235,3
2147.374058,176,38
2147.426637,341,49
2147.514026,485,60
2147.680322,1282,48
2147.762629,1044,3
2147.937104,1896,470
2147.938124,2298,126
2149.1516,2372,11
2149.507815,3353,3
2149.656786,502,69
2150.013845,1274,49
2150.471404,3220,91
2150.471984,2027,253
2150.476089,2403,18
2150.740496,1171,3
2150.908199,625,66
2150.9858,1907,172
2151.141993,615,3
2151.472139,3057,112
2152.176308,537,44
2153.233361,4903,976
2153.638771,1365,36
2153.640229,598,28
2154.390075,2694,516
2154.891721,63,53
2154.973825,560,24
2155.47708,2130,173
2155.927093,524,15
2156.62659,719,58
2156.646134,149,42
2156.918921,183,41
2157.14703,3040,121
2157.476802,3090,639
2157.640709,2897,395
2159.140486,567,37
2159.218768,452,41
2159.39149,6402,20
2159.475006,3296,409
2159.477982,233,52
2159.736461,483,20
2160.644055,1067,42
2160.648534,4521,12
2160.894998,584,17
2160.91885,2166,243
2161.142477,2997,382
2161.170025,695,29
2161.25965,544,15
2161.405288,272,8
2161.64211,1458,216
2162.259478,6167,18
2162.382069,568,29
2162.642737,546,2
2162.762087,4975,3
2162.918302,383,51
2163.424444,128,56
2163.475843,424,112
2163.645792,2184,134
2163.674644,616,35
2163.740852,1837,247
2163.975257,560,25
2164.263017,912,88
2164.266239,5135,150
2164.383224,552,19
2164.635904,857,46
2164.911026,191,48
2164.974983,233,157
2165.91991,4748,3
2166.138897,2119,185
2166.476248,1877,380
2166.730157,4074,3
2167.06776,2733,21
2167.130171,385,65
2167.390084,195,45
2167.413984,1727,7
2167.475726,2154,18
2167.656252,2087,202
2168.135029,548,17
2168.139415,3880,82
2168.242351,223,46
2168.725022,2039,60
2168.976689,617,25
2169.137869,562,26
2169.140021,1680,3
2169.140389,592,43
2169.525112,1679,37
2169.627413,2336,203
2170.014198,305,63
2170.476462,465,9
2170.524902,4249,77
2170.673052,3022,7
2170.921804,544,66
2171.171371,3885,452
2171.727522,2467,361
2171.899469,2802,350
2171.969588,3190,16
2172.403159,5713,24
2172.527357,195,47
2173.272227,3220,13
2173.642027,252,61
2173.975228,2062,169
2173.975279,741,42
2174.025758,550,18
2174.169518,490,52
2174.726931,639,9
2174.902411,788,8
2174.978068,2830,271
2175.016458,586,16
2175.146727,517,100
2176.172159,3095,17
2176.423089,6876,24
2176.630226,558,22
2177.178468,133,85
2177.282431,1702,12
2177.421834,605,8
2177.526309,500,48
2177.726026,2219,50
2177.877204,1724,131
2177.899099,254,141
2178.263061,1787,3
2178.895599,1886,3
2179.420409,1891,115
2179.974379,550,20
2180.134274,2106,157
2180.519947,1359,3
2180.877434,2368,157
2181.127169,577,61
2181.146041,2107,295
2181.727088,587,11
2181.887046,556,21
2182.225453,3672,3
2182.523069,679,50
2182.881845,2152,151
2183.226596,284,64
2183.681883,3149,447
2184.180581,5763,24
2185.384574,552,19
2185.430256,2313,3
2185.47642,630,30
2186.640183,1863,3
2186.924282,3527,340
2187.141907,3234,689
2187.424157,2815,404
2187.474404,263,51
2187.478953,1431,10
2187.646431,2861,249
2187.883188,412,37
2187.935561,1901,14
2187.977271,2442,54
2188.640554,2428,55
2189.484588,2780,3
2189.488093,1061,42
2190.129471,2587,225
2190.220673,892,71
2190.266687,205,53
2190.392411,1690,123
2190.630044,276,50
2190.731845,587,19
2190.765011,1431,289
2191.377403,2720,224
2191.378589,1236,3
2191.642621,1746,3
2191.979514,606,31
2192.174793,777,58
2193.223434,1672,19
2193.431542,562,24
2194.726544,595,8
2195.135646,548,18
2195.183552,558,12
2195.975203,580,5
2196.175828,1993,560
2196.225793,2561,329
2196.514336,710,29
2196.879261,471,84
2196.893186,2488,210
2197.148265,3938,174
2197.524065,4560,39
2197.879207,2290,171
2198.177543,1770,8
2198.396811,692,14
2199.475878,822,10
2199.479737,1707,3
2199.979472,866,54
2200.152136,4175,1010
2200.4254,594,23
2200.628499,1864,315
2200.648809,153,40
2200.755139,3146,334
2200.900938,190,72
2200.92883,3392,395
2201.428439,91,45
2201.475858,327,76
2201.884636,462,51
2202.217886,588,20
2202.224945,2593,194
2202.893118,2373,271
2203.484095,7664,3
2203.641853,574,30
2203.923418,3176,304
2203.97443,1848,3
2204.224207,562,16
2204.642519,854,68
2205.632284,590,21
2205.773995,2592,3
2206.172746,3170,330
2206.379062,1750,3
2206.47627,554,20
2206.515633,2689,336
2206.733575,594,21
2207.228748,1229,33
2207.272166,147,40
2207.272788,272,48
2207.431363,951,155
2207.472423,3464,405
2207.72775,622,43
2207.923156,485,9
2207.925144,1469,3
2207.925556,2404,37
2208.676447,2393,679
2208.8893,607,20
2209.450187,5583,546
2209.512169,762,27
2209.723393,1007,63
2209.976713,6190,16
2210.266524,2949,330
2210.378386,921,36
2210.379745,375,40
2211.423753,1790,11
2213.020124,1226,43
2213.227566,3699,237
2213.472531,114,44
2213.648332,2156,3
2213.668348,330,40
2213.689177,234,12
2213.760941,2003,228
2214.480438,1704,3
2214.725779,595,24
2214.922619,1775,337
2216.731752,3283,3
2217.125935,1030,16
2217.170956,2007,3
2217.225646,2264,3
2217.272953,560,23
2217.374199,369,51
2217.719858,969,8
2217.921805,2116,290
2218.479913,1828,3
2219.224114,644,53
2219.482547,432,59
2219.646971,1982,3
2219.682731,1589,90
2219.709677,411,17
2219.731009,2648,74
2219.760522,2537,301
2219.882324,596,18
2220.422806,1821,451
2221.174051,578,34
2221.22549,2504,360
2221.423149,2138,237
2221.722889,599,17
2222.176305,1493,3
2222.391634,1145,53
2222.736962,1813,3
2223.01267,1535,3
2223.143604,290,58
2223.421821,211,51
2223.511468,560,61
2223.637957,5525,20
2223.671102,582,36
2224.918168,588,11
2224.923443,1974,11
2225.010944,207,48
2225.472815,623,10
2225.474995,1878,3
2225.520282,2812,457
2226.228502,1375,3
2226.398687,615,10
2227.14318,552,19
2227.473275,593,22
2228.21924,1838,214
2228.420695,292,49
2229.169214,1748,3
2230.401157,594,26
2230.920194,1104,38
2231.146972,2139,3
2231.16912,596,24
2231.547438,1321,7
2231.8875,288,53
2232.164343,2917,279
2232.973122,1574,112
2233.228869,1768,3
2233.766438,3520,162
2234.475485,242,37
2235.145862,566,22
2235.228371,1519,173
2235.231298,2973,31
2235.23264,4061,82
2235.526866,616,17
2236.393519,937,43
2236.421481,2199,71
2236.921237,305,53
2238.374303,361,9
2238.429426,524,44
2238.476527,552,19
2238.624621,353,55
2238.729333,2230,169
2239.423486,305,42
2239.666858,556,23
2239.982576,2834,204
2240.638342,1865,3
2240.767178,552,19
2240.92466,2985,427
2241.243245,6491,54
2241.644312,380,131
2241.738102,558,22
2242.653409,3182,11
2244.15013,2374,296
2244.426513,3246,249
2244.727486,429,37
2244.98476,1238,42
2245.644139,483,53
2246.648722,4434,69
2247.017611,554,21
2247.639821,1993,402
2248.221749,1917,126
2248.676297,157,46
2248.98537,837,39
2249.478145,2073,175
2249.734731,603,28
2250.00605,469,5
2250.176517,351,58
2250.518036,1601,318
2250.924085,920,10
2251.174016,4802,834
2251.174307,2216,215
2251.897579,2163,671
2251.985256,576,49
2252.680134,442,13
2252.927298,556,21
2253.221645,688,62
2253.271471,2112,356
2253.630553,216,42
2253.728604,577,68
2253.971455,1551,5
2253.981023,2435,178
2254.224734,148,53
2254.645825,3949,14
2254.775095,786,21
2255.175146,706,24
2255.472178,3108,361
2256.387312,2663,172
2256.923657,51,11
2257.48307,2259,141
2258.222419,1064,3
2258.645223,4098,104
2258.674076,614,11
2258.902696,3482,29
2259.430073,617,24
2259.675279,198,83
2259.97994,166,65
2260.147404,155,46
2260.221426,599,17
2260.222358,1420,3
2260.933406,450,34
2261.011806,2168,504
2261.264435,851,40
2261.433524,199,3
2261.90212,767,42
2262.231734,2368,303
2262.519295,2919,13
2262.727965,1384,41
2262.730987,497,67
2263.379739,583,57
2263.448096,550,18
2263.763437,2823,70
2264.176492,609,19
2264.764814,3382,353
2264.933966,3095,294
2266.646127,412,162
2266.646966,606,29
2267.173351,1807,3
2267.646491,762,47
2267.670483,227,105
2267.906849,604,3
2268.390942,2371,3
2268.669145,2197,12
2269.019531,1749,227
2269.172358,1174,3
2269.240245,1419,3
2269.475717,565,52
2269.670014,780,3
2270.494984,2030,270
2271.221787,1399,50
2271.232459,2668,280
2271.723275,1791,14
2272.132854,4190,64
2272.143484,1740,10
2272.275644,2350,400
2272.280033,3407,782
2272.393143,2597,153
2272.627248,2546,160
2273.16978,1518,3
2274.425807,603,19
2274.49012,562,24
2274.775442,5996,20
2275.681938,1710,3
2275.682098,585,9
2275.737367,609,18
2275.738008,472,152
2275.933272,1741,3
2276.383786,2720,12
2276.683095,1843,3
2276.718825,284,43
2276.902334,2109,17
2277.483178,1848,11
2277.680631,2030,261
2277.718279,441,51
2277.92354,2728,69
2278.020534,611,23
2278.149767,868,14
2278.642579,646,83
2278.889944,3745,49
2279.220957,436,47
2279.682426,485,33
2280.262263,133,19
2280.481065,2287,391
2280.489453,6877,3
2280.67695,290,41
2280.677532,1573,8
2280.732419,1972,144
2281.382114,652,10
2281.569576,2054,121
2281.719,2410,332
2281.927543,265,8
2282.176639,1930,244
2282.222919,2569,148
2282.970701,5788,24
2283.236772,1709,12
2283.394022,6044,20
2283.473032,352,40
2283.980312,273,124
2284.223312,328,9
2284.231026,2770,246
2284.642647,558,22
2284.673622,550,18
2284.88071,6526,1023
2285.377216,556,13
2285.479497,560,18
2285.671013,5932,3
2285.724443,157,54
2285.726067,625,19
2285.7298,1911,3
2285.893842,562,23
2286.490696,277,35
2286.520515,435,12
2287.144297,2236,3
2287.725988,236,42
2288.438661,182,54
2288.634485,3369,16
2288.725494,271,65
2288.729849,4477,50
2289.228738,2404,386
2289.969506,270,48
2290.421462,560,33
2290.421826,52,57
2290.728672,351,47
2290.973794,1618,3
2291.326863,491,6
2291.471156,438,46
2291.979871,2393,11
2292.131739,2911,747
2292.134643,145,46
2292.271748,903,69
2292.401195,249,40
2293.168871,2734,577
2293.224357,245,45
2293.39652,1102,159
2293.470112,516,51
2293.647077,4190,450
2294.219191,2354,300
2294.725444,232,49
2295.170346,396,44
2296.224536,729,92
2296.478443,607,19
2296.512504,554,20
2296.514567,548,17
2297.016522,2852,420
2297.177596,1155,3
2297.392986,347,36
2297.977873,2080,166
2299.268005,556,20
2299.39779,214,40
2299.733239,2023,8
2300.722366,4546,59
2300.878136,816,35
2300.971943,3083,683
2301.127994,1877,3
2301.233691,2282,91
2301.639299,556,19
2301.673484,2358,16
2301.97801,1327,53
2302.177524,373,41
2302.629002,594,8
2302.641916,2012,12
2303.391816,184,4
2303.639728,655,7
2304.145677,5332,24
2304.22283,497,48
2304.225034,348,44
2304.225626,5207,296
2305.231205,365,8
2305.27074,4065,149
2305.475067,457,135
2305.770787,1017,127
2306.116772,101,40
2306.177653,552,19
2306.527143,742,40
2306.63065,588,20
2306.64324,507,63
2306.754806,540,10
2307.017027,278,7
2307.721636,559,4
2307.766458,524,43
2307.990429,1280,54
2308.12616,381,6
2309.019371,1728,3
2309.47999,2382,3
2309.650555,3001,360
2310.019046,1706,3
2310.275255,454,55
2310.279257,2014,3
2310.398553,1758,14
2310.767846,597,23
2310.986755,193,53
2311.37729,3243,293
2311.377916,3161,3
2311.396958,663,3
2311.516018,150,69
2311.63847,505,66
2311.887981,2782,238
2311.988917,1960,195
2312.642905,590,23
2312.883556,211,60
2313.181066,2340,84
2313.670889,6301,9
2314.32672,689,74
2315.228578,1591,480
2315.22877,1238,17
2315.233606,567,50
2315.266975,425,38
2315.747084,338,46
2315.766986,2726,352
2315.87593,2867,201
2316.767231,1941,372
2316.973885,556,18
2317.038845,2557,279
2317.088551,2356,227
2317.390314,2816,13
2317.491752,687,62
2319.990429,1264,421
2320.393034,1978,419
2320.639683,2103,3
2320.640063,5830,502
2320.744393,219,47
2320.744979,2114,36
2321.020609,1567,42
2321.266037,2016,11
2321.471365,590,21
2321.681119,554,12
2322.144094,922,63
2322.218353,554,20
2322.24092,1830,49
2322.390192,568,21
2322.570222,2043,16
2322.893655,349,5
2322.968357,5142,3
2323.243633,525,5
2323.377022,2170,14
2323.732714,7147,23
2323.748103,2464,625
2323.892761,2584,76
2323.987516,398,52
2324.377731,1067,7
2324.625763,2311,224
2324.671986,879,27
2325.139406,1762,3
2325.140437,7174,71
2325.67208,3069,510
2325.923775,1977,122
2327.228047,582,17
2327.98341,1265,43
2328.141828,2753,469
2328.268371,1885,324
2328.422176,1978,324
2328.884127,349,13
2328.901367,3775,663
2328.918206,609,25
2329.240174,1551,3
2329.421974,1612,153
2329.672137,715,56
2329.730686,1529,3
2329.77675,556,21
2329.903353,185,52
2330.231186,384,7
2331.647971,2058,18
2331.7764,5038,177
2331.970895,3884,342
2332.168763,4378,9
2332.26952,873,3
2332.647278,594,15
2332.881386,2587,121
2332.906381,648,8
2332.931518,572,31
2333.15135,2910,236
2333.918352,1761,16
2334.161765,338,70
2334.479765,423,38
2334.918348,558,14
2334.920569,579,47
2335.019322,993,10
2335.180214,2515,334
2335.223549,546,16
2335.671384,2277,376
2335.769249,557,23
2335.991608,1830,141
2336.134707,842,57
2336.929674,955,40
2337.477158,852,28
2337.477272,326,13
2338.472944,548,8
2338.474546,3688,114
2338.476231,555,13
2338.897812,590,13
2339.130596,564,26
2339.403845,2074,213
2339.476614,230,50
2340.98515,2196,323
2341.474289,130,52
2342.624918,4973,301
2342.893441,261,43
2342.974706,613,8
2343.377601,3177,3
2343.394191,566,22
2343.874195,193,50
2344.130816,556,18
2344.2334,257,9
2344.236387,5436,3
2344.626062,2065,3
2344.736652,3745,15
2344.890196,556,21
2345.382922,7566,20
2345.70273,248,50
2345.703364,1642,133
2345.939655,3004,143
2346.130327,406,9
2346.679997,1791,10
2346.726221,2493,13
2346.772755,1869,3
2346.900691,2237,94
2346.983992,273,146
2347.139728,558,24
2347.269506,378,144
2347.395803,4088,164
2347.40265,1082,69
2347.402807,714,10
2347.89374,4057,15
2348.377594,191,16
2348.987143,381,58
2349.180081,284,12
2349.395858,2166,120
2350.626073,358,41
2350.62928,626,3
2352.478045,360,51
2352.730831,592,42
2352.930063,1671,9
2353.0109,148,44
2353.12851,1194,74
2353.250039,2118,108
2354.145137,209,48
2354.471571,964,319
2354.478789,2830,9
2354.735907,2228,3
2354.759166,1412,134
2355.228157,5211,293
2355.376146,1446,3
2355.391058,2389,220
2355.3941,1006,50
2357.026949,369,6
2357.127114,457,8
2357.223762,334,49
2357.22603,682,36
2357.45283,1581,3
2357.929068,324,86
2359.923514,210,45
2360.173502,1682,3
2360.488635,359,9
2360.678379,2954,228
2360.891072,5111,19
2361.425744,1348,10
2361.429233,2360,147
2361.627205,1959,99
2361.65002,228,35
2361.725856,231,48
2362.184403,596,78
2362.892052,1249,19
2363.015102,54,54
2363.379812,546,16
2363.41942,248,62
2363.640637,158,100
2364.226524,552,11
2364.276833,554,20
2364.419687,1639,3
2364.42389,321,66
2364.424815,5304,844
2364.478398,3420,50
2364.484817,506,46
2364.728634,1933,11
2365.230994,552,19
2365.979079,258,39
2366.224245,2360,27
2366.677349,1753,3
2366.988137,1664,3
2367.390314,257,46
2367.632831,3362,267
2368.147125,395,45
2368.2326,2022,3
2368.393275,570,6
2369.417539,2638,250
2369.421289,611,20
2369.977801,3701,8
2369.981804,554,20
2370.140936,3561,970
2370.231789,493,48
2370.244919,392,45
2370.660837,610,13
2371.014554,1750,283
2371.019327,601,18
2371.722879,6571,20
2371.723079,4816,46
2372.232286,558,24
2372.233726,1924,3
2372.668135,6766,20
2372.671028,548,17
2372.891525,552,11
2373.420611,291,246
2373.513687,1281,8
2373.927656,1942,13
2374.010474,112,56
2374.234886,2531,515
2374.393527,3113,649
2375.139467,2269,14
2375.170928,59,59
2375.227332,556,21
2375.896714,2624,374
2375.920111,1823,3
2376.025354,2687,294
2376.138218,1063,63
2376.896237,2831,246
2377.387488,838,20
2377.429323,3707,8
2377.639231,1636,36
2377.73222,481,82
2377.738272,367,188
2378.135929,2037,384
2378.140132,783,93
2378.233769,308,125
2378.738452,3667,210
2378.926562,2219,365
2378.981496,471,6
2379.184235,1580,3
2379.638284,451,45
2379.890239,2729,412
2379.931888,469,145
2380.43562,2805,14
2380.676168,729,35
2380.971087,694,98
2381.140928,564,27
2381.288705,1231,43
2381.891173,428,55
2381.891175,2922,470
2381.922534,2989,417
2381.975214,3394,125
2381.978384,344,6
2382.432487,3390,580
2382.636945,1490,301
2382.681483,240,132
2382.721533,644,7
2382.976785,556,21
2383.484804,421,52
2383.901556,657,11
2384.177975,2112,129
2384.225275,590,3
2384.484359,3172,298
2384.892652,554,20
2385.433295,1051,191
2385.76792,540,68
2385.769421,5741,24
2385.929891,181,33
2385.972489,555,53
2386.140559,560,11
2386.725592,1837,3
2386.906948,343,48
2387.041978,240,29
2387.179958,194,52
2387.225055,603,19
2387.233977,6707,20
2387.901639,1267,566
2388.393957,2634,16
2388.638909,7209,20
2388.733221,4225,10
2390.675728,1833,11
2390.680143,2057,258
2390.722102,588,44
2391.032894,663,55
2391.472402,554,20
2392.134193,594,13
2392.15985,6431,3
2392.173439,1193,3
2392.521093,7478,20
2392.649846,2225,350
2392.652872,3235,192
2392.976983,716,326
2393.267577,1846,460
2393.269901,3016,263
2393.47962,4477,56
2393.970423,5929,24
2394.152227,2013,111
2394.220866,2215,37
2394.233197,404,60
2394.405526,2010,138
2395.026143,562,23
2395.237205,4400,21
2395.473624,1658,78
2395.572413,1918,3
2395.573089,572,32
2395.679621,379,98
2396.174542,3161,10
2396.973438,460,90
2397.182608,2478,21
2397.648113,1976,244
2398.472755,147,34
2398.482948,3157,333
2398.511954,469,54
2399.133906,2690,324
2399.514252,1659,3
2400.227362,341,45
2400.928873,560,23
2400.932223,3294,3
2401.017432,483,6
2401.175701,556,33
2402.390089,2645,3
2402.634216,554,22
2402.730999,1591,12
2402.918613,602,19
2402.982217,554,12
2403.128654,560,23
2403.48212,520,46
2403.63291,2309,39
2403.643832,2450,156
2403.874787,2345,16
2404.128163,279,59
2404.384849,502,52
2404.726286,1594,142
2406.129588,2425,395
2406.768313,5824,24
2407.142226,3920,14
2407.656261,2162,328
2408.42047,608,32
2408.487221,1211,21
2408.765977,258,4
2408.980114,554,21
2408.982859,3163,317
2409.010668,3487,357
2409.151384,535,46
2409.15374,7066,236
2409.154024,338,14
2409.154147,550,20
2409.670695,1673,179
2409.723765,1620,45
2409.737628,2666,48
2409.978774,1833,3
2410.130425,616,22
2410.133239,4259,197
2410.67455,340,57
2411.145777,582,19
2411.380344,1183,3
2411.40844,631,23
2411.433441,570,30
2411.479805,93,46
2411.533055,350,32
2411.734459,1421,272
2411.891376,7028,24
2413.145022,388,47
2413.265517,2076,83
2413.735683,590,19
2413.738636,316,56
2413.904221,2118,252
2414.033985,504,7
2414.401528,2330,447
2414.626556,1142,19
2414.884964,576,24
2414.886786,1930,3
2415.15098,410,12
2415.174348,126,32
2415.731789,283,41
2415.877375,2032,234
2415.878184,5413,245
2415.898288,1694,138
2415.937439,377,47
2416.945125,548,17
2417.983671,989,43
2417.989565,2871,6
2418.170651,601,18
2418.22863,576,35
2418.641463,2235,3
2418.719668,5854,20
2418.723798,1883,17
2419.227275,7329,23
2419.388234,2758,14
2419.469866,427,38
2419.721794,467,43
2419.902097,1847,3
2419.975134,5783,452
2420.130641,1422,45
2420.470317,607,18
2420.920493,601,18
2420.922617,659,3
2420.972695,4105,8
2421.022928,556,11
2421.88977,88,59
2421.894198,285,48
2422.26919,554,20
2422.484965,716,54
2422.629183,698,49
2423.429375,110,53
2423.632321,308,46
2423.641409,607,19
2423.642363,4998,554
2423.677327,623,59
2424.382416,2785,344
2424.383111,466,72
2425.179887,177,34
2425.231292,973,8
2425.414833,578,31
2425.642497,481,61
2425.987926,550,18
2426.627592,220,31
2426.877616,970,20
2427.742667,3439,481
2427.919592,104,47
2427.923006,1638,276
2428.874849,999,11
2428.987267,2618,302
2429.478712,851,67
2429.482843,613,20
2429.760261,4771,437
2429.980542,522,61
2430.129386,5932,20
2430.640564,549,55
2430.734308,1766,57
2431.245041,349,3
2431.422964,2024,19
2432.012762,704,46
2432.390722,516,50
2432.638493,471,48
2432.681721,646,16
2432.892182,598,17
2432.974471,552,11
2433.639697,583,43
2433.877881,490,35
2433.878061,599,17
2433.888433,1469,287
2433.88859,397,7
2434.426275,1984,242
2434.719471,599,8
2435.228701,594,41
2435.680328,466,50
2435.735391,952,13
2435.92681,1701,3
2436.248266,477,52
2436.428442,930,56
2437.18331,925,3
2438.153819,2514,394
2438.73264,748,40
2439.230402,2794,230
2439.423957,317,31
2439.766845,718,70
2440.399558,351,12
2440.433493,460,87
2440.734589,939,91
2441.23429,5159,820
2441.431083,600,17
2442.43405,556,13
2442.918438,130,46
2443.226848,502,45
2443.648357,2412,117
2443.897889,920,50
2443.926278,564,16
2444.791275,1762,213
2445.127181,1529,392
2445.92591,1466,275
2446.221032,562,20
2446.71929,562,16
2447.435932,798,232
2447.473973,1820,374
2447.767114,1171,6
2447.985599,562,16
2448.425921,1838,320
2448.428736,1721,463
2448.428795,661,10
2448.483627,584,18
2449.515821,5565,113
2449.678057,212,58
2449.924033,2253,149
2449.987053,1566,3
2450.456216,1736,16
2450.512294,237,53
2450.725484,2240,335
2450.883089,4198,50
2451.73688,554,20
2452.126077,615,8
2452.392461,2519,3
2452.638667,599,56
2452.978202,345,39
2453.012459,3201,313
2453.383613,6755,24
2453.392176,2202,11
2453.477234,2307,9
2453.930374,942,38
2454.132652,569,17
2454.145449,261,57
2454.390934,2005,258
2454.428075,601,28
2454.640505,2184,186
2454.642446,234,42
2455.019668,2030,39
2455.428557,1712,3
2455.500004,2932,314
2455.639571,1082,50
2455.846344,566,18
2455.93055,295,48
2456.270278,2473,160
2456.898315,348,37
2457.179215,1241,69
2457.641448,1180,179
2457.765955,4685,10
2457.984836,522,5
2458.019421,2061,261
2458.142515,314,168
2458.143123,2946,722
2458.274346,1733,3
2458.422035,548,18
2458.734198,3502,3
2460.031097,1787,277
2460.398867,898,48
2460.420128,1809,3
2460.732744,558,22
2460.907711,4521,39
2460.973956,2652,568
2461.145041,514,53
2461.420267,590,13
2461.638259,631,16
2461.787703,308,47
2462.426721,2114,118
2463.47617,556,11
2463.670293,2521,401
2463.766778,158,106
2464.23535,1267,56
2464.728829,5989,19
2464.771306,377,53
2465.00835,3329,645
2465.170218,448,3
2465.420725,1392,70
2465.668567,610,20
2465.889399,1047,35
2466.433088,560,23
2467.727442,698,41
2467.919207,2151,162
2467.919257,7881,20
2468.16853,628,5
2468.231491,2615,55
2468.39235,801,52
2468.480039,674,22
2468.905508,572,25
2469.226633,554,20
2469.226676,548,17
2469.270604,666,6
2469.977766,1844,158
2470.225801,483,8
2470.235753,1752,19
2470.238061,2090,397
2470.390113,3994,73
2470.392732,2035,10
2470.404496,554,20
2470.731634,552,19
2470.986207,359,50
2471.139969,2491,14
2471.488147,629,30
2471.732574,1461,226
2471.986557,444,43
2472.177491,5276,24
2472.235663,1258,95
2472.239143,310,7
2472.419359,503,71
2472.892363,553,17
2473.140699,805,48
2473.229904,1881,48
2474.639716,771,3
2474.668503,1584,3
2474.891421,124,19
2475.169216,2709,216
2475.66067,2660,219
2475.773552,2103,148
2476.875514,2081,12
2476.877419,548,17
2477.424757,2786,505
2477.919236,4777,683
2478.147706,1251,3
2478.236852,2528,62
2478.634766,1765,408
2479.170989,1568,3
2479.482039,453,67
2479.973374,2588,7
2480.973145,1833,30
2480.988916,458,5
2481.425238,3307,136
2481.480806,79,32
2481.985454,7502,82
2482.270782,2335,12
2482.674557,1579,3
2482.734388,584,18
2483.22061,3535,309
2483.992157,562,24
2484.168062,1891,10
2484.469718,619,21
2485.376455,403,74
2485.42204,4128,2
2485.729367,584,40
2486.433065,2799,127
2486.725857,2682,216
2486.874755,2180,127
2487.508115,2339,488
2488.26078,3146,343
2489.015744,3805,716
2489.479757,680,47
2489.878996,229,3
2489.879383,1541,3
2490.433926,3016,313
2491.175506,2274,3
2491.178077,966,3
2491.23197,550,10
2491.672637,1706,58
2491.720005,1964,3
2492.402197,1081,304
2494.143835,552,21
2494.223134,552,11
2494.925205,760,8
2495.04081,592,22
2495.405579,3382,415
2495.71994,3965,11
2495.960359,1830,3
2496.177751,369,53
2496.478367,593,18
2496.975862,2084,15
2497.522512,3485,487
2497.720918,2407,48
2497.927423,4774,644
2497.975965,552,22
2498.223485,1134,6
2498.508341,619,27
2498.508383,548,17
2499.383628,1949,156
2499.427705,1981,41
2500.14151,4680,3
2500.519469,415,46
2500.885156,1813,3
2501.02149,242,49
2501.154406,185,40
2501.402981,2552,313
2501.483556,342,60
2501.659345,534,47
2501.934055,251,200
2501.935255,90,42
2502.279941,1921,3
2502.984708,2300,331
2503.192525,590,13
2503.402509,620,54
2503.440724,2215,265
2503.440834,242,55
2503.487015,705,3
2503.487424,2198,341
2503.646901,2632,2
2503.746985,1539,360
2503.88671,1416,361
2505.152838,2230,217
2505.236781,208,50
2505.476977,507,47
2505.480544,558,22
2505.896777,7550,138
2506.514928,4998,3
2506.770393,2055,199
2506.87399,1450,3
2507.016747,570,28
2507.229726,1268,3
2507.729373,552,17
2507.769141,211,3
2507.898496,548,17
2508.018361,823,37
2508.227888,3355,205
2508.643785,3953,262
2509.024439,895,160
2510.171676,1983,14
2510.234545,634,103
2510.98758,1852,9
2511.144871,1440,98
2511.219931,2862,857
2512.220226,588,22
2512.647545,4175,3
2513.128522,883,3
2513.632763,554,20
2513.633437,212,57
2513.669476,3784,3
2513.730709,1919,487
2514.141547,2949,3
2514.16845,1209,13
2514.307645,5418,875
2514.472553,605,10
2514.762896,1913,400
2514.877751,5025,322
2514.906157,1740,3
2515.42046,615,20
2515.524674,1812,3
2515.669072,322,52
2515.669181,560,23
2515.919312,2484,190
2516.01623,1854,45
2516.128831,552,19
2516.647103,1399,3
2516.777865,2370,278
2516.89418,1684,3
2516.986255,1653,45
2517.487754,402,40
2517.916367,189,58
2518.6423,1815,13
2518.678081,1918,42
2518.73397,847,312
2519.016447,548,14
2519.272352,2039,220
2519.896575,251,74
2519.934894,562,68
2520.47121,2727,11
2520.672071,554,17
2521.027915,1561,426
2521.387611,361,39
2522.141684,1534,229
2523.142066,3579,8
2523.390666,184,36
2523.484045,556,24
2523.676334,3216,148
2523.98039,1910,570
2523.980491,2153,274
2524.979468,722,11
2525.229837,2967,9
2525.239143,402,57
2525.411192,2226,147
2525.427958,915,42
2526.400869,184,92
2526.425915,3697,3
2526.762297,368,9
2527.223973,2244,287
2527.482081,2219,367
2527.725701,546,10
2527.726397,430,51
2527.887193,200,44
2528.144482,651,17
2528.430228,2750,36
2528.929742,1842,16
2529.174957,1969,12
2529.225819,1375,211
2529.893833,2519,30
2529.977683,1800,3
2530.392013,699,40
2530.525447,1779,227
2530.629627,2655,36
2531.13807,556,20
2531.677407,203,53
2531.72607,662,38
2532.476334,1929,11
2532.761581,4066,12
2532.978136,597,8
2533.142067,405,11
2533.514938,4921,735
2533.725195,392,7
2533.892892,556,10
2533.930923,209,43
2534.267061,1025,3
2534.388357,613,24
2534.796388,4183,3
2534.927905,640,46
2534.983447,337,80
2535.130051,1130,44
2535.14313,118,62
2535.180337,607,20
2535.633259,300,76
2535.637223,5500,16
2536.019406,2835,456
2536.141559,443,6
2537.148538,560,15
2537.237147,560,2
2537.399673,373,41
2537.531519,239,49
2537.980345,3234,134
2538.227166,113,41
2539.193925,544,15
2539.44028,2630,14
2539.48228,397,40
2539.720757,140,114
2540.224711,435,48
2540.227179,4978,259
2540.472077,105,47
2540.474226,595,72
2540.518829,2418,99
2540.876062,610,12
2540.89272,870,54
2541.725674,774,53
2541.774184,2470,201
2541.89693,1813,492
2542.474025,419,49
2543.37604,3528,3
2543.673679,527,51
2543.970116,2402,27
2544.986234,231,62
2545.01944,2574,346
2545.229716,574,15
2545.231452,2803,543
2545.231609,295,42
2545.374478,269,44
2545.382061,2077,21
2545.397683,289,65
2545.727941,1364,67
2545.978139,2641,9
2546.726505,476,60
2547.90202,1067,174
2548.74282,567,20
2548.91909,2840,457
2548.985584,4145,3
2549.517939,385,5
2549.763141,956,8
2550.423291,2048,3
2550.479835,552,19
2550.646645,1530,30
2550.918743,531,32
2550.981557,4151,59
2551.029967,560,19
2551.474669,1582,274
2551.515827,595,3
2551.669613,735,7
2551.672046,6836,3
2551.984054,1289,64
2552.011865,605,20
2552.173399,609,44
2552.218954,1561,3
2552.262611,3818,123
2552.395122,570,21
2552.47794,272,38
2552.925566,592,19
2552.938535,2806,231
2553.169827,5290,171
2553.243136,609,20
2553.513112,378,29
2553.675441,73,91
2554.151635,3692,360
2554.172505,1705,3
2554.425822,1983,105
2554.632962,1643,289
2555.262472,5520,560
2555.523303,405,47
2556.223938,1910,3
2556.630675,1878,3
2557.01677,1510,3
2557.388905,1120,241
2557.388956,1654,169
2557.722375,250,37
2557.771387,369,46
2557.883263,4421,315
2557.92283,801,342
2558.140599,2786,295
2558.228003,905,3
2558.38348,1708,59
2558.393825,1443,8
2558.725929,7991,379
2558.981045,1733,3
2559.231859,538,55
2559.637334,525,10
2559.767762,2053,3
2560.013508,390,48
2560.382286,628,21
2560.44595,895,3
2560.4913,3347,3
2560.889267,2945,7
2560.889774,492,46
2561.137823,564,27
2561.396152,1977,52
2561.478494,2903,79
2561.643382,601,18
2561.88975,968,62
2562.635991,2377,12
2562.926634,7441,23
2563.41954,564,27
2564.236359,540,57
2565.395304,1084,3
2565.764764,380,9
2566.221864,1883,311
2566.230317,1454,3
2566.260439,342,42
2566.42015,3625,52
2566.481828,554,20
2566.643299,1797,17
2566.761253,389,61
2566.884552,341,44
2566.890704,556,23
2567.400545,1546,3
2567.645972,369,6
2568.015447,808,8
2568.441426,1662,15
2569.973691,1123,62
2570.226093,1376,53
2570.262888,749,8
2570.418516,1616,8
2570.763961,742,30
2570.88546,601,43
2571.488545,2485,13
2571.49036,3855,27
2571.686904,4091,3
2571.982553,170,50
2572.197502,1539,416
2572.237172,524,72
2572.388294,295,11
2572.760606,353,50
2572.924926,4675,16
2573.151265,2001,315
2573.173344,313,65
2573.487568,164,46
2574.232882,2882,303
2574.400157,2662,696
2574.530716,477,36
2574.729245,1687,254
2575.154438,1697,354
2575.235867,6117,20
2575.635346,357,27
2575.731579,1386,3
2575.885048,4277,7
2576.131225,253,40
2576.4268,2430,306
2576.653508,482,65
2577.181478,556,13
2577.181677,396,10
2578.227098,560,24
2578.280943,548,17
2578.677679,1319,3
2578.723832,2096,28
2579.177146,5463,21
2579.5221,2931,340
2580.22453,554,20
2580.396351,512,53
2580.72977,1649,430
2581.381177,761,36
2581.403166,554,18
2581.473299,5321,3
2581.525321,428,82
2581.642164,599,17
2581.676838,603,27
2581.911413,309,5
2582.143131,493,12
2582.473023,640,16
2582.687738,1773,15
2582.717916,592,2
2582.971744,100,56
2583.025194,621,43
2583.67264,1542,3
2584.383762,2833,358
2585.641463,1908,285
2585.671211,464,57
2585.978172,1868,3
2586.143784,6311,20
2586.476024,2120,233
2586.973017,1780,21
2587.264346,1855,320
2587.389866,1189,3
2587.727143,245,51
2587.728278,4404,352
2587.88439,618,9
2587.975234,584,18
2588.146637,1378,3
2588.471891,411,47
2588.475817,636,3
2589.891638,2280,603
2590.012277,3524,303
2590.140509,597,36
2590.672169,88,41
2591.479362,2255,188
2591.638117,1719,12
2591.670604,3645,64
2591.731279,428,37
2592.396213,553,13
2592.47208,466,53
2593.670803,556,13
2593.919795,2494,248
2594.480862,5288,595
2595.168481,411,6
2595.435923,334,47
2595.43742,1293,18
2595.474136,556,22
2596.753129,2703,337
2596.876194,4161,52
2596.986779,209,137
2597.420045,2494,451
2597.53192,1800,13
2597.933885,2574,344
2598.144559,3076,32
2598.485087,383,48
2598.801265,3086,2
2599.386374,479,100
2600.009037,642,21
2600.23369,3022,397
2600.23826,1007,97
2600.634111,614,52
2600.928214,1876,3
2601.646454,1451,58
2601.978985,1472,3
2602.891574,2927,20
2602.89186,4989,125
2603.762458,3186,14
2603.923051,2565,157
2604.015191,558,22
2604.137442,348,5
2604.4799,2029,14
2605.031795,1177,8
2605.429486,598,22
2605.487713,498,12
2605.727275,6979,20
2605.926759,4778,605
2606.019946,419,46
2606.978146,339,59
2607.640693,388,64
2607.673481,594,25
2607.674606,601,17
2608.143026,156,43
2608.231431,406,45
2608.39434,1920,429
2608.445527,1832,21
2608.924557,1871,98
2609.276187,400,44
2609.744217,2911,73
2610.237586,4334,300
2611.020902,2370,248
2612.475681,548,19
2613.924842,1809,3
2613.983701,467,58
2614.147052,1170,74
2614.946671,554,20
2615.140828,384,150
2615.176355,2291,634
2615.393252,2573,96
2615.430479,110,46
2615.471974,1966,295
2615.64536,2236,12
2615.736507,2487,328
2615.891556,607,34
2616.139941,4351,79
2616.221583,361,76
2616.679631,2948,479
2617.63769,1573,3
2618.272457,556,24
2619.163246,553,46
2619.73964,1714,10
2619.983562,688,12
2620.150347,620,15
2621.379425,354,51
2621.689768,768,67
2622.147799,6776,20
2622.517052,1572,3
2623.126927,584,9
2623.220508,574,53
2624.675306,511,7
2624.678146,574,69
2625.231931,562,11
2625.276319,6006,18
2625.471992,1554,85
2625.631495,6163,20
2626.222184,1836,3
2626.42506,4115,91
2628.398886,554,22
2628.925835,446,51
2629.485016,1902,167
2629.486059,4832,3
2630.262337,688,53
2631.425101,813,3
2631.679113,2299,197
2631.974027,601,13
2633.010075,470,6
2633.895981,170,26
2636.175564,116,19
2636.394536,609,22
2637.132247,419,44
2637.14387,2289,272
2637.377901,6041,24
2637.628786,532,8
2638.429817,205,3
2638.492311,678,8
2638.680459,226,50
2639.129418,373,46
2639.233436,548,17
2639.729383,2364,364
2639.93501,235,76
2640.47606,550,18
2640.477635,81,50
2640.772186,343,7
2640.989388,1058,3
2641.9838,2239,372
2642.427584,2466,167
2642.725221,2386,255
2643.221462,2360,60
2643.722622,1105,104
2643.902339,2515,271
2644.476641,6221,20
2644.983676,2042,11
2645.142681,684,20
2645.751327,2549,193
2646.223035,377,49
2646.395312,4066,53
2646.424784,2643,129
2646.654858,2029,12
2646.683821,3356,392
2646.766398,4343,61
2646.898126,525,52
2647.016367,588,35
2648.226889,2937,844
2648.971773,1249,58
2648.974707,2002,16
2649.401035,584,56
2649.679386,125,51
2650.47888,3835,3
2650.677235,1966,226
2650.879951,489,30
2651.474883,1894,13
2651.897557,2239,10
2652.268705,1829,3
2652.396978,1708,10
2652.475409,1918,3
2652.51653,84,31
2652.647523,764,48
2652.648667,729,59
2653.144589,971,14
2653.173719,1492,13
2653.227066,195,52
2653.975831,302,45
2654.520985,666,36
2655.236856,389,41
2655.239699,2148,13
2655.269057,789,42
2655.672325,588,20
2656.174132,342,69
2657.664962,639,18
2657.895431,4506,49
2658.674575,425,6
2658.930089,605,20
2659.143291,2290,647
2659.431834,259,45
2659.649016,1790,44
2660.479328,2169,3
2661.262097,598,18
2661.972733,465,42
2662.017202,887,56
2662.93321,1627,16
2664.01423,1781,259
2664.386556,3657,257
2664.481437,2136,579
2664.66869,4073,51
2664.672596,303,47
2665.177821,2345,249
2665.474838,2154,458
2665.892032,240,57
2666.740869,605,20
2666.983296,554,20
2667.02037,548,17
2667.226183,1474,3
2667.478683,1544,3
2668.232634,1236,3
2668.23319,583,70
2668.264052,592,14
2668.519375,3578,738
2669.946518,5717,246
2670.225085,628,7
2671.384649,588,22
2671.884454,2350,186
2672.061931,601,19
2672.238802,255,33
2672.512083,396,40
2672.761937,461,67
2673.239124,6520,3
2673.676203,153,50
2674.38511,4837,20
2674.422914,373,53
2674.541388,2902,374
2674.683411,205,58
2674.722454,564,25
2674.931051,298,7
2675.184678,2389,313
2675.386023,5762,20
2675.486889,1941,308
2675.958702,519,6
2676.01237,363,8
2676.179018,149,42
2677.261912,1890,390
2677.669717,189,45
2677.897447,624,36
2678.462958,851,11
2678.474239,827,167
2678.474289,507,7
2678.640956,2842,376
2678.670258,1519,14
2679.135313,2518,15
2679.63534,2440,16
2679.897595,194,14
2680.168962,544,15
2680.273807,2414,218
2680.62879,222,135
2680.670217,562,24
2681.649415,4055,13
2681.735567,1692,10
2682.40113,489,43
2682.479609,548,16
2682.972015,482,50
2683.174727,1490,11
2683.271919,1636,3
2684.146723,245,53
2684.926145,3656,20
2685.178287,4677,3
2685.449109,384,59
2686.128744,558,22
2686.674577,1416,3
2686.876774,3005,404
2687.127059,3972,270
2687.479755,1877,10
2687.876056,2028,12
2688.012424,2733,44
2688.16842,485,188
2688.918417,161,34
2689.219838,106,48
2689.525088,281,45
2689.626542,7389,638
2689.626666,6624,20
2689.874541,589,61
2690.133692,552,20
2690.220538,554,20
2690.401876,351,48
2690.879483,5113,19
2691.149459,7182,17
2691.152431,588,37
2691.1526,735,39
2691.222057,568,27
2691.651674,271,41
2691.929877,2753,246
2692.489328,1777,12
2692.489504,560,15
2692.672106,2097,3
2692.726462,603,26
2692.98373,1552,3
2693.128602,554,20
2693.630787,570,33
2693.646371,1225,54
2693.896986,1828,34
2694.225169,2291,3
2694.883463,6379,18
2695.425826,836,39
2695.426341,4745,3
2696.225854,2163,192
2697.171692,599,17
2697.228387,4668,351
2698.095135,345,55
2698.168503,788,22
2698.475595,340,45
2699.035008,2488,16
2699.481234,3111,16
2700.226854,702,48
2700.739449,704,3
2700.875469,2263,319
2701.045875,190,35
2701.156937,2193,340
2701.240189,4353,10
2701.37423,250,48
2701.639493,356,54
2701.733751,550,12
2701.785635,2399,189
2701.880157,529,68
2701.894254,1453,32
2701.980373,5062,17
2702.490126,2860,344
2702.746643,98,60
2704.164125,1915,11
2704.738215,1814,12
2705.888801,130,43
2707.230722,567,152
2707.482765,1930,321
2708.142152,254,19
2708.375411,6492,19
2708.523655,3161,262
2708.978564,2464,371
2709.739604,383,45
2709.74368,1512,10
2709.743812,2291,241
2710.155372,5466,20
2710.393435,403,46
2710.628453,2051,195
2711.173951,469,7
2711.652635,381,44
2711.669507,426,47
2711.975823,556,21
2712.261392,554,23
2712.974553,157,44
2712.976081,2711,172
2713.230721,528,9
2713.261595,558,22
2713.478675,335,51
2713.972773,1279,37
2714.222319,2054,3
2714.419301,702,85
2714.42073,623,8
2714.976657,2525,155
2716.130449,627,26
2716.172587,3792,239
2716.89991,592,24
2717.47368,2299,3
2717.669052,2720,12
2718.226025,550,11
2718.774866,674,63
2719.168737,572,28
2719.22081,5490,273
2719.253884,210,71
2719.286121,625,57
2719.988065,928,35
2720.398536,172,46
2720.4828,2337,50
2721.022708,2056,10
2721.725458,2647,16
2722.478946,2299,173
2723.172802,2805,231
2723.377535,217,19
2723.392861,1740,3
2725.27453,2492,10
2725.391075,572,24
2725.519351,1365,298
2725.92213,3844,62
2726.418446,613,26
2726.418992,408,130
2726.421439,1214,3
2726.422377,5814,21
2726.479276,1682,421
2727.276301,2322,149
2727.770602,5508,29
2728.520679,1841,160
2728.725529,2045,210
2728.740454,230,43
2728.947664,548,17
2729.133946,2928,282
2729.276883,1282,2
2729.423266,218,38
2729.489733,911,75
2729.673133,1843,146
2729.748323,428,46
2729.898208,2739,113
2730.269279,569,59
2730.398539,1728,13
2730.899634,670,3
2731.269091,562,26
2731.409224,1813,11
2731.472991,570,30
2732.149591,1183,13
2732.881815,453,77
2734.13397,3296,23
2734.134963,570,21
2734.393773,2334,394
2734.925923,546,16
2735.175769,1928,323
2735.375617,7601,20
2735.790479,1403,190
2735.796342,1362,130
2735.90312,3161,18
2736.127429,588,12
2736.518396,1530,3
2736.7655,401,49
2736.767763,1658,17
2736.902042,4846,519
2737.720433,577,57
2737.775967,734,10
2737.929874,282,56
2738.016163,693,58
2738.485511,337,103
2738.489188,1834,3
2738.645424,91,36
2739.382164,552,19
2739.723193,423,38
2739.73736,1463,3
2740.301506,556,21
2740.477727,303,8
2740.725951,586,20
2740.729406,1234,192
2740.730861,2293,135
2741.476311,2977,12
2741.481359,430,7
2741.482819,458,11
2741.678413,2614,7
2741.894782,552,19
2741.979071,1724,9
2742.149208,1507,16
2742.409867,3014,369
2742.726003,111,52
2743.014504,302,56
2743.925208,2036,3
2744.259979,536,8
2744.397295,1977,3
2744.479392,1727,17
2744.726169,6095,20
2744.883793,383,6
2745.52103,248,46
2745.524042,902,103
2745.635743,2241,3
2745.636112,4779,340
2745.778096,2296,20
2746.169749,584,36
2746.376592,240,59
2746.655452,1996,627
2746.975183,1948,3
2747.01923,3115,3
2747.477151,3962,24
2747.653051,358,69
2747.930157,2039,10
2748.177019,550,18
2748.177189,148,40
2748.180447,2085,12
2748.42424,4540,45
2748.662268,1771,93
2748.97523,1909,3
2749.161131,1929,311
2749.412443,1081,8
2749.73117,384,62
2750.219724,242,56
2750.769342,2758,72
2750.769456,1679,9
2750.980961,605,20
2751.401542,2632,16
2751.485615,1692,8
2751.643898,5913,16
2751.891564,2171,109
2752.130372,546,45
2752.173551,2735,168
2752.280904,938,218
2752.931623,1997,10
2753.144187,815,122
2753.483265,169,55
2753.519439,2008,148
2753.526864,1771,3
2754.016876,1326,3
2754.306023,2390,177
2754.325015,1571,292
2754.638228,378,10
2754.679685,3220,14
2754.976948,1751,3
2755.022313,2698,161
2755.172449,3106,398
2755.39441,323,42
2755.42797,588,20
2755.480032,6559,20
2755.702442,1882,3
2755.765786,548,17
2755.898125,2623,263
2756.036989,560,23
2756.126562,3557,663
2756.277276,1451,315
2756.277664,5748,20
2756.486923,3054,299
2757.176765,2294,264
2757.225644,269,4
2757.73806,530,13
2757.924418,550,48
2757.97383,594,48
2758.231135,447,13
2758.43247,1172,3
2758.55908,1506,3
2758.765754,313,148
2758.766088,500,11
2759.13039,4733,8
2759.131507,2863,223
2759.649793,417,5
2759.674806,1608,3
2759.730991,920,3
2759.777164,1767,3
2759.8823,2946,435
2759.97403,2283,3
2760.175868,1707,11
2760.983135,819,35
2760.983351,552,11
2761.233473,554,19
2761.412551,544,15
2761.43211,1766,177
2761.530252,1409,14
2761.658619,208,3
2761.894585,7494,19
2762.026524,2410,14
2763.148745,1811,431
2763.40509,2637,341
2764.134182,552,19
2764.268007,1728,3
2764.486206,2282,17
2764.901299,929,75
2765.677642,1088,49
2766.262832,1769,3
2768.225061,2736,288
2768.638818,359,9
2768.640555,2547,605
2768.898349,560,23
2769.017173,369,50
2769.393668,2979,325
2770.143296,1923,220
2770.644399,413,83
2771.183104,437,7
2771.269868,4399,116
2771.632283,550,21
2771.923976,1218,12
2771.924342,607,21
2772.011317,2501,581
2772.511999,381,50
2773.172763,645,21
2773.48381,444,9
2773.73185,622,30
2773.92359,4071,20
2773.923818,452,58
2773.988095,1451,3
2774.638801,554,20
2775.236262,591,14
2775.241429,467,8
2775.39668,2267,42
2775.397117,2316,208
2775.724757,1852,186
2776.232236,145,54
2777.375614,588,20
2777.481177,2827,251
2777.51476,4581,28
2777.972821,556,21
2778.125865,3770,471
2778.128455,507,50
2778.176721,2217,209
2778.380957,1305,26
2779.229486,564,17
2779.229755,717,60
2779.92427,532,8
2780.230223,335,47
2780.750394,1466,352
2781.266968,2083,360
2781.677231,2400,10
2782.409672,2824,20
2782.410635,1003,54
2782.432022,325,38
2782.649823,1633,313
2782.765709,1684,10
2782.87762,502,38
2782.924523,584,10
2783.73247,1184,3
2784.404062,586,19
2785.234449,1310,3
2785.751437,3759,338
2786.237265,1704,3
2786.918471,739,51
2787.668108,1498,58
2788.144852,2210,616
2788.419703,548,60
2788.434133,5143,756
2788.510497,611,22
2788.761149,199,47
2789.419401,3365,74
2789.98969,1831,28
2790.633261,3955,207
2790.88657,556,21
2790.886875,592,22
2790.983857,359,46
2791.42486,603,19
2792.474059,1301,84
2792.478665,243,58
2792.669116,699,30
2792.88181,556,11
2792.896955,739,26
2793.422798,371,51
2793.430844,788,41
2793.65664,580,34
2793.759067,556,18
2793.969082,1197,18
2794.260176,316,8
2794.632063,1728,3
2794.633605,2469,18
2794.668464,772,2
2794.980102,560,21
2795.72077,871,18
2795.731625,6536,22
2796.156894,305,125
2796.171701,2211,253
2796.420328,1519,221
2796.476784,441,32
2796.649603,1715,3
2796.879525,2760,115
2797.49043,373,35
2797.49074,1661,411
2797.647919,483,6
2797.672823,2179,3
2797.71956,2396,19
2797.920707,2898,248
2798.022433,1895,15
2798.232262,558,22
2798.400796,1988,94
2798.420292,605,20
2799.668728,129,46
2800.377224,1393,11
2800.728829,2368,415
2800.736118,2726,770
2801.023847,1772,9
2802.175287,263,51
2802.225785,306,47
2802.235198,574,33
2802.682358,438,7
2802.736092,2063,3
2802.879148,558,22
2802.988225,1674,174
2803.224431,396,8
2803.884102,566,49
2804.243028,3712,3
2804.518477,2109,228
2805.239303,128,96
2805.66898,550,18
2805.983498,228,3
2806.401593,2924,108
2806.486919,4638,3
2806.661292,689,98
2806.672536,1667,17
2806.728376,518,12
2806.732626,625,28
2807.15416,340,71
2807.232765,304,75
2807.270605,4395,44
2807.386309,3034,14
2807.635629,554,20
2807.758182,558,22
2807.769687,1800,503
2807.770595,479,5
2807.918695,1959,13
2808.169946,2816,15
2808.431245,321,58
2808.431579,586,36
2808.877409,5047,465
2808.877822,611,25
2809.13051,523,61
2809.2792,1595,3
2809.384322,247,129
2809.393092,1651,13
2810.431086,3446,360
2811.385205,4745,313
2811.429669,3616,3
2811.480885,480,78
2813.683192,2111,326
2813.726417,481,46
2813.732171,1972,445
2814.016106,476,82
2814.228934,1344,3
2814.3897,2425,13
2814.643353,548,17
2814.686647,1091,11
2814.928727,1708,37
2815.634135,2216,93
2815.884446,293,51
2815.981954,637,16
2816.178934,5093,3
2816.393742,3068,58
2816.486925,325,60
2816.982959,2582,343
2817.393817,179,41
2817.921614,402,90
2817.986737,269,60
2818.021625,6125,403
2818.022966,324,43
2818.220554,2038,14
2818.978492,599,14
2819.989213,3067,13
2820.228835,529,64
2820.380051,1566,6
2820.480856,524,8
2820.773812,2036,317
2820.774104,1335,27
2820.920161,522,38
2820.966398,2302,3
2821.131305,554,21
2821.146114,2078,54
2821.220133,586,20
2821.479121,2020,472
2821.873795,2627,175
2821.973354,609,20
2822.223182,882,85
2822.223462,2192,469
2822.406763,2089,322
2822.408512,1961,287
2822.629475,332,53
2822.877963,376,57
2823.631581,2408,470
2823.645751,1677,57
2824.157509,572,29
2824.744095,356,12
2825.479463,4072,357
2825.526175,1109,861
2825.642305,309,70
2825.87467,1684,223
2826.426863,1455,3
2826.923722,439,6
2827.218466,1701,3
2827.626146,7188,10
2827.918428,460,46
2828.14538,302,50
2828.182665,5197,3
2828.394947,2153,498
2828.471144,396,54
2829.378741,333,54
2829.474317,2797,641
2829.514129,3722,913
2829.515688,1501,3
2830.130878,613,25
2830.896273,2785,3
2830.920485,567,6
2832.151004,132,54
2832.229578,1381,11
2832.47657,1686,10
2832.763384,686,7
2832.766741,352,6
2833.226243,1794,114
2833.395656,622,42
2833.639832,1929,3
2834.126372,474,62
2834.126951,470,5
2834.127383,2419,12
2834.129602,2304,98
2834.129743,280,9
2834.176567,1661,11
2834.920758,1058,3
2835.017984,5775,37
2835.170335,4679,8
2836.718559,247,5
2836.719191,256,160
2837.178358,2453,128
2837.267807,5858,436
2837.382258,464,49
2837.430498,7094,3
2837.889998,345,10
2838.424176,2827,445
2838.424558,493,106
2838.426863,2736,43
2838.479119,2633,199
2838.926595,103,40
2839.222762,338,37
2839.492559,448,47
2839.988936,493,45
2840.484135,1831,11
2840.890213,3825,290
2841.129643,3103,275
2841.175895,548,5
2841.381807,601,18
2841.65177,3467,423
2841.886063,556,20
2841.982851,592,22
2842.265725,6312,22
2842.380594,601,13
2842.72585,447,42
2842.728888,515,50
2843.48388,603,19
2843.520579,598,13
2843.635814,208,47
2843.68128,707,20
2843.68433,2721,510
2843.923972,1530,267
2843.980094,606,16
2844.413242,497,44
2844.475698,592,8
2844.928493,584,10
2844.984351,3103,268
2845.23031,4414,49
2845.233086,3017,707
2845.477031,554,21
2845.958475,3209,371
2845.98035,6750,20
2846.133074,609,18
2846.233309,1063,90
2846.385694,1821,51
2846.480087,1840,3
2846.530777,4778,93
2846.676935,1381,40
2846.987484,158,43
2847.881691,6307,74
2848.234529,1685,3
2848.420155,598,24
2848.483991,560,23
2848.633766,2034,14
2848.636054,602,24
2848.726881,1919,398
2848.749942,629,13
2848.761893,393,95
2849.232566,799,16
2849.423571,564,22
2849.480905,598,27
2849.526475,363,52
2849.922664,416,13
2850.483402,3614,13
2851.229684,3548,922
2851.233719,2204,229
2851.529086,652,35
2851.624612,345,5
2851.641494,558,24
2851.89312,3312,3
2852.223411,126,48
2852.378823,2743,470
2852.772147,2306,3
2852.894438,592,20
2853.140309,550,18
2853.230278,91,36
2853.40276,2575,421
2853.770293,1909,3
2853.770465,1528,3
2854.979334,432,7
2855.231922,1392,106
2855.243483,624,121
2855.731961,3905,875
2856.421199,605,18
2856.481619,161,36
2856.673315,258,63
2856.921725,558,59
2857.420918,871,66
2857.515039,625,27
2858.404913,321,34
2858.530108,554,22
2858.63982,548,17
2859.172855,3358,750
2859.970908,412,58
2860.479318,352,39
2860.726294,558,14
2861.174521,1180,34
2861.174538,1085,101
2861.374547,2284,42
2861.482027,2138,85
2861.625199,1737,3
2861.926645,2044,498
2861.975558,6080,20
2862.171862,590,39
2862.244977,1090,3
2862.496294,1591,15
2862.729689,5554,20
2862.918234,1393,99
2862.918974,482,49
2864.983013,3634,529
2865.483302,556,13
2866.262631,283,14
2867.418298,1971,219
2867.422059,398,53
2867.976598,590,13
2868.235366,199,49
2868.430769,2206,481
2868.723091,224,56
2869.013798,1744,243
2869.149105,197,45
2869.149621,613,24
2869.493365,421,54
2870.475891,231,117
2870.513769,1962,633
2870.976816,1835,11
2871.016106,380,4
2871.145619,411,57
2871.886217,5501,10
2871.973284,596,31
2872.041132,5152,19
2872.153387,505,49
2872.890112,2032,131
2873.261236,1875,32
2873.392916,1800,3
2873.482664,1656,3
2874.261232,1653,16
2875.479518,368,7
2875.669161,632,3
2875.979673,2689,3
2876.132628,446,9
2876.436328,116,38
2876.480681,289,47
2876.761599,1755,21
2876.974215,558,22
2877.260883,2587,32
2877.432669,296,300
2877.628014,469,10
2877.638766,554,20
2877.729109,2661,333
2878.424793,3741,98
2878.478096,582,14
2878.481139,556,26
2878.484958,406,55
2879.028922,2318,141
2879.513527,1124,9
2879.731671,7249,109
2880.010663,2376,275
2880.01111,1784,9
2880.013045,922,48
2881.475383,2316,165
2882.21795,1451,47
2882.237866,204,48
2882.512748,4277,230
2882.721639,1107,13
2883.176561,2020,10
2883.391408,576,33
2884.009565,572,51
2884.476913,1804,3
2884.693982,2896,193
2884.765088,1180,6
2885.180009,622,54
2885.228873,404,12
2885.229164,222,63
2885.64057,552,21
2885.720249,3335,478
2885.754014,1957,3
2886.147922,600,23
2886.180342,1507,3
2886.472178,388,52
2886.475682,3401,13
2886.636496,1533,12
2886.638254,634,35
2886.926855,3092,30
2886.929829,2692,14
2887.153242,3323,134
2887.522567,556,21
2887.720755,2165,16
2887.941082,2410,106
2888.178408,553,50
2888.379778,609,22
2888.643724,598,27
2889.387073,1384,3
2889.42785,333,48
2889.429544,3307,483
2889.646137,414,65
2889.717937,2113,185
2889.891893,1157,241
2890.471461,542,14
2890.512294,810,46
2890.673947,572,31
2890.674056,562,24
2891.26613,4141,735
2891.376499,2035,192
2891.427944,913,86
2891.625755,7055,22
2891.97272,1973,14
2892.627753,711,44
2892.653214,184,126
2892.923473,2648,3
2893.224632,254,64
2893.642123,394,36
2893.92733,6152,161
2894.144227,405,42
2894.146495,158,92
2894.389058,598,19
2894.477411,552,19
2894.51737,2159,412
2895.224136,7336,20
2895.267847,2300,350
2895.483364,2491,295
2895.513452,652,20
2895.890234,574,58
2896.267134,1258,49
2896.425442,2355,115
2896.47438,1734,20
2896.476621,1593,17
2896.513999,4159,724
2897.473989,415,37
2897.519563,1855,10
2897.676766,2844,510
2897.721853,767,5
2897.884208,1015,3
2898.137766,4281,12
2898.221828,219,8
2899.651895,729,66
2899.765256,143,56
2900.142553,398,45
2900.727655,3112,428
2901.228756,554,20
2901.478205,587,19
2901.519801,4137,72
2902.22648,167,46
2902.731813,320,10
2903.182552,609,32
2903.382408,3472,307
2903.4278,548,17
2903.524695,2008,3
2904.390204,598,27
2904.477148,558,22
2904.487259,4133,446
2904.525895,2933,269
2904.922196,3471,43
2905.172278,366,57
2905.478418,1533,3
2905.982941,7500,32
2906.136618,3160,429
2906.634225,289,45
2906.641209,1757,12
2907.426516,442,78
2907.631349,7398,18
2907.674792,599,11
2907.896098,348,56
2907.896493,2017,3
2907.900266,288,53
2907.928969,55,35
2908.172693,4499,604
2908.386128,1652,3
2908.430199,7669,20
2909.224538,2529,389
2909.230856,225,52
2909.230966,1685,3
2909.478799,361,49
2909.479109,617,44
2910.267282,141,27
2910.269236,1487,3
2910.395315,160,41
2910.640491,2949,326
2910.874662,346,52
2911.143478,2338,23
2911.37862,2665,212
2911.627536,1674,65
2911.771098,4407,131
2912.127508,1640,3
2912.392753,2724,94
2912.424758,1145,17
2912.674331,1124,10
2912.876187,2502,317
2913.021045,1113,8
2913.222826,1278,59
2913.420158,548,17
2913.481299,2221,486
2913.972098,2047,407
2914.628018,5199,20
2914.978604,4906,394
2915.143455,609,36
2915.231513,151,42
2915.736335,329,39
2915.87522,2593,272
2916.22268,568,22
2916.970405,1593,248
2917.677066,56,57
2917.974182,2214,11
2918.92495,594,24
2919.219357,1706,11
2919.238,1479,3
2919.887873,2396,129
2919.902146,2753,45
2920.242188,3509,45
2920.430686,2994,13
2920.904256,1805,39
2921.181885,747,30
2921.408534,1061,139
2921.482166,1126,3
2921.484719,2414,3
2921.730576,2875,17
2922.009895,3043,563
2922.133431,2418,159
2922.927515,593,19
2922.979138,715,46
2923.675732,1659,235
2923.675782,164,19
2924.526946,7398,23
2924.533831,1472,3
2924.885649,3069,436
2925.022697,6271,20
2925.226241,380,6
2925.382535,1198,3
2925.383199,1939,3
2925.657509,550,18
2925.721803,594,21
2926.269964,617,20
2926.883345,2594,323
2927.922714,6585,18
2927.923302,556,19
2928.22542,1628,3
2928.426457,2662,470
2929.428143,761,3
2929.480403,319,143
2929.726536,552,22
2930.230926,410,12
2930.684671,3094,322
2930.904476,568,24
2930.904645,2680,298
2931.142605,6170,20
2931.180251,952,20
2931.227021,2211,3
2931.475788,2725,412
2931.627596,558,24
2931.732205,1244,23
2931.778201,230,54
2931.896406,250,62
2931.980293,420,44
2932.158037,260,45
2932.173313,554,12
2932.76701,1893,3
2932.76745,548,9
2932.876079,554,20
2932.927773,5418,386
2933.184638,3103,299
2933.979099,221,46
2934.227315,764,16
2934.227482,938,13
2934.765622,1936,63
2934.918822,1890,13
2935.168942,595,8
2935.16932,1938,376
2936.131357,2132,3
2936.228299,338,48
2936.393345,52,61
2936.394003,724,19
2936.429824,107,51
2936.433796,2051,320
2936.48272,584,18
2936.482879,4358,8
2936.727678,584,20
2936.926749,627,28
2936.975049,235,45
2937.518203,5798,20
2938.400061,1787,15
2938.477302,3007,350
2939.139036,666,68
2939.149505,380,12
2939.631558,2277,417
2939.675564,560,22
2939.762183,1022,340
2940.176776,467,39
2940.225553,202,62
2940.65088,540,56
2940.725197,343,55
2940.763314,619,19
2940.882772,2295,424
2940.898248,308,51
2941.467268,3267,456
2941.634908,1955,3
2941.652239,143,98
2941.720658,643,41
2941.923395,3116,66
2941.969231,224,52
2941.971675,1752,3
2942.015942,580,16
2942.264332,1503,51
2942.515102,556,23
2942.67635,1249,3
2942.883622,619,29
2943.011248,438,145
2943.145987,225,4
2943.469046,2445,16
2943.723382,1290,3
2943.76149,1984,3
2943.889647,6271,15
2944.133262,584,10
2944.14171,582,17
2944.396833,2603,3
2944.894452,749,45
2944.984348,1707,3
2945.722981,556,21
2945.87882,687,7
2945.921479,2293,95
2946.265444,2499,366
2946.633281,2974,3
2947.38339,601,18
2947.387847,2077,184
2948.402851,1641,3
2948.986324,552,11
2949.898673,1498,3
2950.168616,562,19
2950.387267,2886,205
2950.887098,3128,98
2950.972353,1617,3
2950.980034,4432,57
2951.132974,2032,316
2951.269452,549,17
2951.472198,554,20
2951.487835,783,10
2951.655492,3113,13
2952.020214,1591,3
2952.419358,503,5
2952.474052,697,24
2952.526502,4731,736
2952.736547,2606,326
2953.164133,1651,3
2953.40367,3376,16
2954.011315,615,8
2954.40647,1895,3
2954.473059,313,10
2954.48242,1469,589
2955.141067,1865,213
2955.177912,3186,322
2955.282351,3712,3
2955.389083,549,9
2955.425407,1891,305
2955.719998,2415,219
2956.473653,1685,69
2957.421445,459,43
2957.625442,840,31
2958.261496,339,29
2958.668965,279,34
2959.48723,582,17
2959.628475,1453,45
2959.907697,554,20
2959.996871,2091,11
2960.125227,588,28
2960.249822,468,25
2960.383106,596,10
2960.477495,2103,312
2961.669255,1173,123
2961.927103,4393,3
2962.237784,556,21
2962.51778,381,14
2963.128683,588,20
2963.14787,2036,11
2963.233788,352,48
2963.413567,1480,3
2963.668333,3869,32
2964.475747,1929,3
2964.639562,517,51
2964.761465,613,24
2964.763671,634,3
2964.978992,4276,3
2964.985445,550,18
2965.225771,418,55
2965.272853,728,74
2965.712589,2857,281
2965.728874,566,26
2966.130868,6943,28
2966.430752,550,19
2966.473108,347,47
2966.474512,1697,15
2966.513107,3351,22
2966.977122,2168,149
2967.263028,3184,333
2967.887963,632,10
2968.660158,3722,3
2968.764348,2421,8
2969.239756,552,11
2969.515847,239,51
2969.653221,447,71
2970.200712,2043,588
2970.226919,1749,115
2970.232083,418,245
2970.919371,582,34
2971.14085,2923,339
2971.170226,552,19
2971.262639,589,19
2971.977232,611,24
2971.978968,584,18
2972.176589,1661,313
2972.261192,2405,3
2972.419706,1552,11
2972.724571,519,70
2972.884602,634,31
2972.971748,3189,3
2973.218736,6540,20
2973.234993,1453,12
2973.438397,1511,64
2973.636383,448,8
2973.731898,1074,3
2973.974512,2868,284
2974.265239,625,24
2974.38365,584,19
2974.484597,164,45
2975.183441,298,45
2975.408665,1177,19
2975.632825,340,49
2975.926795,687,13
2975.970486,3263,8
2976.130956,2991,345
2976.222821,2518,400
2976.978763,332,60
2977.222648,554,20
2977.494112,2211,265
2978.47862,279,35
2978.488301,1982,3
2979.264258,5394,484
2979.517402,605,20
2979.520121,2171,229
2979.65238,1753,95
2980.229461,590,19
2980.988692,648,15
2981.155458,2702,11
2981.224852,1760,218
2981.420293,2746,21
2981.73467,640,79
2982.230556,2636,17
2982.230979,544,15
2982.489318,158,37
2982.489756,1770,187
2982.518728,608,25
2982.726406,318,41
2982.883605,262,50
2983.001504,561,110
2983.891513,627,77
2984.427075,546,16
2984.469563,629,81
2985.234735,548,9
2985.378693,3160,472
2985.786537,1756,408
2985.787493,548,17
2986.125175,216,44
2986.398543,1748,46
2986.643313,572,21
2986.719544,554,20
2986.769483,4108,184
2986.875018,2152,9
2986.97362,556,19
2987.129611,468,8
2987.26685,5400,322
2987.512291,7281,692
2987.516982,558,22
2987.875811,558,24
2988.126528,1681,3
2988.455697,1523,245
2988.471137,172,115
2988.730061,2838,396
2988.884762,603,20
2988.977879,2464,18
2989.16852,726,8
2989.270919,456,44
2990.228938,571,26
2990.229988,482,39
2990.406054,324,46
2990.971234,3660,636
2990.986142,657,14
2991.018677,1766,3
2991.218558,120,19
2991.396448,570,47
2991.641453,3620,856
2991.643363,548,18
2991.739246,1788,8
2991.740698,584,18
2991.762493,469,120
2992.134317,3182,284
2992.139846,554,20
2992.375592,1795,10
2992.730049,654,53
2992.895609,2392,471
2993.138942,186,43
2993.475729,548,17
2993.482398,202,52
2994.227098,544,15
2994.398112,2141,438
2994.422107,367,11
2994.625504,717,8
2994.88954,5885,20
2995.011229,661,8
2995.378928,553,7
2995.640424,2789,439
2995.970906,85,41
2996.223543,1764,11
2996.661642,3151,242
2996.978241,5790,11
2997.22183,3057,119
2997.236484,1788,315
2997.376469,578,32
2997.390589,3415,345
2997.87617,1792,74
2997.890412,596,22
2997.971016,343,3
2997.973908,560,14
2998.231871,2877,3
2998.436801,448,8
2998.480206,1801,63
2998.489354,629,30
2998.64144,720,21
2998.726354,554,20
2998.762372,327,19
2999.015766,2353,37
2999.146242,1935,13
2999.426412,457,57
2999.428531,735,36
2999.477935,724,90
2999.514515,753,16
2999.926135,1822,3
3000.011405,324,49
3001.005665,2927,345
3001.221053,1754,3
3001.221222,592,24
3001.261335,560,15
3001.430591,2451,10
3001.515221,3834,286
3002.141543,2685,19
3002.14794,1523,3
3002.181548,5267,20
3002.472432,1249,9
3002.638767,750,50
3003.012493,2175,356
3003.726969,1645,3
3004.018372,609,21
3004.672729,2387,124
3004.927523,2321,11
3005.875414,1397,29
3006.687214,2256,290
3006.720996,558,18
3006.721688,3570,84
3006.761209,317,37
3006.877725,198,45
3007.390476,598,17
3007.771381,644,9
3007.89222,639,71
3007.892417,6697,20
3008.918893,4360,19
3008.976448,1745,3
3008.976736,1772,348
3009.172323,597,16
3009.228984,1733,3
3009.231832,816,69
3009.668861,269,8
3009.670997,1199,18
3009.729141,2657,451
3009.971217,1735,496
3010.224547,1200,16
3010.419703,142,58
3010.421601,602,23
3010.644255,594,65
3010.728063,566,3
3010.879028,1278,10
3011.224275,554,21
3011.662574,521,88
3012.473163,552,19
3012.776621,339,9
3013.227927,2931,261
3013.483218,1118,168
3013.665516,351,54
3013.66669,313,56
3013.992155,190,34
3014.12875,56,47
3014.65089,431,50
3014.769133,731,47
3015.224681,815,11
3015.378419,577,29
3015.647883,1849,215
3015.91936,462,51
3016.140809,3485,8
3017.176603,113,73
3017.468275,1376,50
3017.736466,560,23
3017.97515,3539,3
3018.381519,1803,3
3018.72911,2006,11
3019.278597,5240,20
3019.423452,1591,10
3019.485593,556,11
3019.63202,2556,3
3019.981447,353,58
3021.033051,4987,3
3021.638486,872,97
3022.157244,306,68
3022.771564,2127,15
3023.013684,326,42
3023.632923,55,40
3023.888218,1412,19
3023.924007,546,16
3024.183495,327,6
3024.48214,1739,3
3024.762052,586,19
3025.138263,2275,105
3025.26225,683,12
3025.392797,586,11
3025.639363,1698,3
3025.727399,2609,176
3025.763941,2891,150
3025.978349,193,52
3025.994268,6071,3
3026.234478,3349,16
3026.981614,1911,184
3027.025509,604,19
3027.231918,236,16
3027.732665,2549,54
3028.174056,185,152
3028.177779,554,21
3028.48472,478,7
3028.762477,2058,349
3028.994452,560,25
3029.139664,2123,378
3029.382888,967,47
3029.761123,385,5
3030.625159,6,20
3030.721794,1736,3
3030.883179,1991,55
3030.982955,1902,41
3031.231064,399,6
3031.374781,1826,12
3031.475887,358,36
3031.88668,217,52
3031.973619,897,42
3032.377296,272,125
3032.674502,2326,194
3032.676238,1090,3
3032.721484,550,8
3032.722082,548,16
3032.983232,3365,636
3033.16977,3380,438
3033.396695,4432,42
3033.627432,554,20
3034.138832,2332,36
3034.223621,130,81
3034.263289,4184,41
3034.374159,3855,82
3034.390911,2111,140
3034.428913,3170,352
3034.432172,554,12
3034.722729,2240,523
3034.722964,1404,10
3035.12841,4537,424
3035.424333,605,20
3035.894416,426,9
3036.261478,2731,655
3036.388969,2010,162
3036.888247,2026,3
3037.140355,4614,3
3037.475154,5979,16
3037.639471,205,39
3037.766442,1092,44
3037.768402,558,23
3037.927574,6329,20
3037.970873,2891,515
3038.132389,294,56
3038.229213,2152,31
3038.385956,192,34
3038.40754,599,17
3038.71848,147,51
3038.979407,469,16
3039.019958,603,16
3039.385824,307,39
3039.41146,648,61
3039.420731,1850,3
3039.677403,548,17
3039.727601,249,59
3039.888712,222,38
3039.910817,953,16
3039.910997,5413,1023
3040.474103,849,23
3040.477063,237,53
3040.523393,2185,291
3040.733969,789,92
3040.889002,425,44
3040.90316,553,18
3040.972007,327,148
3041.019387,4120,36
3041.226423,1767,3
3041.479232,214,7
3041.692351,474,45
3042.175843,1752,3
3042.520688,2772,295
3042.522086,930,8
3042.729964,871,84
3042.766954,363,10
3042.882431,4479,46
3042.984482,603,8
3043.133734,727,46
3043.276621,1400,332
3043.396795,1662,168
3043.396917,3754,42
3043.426263,169,43
3043.774667,1799,3
3044.01565,324,11
3044.657172,560,23
3044.662725,2045,160
3044.678028,7230,23
3044.977346,147,45
3044.977456,556,21
3045.02971,376,47
3045.177398,558,14
3045.481458,552,21
3045.654145,2785,192
3045.894691,528,48
3046.232382,212,52
3046.520647,620,34
3046.759234,2007,120
3046.980798,7085,47
3047.899452,1683,232
3047.902377,254,7
3047.97336,1876,11
3048.237149,360,75
3048.379495,556,21
3049.129504,538,11
3049.441135,552,19
3049.506586,2592,256
3049.632085,748,33
3049.678308,208,47
3049.925463,4162,25
3050.154688,1022,67
3050.2352,5264,385
3050.47083,2190,156
3050.626955,1962,39
3050.721381,1701,12
3050.770951,208,69
3050.938476,553,42
3051.129774,520,54
3051.268177,574,9
3051.377393,1756,11
3051.768921,880,29
3051.975074,1377,46
3052.518259,130,52
3052.77286,2542,3
3053.017164,3046,81
3053.393123,7411,24
3053.517638,2384,259
3053.625827,2020,16
3053.91886,4383,52
3053.919589,3068,8
3054.393009,489,43
3054.669321,550,20
3054.6729,620,23
3055.225007,2752,138
3055.471022,810,59
3055.642437,586,18
3055.642645,608,67
3055.729118,2374,350
3056.425223,765,25
3056.931389,2669,273
3057.124065,565,11
3057.221236,7805,461
3057.22131,852,138
3058.397411,718,35
3058.426448,561,48
3058.895401,383,38
3059.139716,336,49
3059.235026,1331,234
3059.388718,665,73
3059.513326,2071,3
3059.644424,2388,201
3059.675053,1890,236
3059.975618,1645,159
3060.426803,553,42
3060.68808,2434,288
3061.132845,1989,123
3062.477224,1811,11
3062.641106,609,10
3062.675146,2810,417
3062.927622,230,3
3062.93059,546,16
3063.49706,214,30
3064.926201,816,45
3064.975434,2990,41
3065.632155,3385,3
3065.780488,467,185
3065.976276,331,49
3066.678674,557,19
3066.774444,355,42
3066.775189,3133,191
3067.136608,2179,8
3067.174097,562,26
3067.634056,1576,246
3067.921494,56,49
3068.228904,564,25
3068.426173,395,48
3069.76378,250,54
3069.971817,453,57
3070.969057,425,63
3071.285909,4650,15
3071.526127,2501,165
3071.725023,3355,3
3071.894216,259,38
3071.975189,6835,27
3071.980636,55,49
3072.436091,377,105
3073.05404,575,54
3073.674023,1039,10
3074.019332,590,13
3074.471097,2332,599
3074.977047,1889,80
3075.140687,379,35
3076.021847,452,11
3076.025138,7181,20
3076.485488,554,20
3076.948001,210,19
3077.377243,607,34
3077.427164,1771,77
3077.47426,552,11
3077.982055,3373,369
3078.125462,550,2
3078.900272,6461,20
3078.901033,2158,237
3079.729221,2230,138
3079.976495,1956,14
3080.139861,887,57
3080.22534,236,50
3080.734602,2103,3
3081.229892,217,168
3081.404226,2307,12
3081.427943,554,20
3081.765214,262,72
3081.905336,523,11
3082.148716,1370,423
3082.27186,1413,3
3082.480074,681,11
3082.480256,568,27
3082.674391,1609,3
3082.762994,3454,74
3082.875883,263,60
3082.975094,3025,412
3083.010933,636,13
3083.226792,660,33
3083.399343,581,6
3083.422137,384,71
3083.670379,1795,3
3083.975555,2882,154
3084.776876,566,21
3085.132068,199,36
3085.170686,552,11
3086.224368,2316,349
3086.986056,613,9
3088.3804,1625,13
3089.273889,2177,3
3089.523091,124,35
3089.76517,1782,11
3089.905576,2096,516
3089.920416,554,22
3089.991549,2104,49
3089.992679,2510,16
3090.267341,1390,3
3090.743102,1929,13
3090.902004,544,15
3090.919018,570,20
3090.976437,2271,11
3091.264275,2028,3
3091.880612,1584,342
3092.419126,277,36
3092.668855,1465,3
3092.970269,4879,346
3092.970432,1906,146
3093.12513,2244,348
3093.399006,373,36
3094.067515,6578,20
3094.258884,1289,542
3094.514265,291,46
3094.668414,6759,20
3095.487759,357,8
3095.656254,6274,3
3095.662582,1919,3
3095.669878,2382,226
3096.22926,1599,3
3096.419922,1983,3
3096.645341,2637,29
3096.879721,2221,489
3097.23312,550,10
3097.37455,567,23
3097.420511,3887,552
3097.659433,2129,564
3097.7327,2804,118
3099.134808,1429,35
3099.171839,1716,3
3099.47682,2857,225
3099.760944,242,61
3100.37724,7066,18
3100.511289,568,75
3100.664668,54,42
3100.767784,1911,3
3100.89062,576,31
3100.900677,669,36
3100.920763,2522,445
3100.980715,603,16
3101.897735,272,10
3101.900042,548,17
3102.383982,2500,19
3102.670425,592,14
3102.734555,153,57
3102.735024,2472,26
3103.131958,3093,8
3103.387107,1369,3
3103.489715,1923,21
3103.982632,530,9
3103.983137,3048,394
3104.148562,1930,12
3104.225151,347,37
3104.382628,630,43
3104.479491,157,85
3104.516621,1671,224
3104.772718,352,36
3105.154039,1625,10
3105.229389,861,79
3105.267098,2793,42
3105.395521,2006,3
3105.482813,594,23
3105.646436,1028,72
3105.893263,1203,57
3106.134993,562,25
3107.014898,2737,218
3107.168889,5047,97
3107.176928,470,56
3108.264633,940,60
3108.727505,630,14
3108.762056,216,44
3108.975508,97,43
3109.442536,7304,20
3109.737002,558,22
3110.380841,1250,3
3110.393864,484,81
3110.496049,617,20
3110.633301,2091,10
3111.16878,558,24
3111.220322,2983,405
3111.634718,348,44
3112.232301,3607,3
3112.23926,1460,3
3112.642378,3356,436
3112.759076,247,32
3113.144115,1791,149
3113.259737,1884,3
3113.377946,2187,14
3113.517186,4673,471
3113.662714,2063,513
3113.981141,2098,261
3113.984712,1657,3
3114.229591,618,42
3114.229835,506,10
3114.261822,397,48
3114.263478,661,19
3114.737348,556,21
3115.233317,335,41
3115.643981,5286,17
3116.146601,1684,248
3116.515482,315,47
3117.130477,235,40
3117.147936,328,38
3117.433762,1874,12
3117.476693,347,19
3117.984221,494,51
3118.637585,548,17
3118.741167,552,20
3118.763408,2407,12
3118.926009,201,3
3119.23055,778,15
3119.38137,2123,3
3119.889259,1234,142
3119.972087,1757,3
3120.142644,343,51
3120.18415,300,64
3120.221734,4044,3
3120.225167,1759,3
3120.229932,1976,3
3120.471056,3423,63
3120.929174,1951,17
3121.261893,189,40
3121.482084,6741,232
3121.51563,4772,3
3121.518214,2251,32
3121.628986,471,49
3121.927543,263,46
3122.222271,550,10
3122.26278,2290,287
3122.726308,1852,275
3122.887001,174,46
3122.888826,566,23
3123.144514,607,20
3124.030186,4217,10
3124.267577,2011,435
3124.49016,2346,12
3124.732242,3402,500
3125.386573,1795,12
3125.769699,4568,51
3126.262336,3110,11
3126.48902,6069,392
3127.133936,1469,3
3127.140729,2440,243
3128.013709,224,51
3128.220173,7492,32
3128.394837,470,9
3128.43055,3236,271
3128.720931,568,29
3128.896849,708,10
3128.974587,564,26
3128.984117,564,61
3129.009745,2055,121
3129.176289,4266,419
3129.244106,2116,176
3129.431719,293,134
3130.391982,1078,84
3131.472331,4067,12
3131.774352,586,2
3132.155154,1728,14
3132.432979,568,27
3132.684017,4025,65
3132.990549,2156,14
3133.014478,617,64
3133.404536,2447,282
3133.488864,580,16
3133.66301,333,67
3133.670695,1249,62
3134.379275,1872,3
3134.41971,609,22
3134.970327,614,33
3135.025712,602,41
3135.147954,5242,20
3135.148399,708,59
3135.240085,956,65
3135.652154,2034,201
3135.764319,446,11
3136.128273,858,3
3136.176332,2828,469
3136.622937,281,53
3136.926078,2142,17
3136.984419,2036,225
3137.003802,401,47
3137.185471,106,19
3137.225909,1329,60
3137.475534,610,15
3137.726841,2814,218
3138.222768,997,55
3138.400273,1950,66
3138.718213,3212,354
3138.97776,580,16
3139.155599,2570,14
3139.220714,600,29
3139.241238,611,23
3139.877994,564,28
3139.903721,498,7
3140.17762,437,61
3140.374184,2778,322
3140.62456,2944,363
3140.882746,7692,3
3141.23407,1898,366
3141.375821,212,3
3141.394867,3061,510
3141.772159,887,4
3141.87774,405,11
3141.943237,2856,314
3141.974103,460,44
3141.979184,550,20
3142.231022,619,15
3142.263707,220,48
3142.265113,1793,3
3142.646834,2633,397
3143.018451,264,73
3143.396192,1725,3
3143.529773,484,6
3143.890688,940,14
3144.219711,2095,305
3145.398144,564,25
3145.890115,1521,293
3146.009794,1389,3
3146.139735,590,36
3146.220933,358,19
3146.221112,2391,3
3146.237552,1634,12
3146.240739,7624,22
3146.390456,1781,3
3146.731908,421,42
3146.879417,2556,3
3147.176319,1955,320
3147.630638,2034,362
3147.732418,554,20
3147.881697,220,44
3147.931593,292,37
3148.158187,2806,266
3148.223024,235,185
3148.223134,2003,3
3148.480903,2203,546
3148.51248,361,46
3148.688033,413,49
3149.675883,1845,3
3149.67631,1465,62
3150.177905,2869,228
3150.653953,2333,381
3150.727587,605,20
3151.644888,3453,105
3151.763843,383,11
3151.883972,1422,3
3151.895792,307,49
3152.726455,2938,3
3152.728611,2451,447
3152.764333,1204,3
3152.898583,863,16
3153.227414,1963,3
3153.73205,2584,404
3154.186716,2334,3
3154.422974,663,52
3154.424104,3119,363
3154.728172,453,59
3155.237788,682,110
3155.389969,4057,36
3155.390271,681,8
3156.161064,141,47
3156.161933,2048,625
3156.395238,668,11
3156.519817,403,8
3156.520604,590,21
3156.950607,5182,3
3156.984602,324,11
3157.382706,607,20
3158.641696,433,70
3158.895085,431,11
3159.176207,578,60
3159.514472,900,53
3159.75004,1434,145
3160.683939,622,25
3160.686076,607,26
3160.990368,272,48
3161.139907,740,39
3161.14024,603,17
3161.266348,642,38
3161.882938,599,19
3162.882032,550,18
3163.139264,550,10
3163.2672,728,89
3163.396178,600,8
3163.486152,584,10
3163.925475,586,19
3164.512328,346,30
3164.72904,550,18
3164.944728,5141,445
3165.140959,1379,3
3165.17963,1717,3
3165.957356,704,270
3166.230025,557,14
3166.733203,3291,44
3167.2418,3028,9
3167.273167,637,99
3168.025781,1977,3
3168.471664,345,57
3169.388584,427,76
3169.473009,503,5
3169.731576,7798,170
3170.419188,1124,8
3170.423581,2539,596
3170.925667,4047,367
3170.988928,434,39
3171.141794,840,3
3171.234604,189,133
3171.471709,1368,198
3171.672944,1681,315
3171.742994,1260,40
3172.770188,3342,2
3172.772632,1896,11
3172.98777,238,52
3173.270144,611,8
3173.41499,3014,532
3173.422759,4301,49
3173.970591,564,2
3174.390341,123,19
3174.724388,2168,357
3174.724614,4259,508
3174.91942,609,23
3175.513449,592,22
3175.639501,608,30
3175.888289,463,53
3176.011094,590,12
3176.221031,2821,37
3176.475248,367,10
3176.726791,1438,174
3176.88934,522,54
3176.972847,221,3
3176.979942,2380,250
3177.010354,2100,426
3177.470516,98,53
3178.266914,560,56
3178.647681,5982,8
3178.669381,189,3
3179.633762,5576,13
3179.976966,666,2
3180.472426,1328,248
3180.669271,2139,70
3180.727797,2326,205
3180.974193,4262,581
3181.382026,90,45
3182.22065,237,37
3182.391602,7237,5
3182.644962,2437,220
3182.725581,585,16
3183.128199,3815,14
3183.224554,899,39
3183.265817,2684,485
3183.762066,1294,45
3184.222647,5727,3
3184.670897,1733,15
3184.760875,552,11
3184.919884,1549,14
3185.131966,2976,352
3185.654832,556,23
3185.919723,2096,249
3186.133791,1821,18
3186.168754,2831,3
3186.879678,518,10
3187.421741,1584,8
3187.67167,2942,494
3187.975708,202,47
3187.975844,1949,3
3188.970962,6591,24
3188.972916,802,38
3190.015507,4703,114
3190.425853,2106,378
3190.475042,823,47
3190.52652,403,52
3191.263101,394,59
3191.382889,606,19
3191.409388,834,176
3191.427732,587,14
3191.971832,1607,391
3192.226656,1073,11
3192.422668,625,108
3192.66862,4084,440
3192.762667,2223,76
3192.899592,609,17
3192.918985,636,51
3192.977171,1887,226
3193.013741,677,7
3193.169079,3280,116
3193.406541,558,22
3193.420097,625,31
3193.668556,2278,10
3193.762454,257,14
3193.920909,788,48
3194.41963,555,18
3194.484077,367,49
3194.882067,558,16
3194.984259,253,144
3195.142834,6692,27
3195.738474,485,55
3196.170579,1796,181
3196.760905,1719,44
3197.168511,412,44
3197.480003,496,59
3197.877398,1815,12
3197.906327,343,32
3198.148279,3458,838
3198.627522,290,63
3199.008931,4795,3
3200.626281,570,30
3200.984242,6942,13
3200.988169,2436,452
3200.992311,1690,3
3201.239584,7337,18
3201.486289,556,13
3201.495872,329,10
3201.781839,2831,284
3201.983101,5004,486
3201.984697,636,45
3202.125518,2267,461
3202.144834,1513,69
3202.154492,1234,3
3202.391493,1907,15
3202.479484,172,60
3202.62676,867,44
3204.022361,518,54
3204.268278,2321,10
3204.271007,2153,384
3204.641987,1805,3
3204.979762,582,17
3204.997223,2461,149
3205.008898,1790,215
3205.178786,1640,169
3205.271094,475,11
3205.275408,601,18
3205.686468,158,46
3206.135094,588,42
3206.213255,2444,8
3206.22553,4391,7
3206.236959,2203,273
3206.383633,348,45
3206.774907,1320,466
3206.779175,201,49
3207.238574,6568,57
3207.772693,2378,285
3208.005446,652,17
3208.178667,1802,11
3208.22733,237,56
3208.393188,468,40
3210.139654,1687,3
3210.392279,273,96
3210.419313,1966,3
3210.642217,646,71
3210.674747,550,18
3211.480376,423,54
3211.669666,572,30
3212.897226,542,11
3213.227028,459,42
3213.392798,1798,3
3213.630372,105,39
3213.769951,715,81
3213.773242,3066,309
3215.146334,548,17
3215.225189,244,64
3215.640906,2034,15
3215.761028,5112,19
3216.142785,1464,5
3216.274814,2632,14
3216.39536,574,39
3216.426662,600,17
3216.773495,507,9
3217.011607,1250,49
3217.135225,550,18
3217.138362,552,11
3217.97732,556,19
3218.4204,1840,575
3218.987076,550,18
3219.224736,585,15
3219.523914,4519,37
3219.723531,2912,277
3219.732985,2283,366
3219.994044,3525,101
3220.017758,3659,440
3220.479547,556,13
3220.728383,392,47
3220.912925,2762,340
3221.270609,605,19
3221.47436,1838,112
3221.657166,409,50
3221.881304,369,56
3221.970171,2638,162
3222.421766,592,20
3222.624478,353,44
3222.766599,1295,3
3222.941111,525,8
3222.978193,2130,111
3223.407637,2277,21
3223.473326,630,31
3223.515664,1928,272
3223.724737,1323,3
3223.975676,343,10
3224.024825,2241,12
3224.902557,1463,13
3224.924807,2855,136
3225.673923,1988,55
3226.650031,4009,3
3227.129988,491,8
3227.147073,2215,568
3227.430769,1766,234
3228.39234,203,5
3228.392892,3197,237
3228.724497,2928,217
3228.932438,1911,535
3228.979234,7889,24
3229.178646,406,62
3229.265007,4998,3
3229.386307,571,55
3229.474806,5383,10
3229.47528,339,38
3229.980688,2543,13
3230.266313,2562,471
3230.42671,6005,947
3230.874305,6045,24
3231.129937,605,20
3231.14213,2186,241
3231.233036,554,20
3232.37556,2709,13
3232.481579,1340,3
3232.637485,6281,3
3233.478317,633,47
3234.994223,1732,299
3235.176099,3214,285
3235.389671,590,43
3235.436256,418,47
3235.640855,3595,10
3235.934238,2174,17
3235.979054,2224,13
3236.141185,208,49
3236.17649,2509,323
3236.486009,660,7
3236.732535,631,55
3236.888373,2343,432
3236.978007,756,6
3237.240995,254,55
3237.722952,85,44
3237.925501,2335,426
3238.278899,264,3
3238.478447,2282,367
3238.644225,3388,8
3238.729844,1218,3
3238.879202,1579,3
3238.924044,2612,15
3239.184041,107,72
3239.231229,642,49
3239.496753,597,16
3240.135871,1766,11
3240.391527,2738,415
3240.489221,609,15
3240.649089,1213,3
3241.131446,562,24
3241.13298,3076,284
3241.243029,6055,20
3241.384245,377,11
3241.523446,1335,209
3241.924251,1695,50
3242.419465,1719,3
3242.492815,4345,42
3243.222216,1959,11
3243.487389,2384,16
3243.985111,1169,33
3243.986765,554,20
3244.13771,527,58
3244.141745,479,49
3244.22515,2179,3
3244.386964,1251,13
3244.633454,562,27
3244.721594,558,22
3245.01038,388,41
3245.159435,918,240
3245.229466,1825,3
3245.47224,244,44
3245.762215,4495,49
3246.172732,778,12
3246.428662,2064,525
3246.47499,432,8
3246.719775,389,60
3246.731764,586,17
3246.988266,3332,480
3247.241919,227,64
3247.272709,1832,22
3247.388506,688,24
3247.42539,4917,390
3247.428098,2840,201
3247.526525,774,39
3248.772373,1736,83
3249.141458,2211,203
3249.390814,1724,88
3249.718905,552,18
3249.919847,504,5
3250.171762,1864,56
3250.470539,247,15
3250.668121,596,25
3251.126889,299,8
3251.267422,510,8
3251.47625,1834,3
3251.643106,1915,8
3252.173653,647,34
3252.426443,1747,3
3252.640239,508,82
3252.7242,3838,14
3253.141814,322,43
3253.171393,916,10
3253.220707,2810,264
3253.520092,1988,13
3253.668668,827,35
3254.149255,558,19
3254.670344,1563,29
3255.229666,271,42
3255.392034,408,11
3255.406254,847,46
3255.539176,2099,397
3256.126694,183,4
3256.155694,247,46
3256.170409,595,55
3256.430637,552,11
3256.637648,319,61
3257.142543,1730,13
3257.223646,2149,232
3257.440567,1365,3
3257.643922,1956,318
3258.427881,1782,153
3258.490412,460,54
3258.498224,568,30
3258.984307,608,31
3259.175868,552,11
3261.485682,1711,15
3261.927653,127,41
3262.975411,56,60
3263.237795,341,59
3263.261582,1348,13
3263.261747,694,34
3264.179732,582,17
3264.429813,614,16
3264.516013,232,54
3265.729322,2569,504
3265.759961,2137,525
3265.895336,223,43
3265.990557,2729,135
3266.237145,603,28
3266.476296,610,31
3266.884003,540,10
3267.136472,2841,336
3267.224023,7397,24
3267.224355,5441,19
3267.476352,1062,10
3267.638444,1432,218
3267.974224,2624,10
3267.974514,618,51
3268.63404,2192,486
3269.15748,451,37
3269.384389,2060,426
3269.645892,1064,50
3269.726057,101,38
3269.761045,562,26
3269.975449,5448,20
3270.014186,698,78
3270.511112,350,54
3270.513926,2491,12
3270.674256,1274,7
3271.016859,550,20
3271.161188,2873,11
3271.229266,733,354
3271.890658,249,34
3272.141468,564,26
3272.433953,497,14
3272.674389,562,14
3273.012709,533,50
3274.478849,394,12
3274.481428,2267,92
3274.642257,1982,509
3275.147771,2388,43
3275.156809,611,23
3275.513523,121,48
3275.530998,2105,17
3276.893028,180,55
3277.225809,218,140
3277.228575,1861,3
3277.433116,548,17
3277.482188,3140,310
3277.734053,2098,279
3277.734395,908,3
3277.894201,383,50
3278.178766,2668,21
3278.634439,552,19
3278.984605,606,29
3279.143633,4050,348
3279.177052,556,23
3279.48302,562,26
3280.644465,606,8
3280.688617,2058,280
3280.688724,597,12
3280.730988,155,45
3280.881561,3021,316
3280.986895,556,19
3281.731938,1745,3
3282.139666,2174,295
3282.219096,1816,9
3282.472647,3469,3
3282.525623,1868,3
3282.932842,147,45
3283.750861,3131,13
3283.988061,554,20
3284.233091,2964,514
3284.471858,610,18
3284.767348,1697,705
3286.905269,556,13
3286.969976,120,38
3287.171862,2128,21
3287.413411,7437,12
3287.473029,1594,3
3287.644125,360,49
3287.882001,646,49
3288.421758,2015,382
3288.669651,569,27
3288.724995,3164,392
3289.073921,2434,3
3289.390341,1447,108
3289.74169,6178,601
3289.888977,236,47
3289.994,2193,348
3290.002361,1270,13
3290.136911,5347,20
3290.17104,193,41
3290.240271,592,14
3290.414649,722,5
3290.728814,2440,3
3290.998524,228,8
3291.668668,1573,10
3291.901807,552,19
3291.92513,299,48
3292.482594,598,19
3293.419902,550,18
3293.519137,1365,36
3293.551209,2150,81
3293.745197,1622,3
3294.232738,651,2
3294.67193,554,22
3294.725473,542,9
3295.168444,1978,3
3295.422897,223,49
3295.985577,3936,550
3296.143695,602,26
3296.175846,2303,3
3296.927873,2431,12
3297.151109,2856,289
3297.735599,1240,55
3297.742712,1975,12
3297.927763,289,42
3297.980799,155,46
3298.148834,367,8
3298.182543,318,92
3298.182864,314,6
3298.183059,601,17
3299.129741,3962,359
3299.540429,6039,23
3299.733562,782,5
3300.648138,862,55
3300.648678,1635,3
3300.726455,2394,270
3301.409927,2084,41
3301.410051,1980,14
3301.876566,3001,385
3301.878751,550,10
3302.127184,167,58
3302.182811,554,55
3302.219398,5758,20
3303.730065,588,22
3304.426818,486,6
3304.486962,2814,180
3304.971005,735,19
3305.732663,2529,135
3305.924657,6365,24
3306.734392,185,43
3306.879846,6483,18
3306.879863,2153,225
3306.924189,1743,3
3307.263776,554,8
3307.971224,1500,3
3309.253484,894,32
3309.483347,575,25
3309.67543,620,26
3309.980834,1945,52
3309.982235,3671,45
3310.494888,2423,435
3311.737107,115,45
3311.80365,6271,3
3311.983017,6085,20
3312.130768,326,6
3312.419459,1236,3
3312.923351,2078,537
3313.487778,7243,25
3313.510345,2597,9
3313.91973,1743,9
3314.668448,430,60
3314.88825,461,39
3314.924152,352,37
3315.175102,599,17
3316.94253,793,9
3316.975215,388,45
3317.496184,596,44
3317.642201,354,13
3318.31567,403,47
3318.728936,554,22
3318.759694,3275,13
3319.720321,1279,43
3320.141658,546,16
3320.627472,582,17
3320.717899,2030,119
3320.76153,2242,11
3320.98433,2824,188
3321.221524,432,65
3321.929742,276,33
3322.22322,582,18
3322.649706,989,3
3322.721258,1783,13
3322.891615,2804,311
3323.473485,601,18
3324.472073,466,7
3324.532416,588,20
3325.139901,3156,475
3325.393656,1437,9
3325.471012,4622,3
3325.72358,250,41
3326.128695,2271,11
3326.223647,1216,125
3326.286056,191,48
3326.969636,1951,396
3327.720383,344,12
3327.907009,505,10
3327.975308,426,3
3328.91865,1100,181
3329.641514,1773,11
3329.889905,2134,534
3331.412772,2260,280
3331.722372,330,109
3332.22949,6586,20
3332.396418,618,40
3333.223703,597,8
3333.419044,1894,398
3333.475631,594,23
3333.479265,198,6
3333.651417,576,6
3334.230792,2166,809
3334.387321,1635,347
3334.478217,2938,323
3334.638891,1157,31
3336.170776,180,47
3336.267031,2030,303
3337.395433,1552,54
3337.664893,2545,19
3338.673925,3963,174
3338.948129,3178,254
3339.229087,4237,257
3339.512792,438,41
3340.220564,630,8
3340.390452,594,21
3340.428328,1797,3
3340.471425,3401,32
3340.946954,368,5
3341.412757,1569,3
3341.483982,4122,12
3341.680327,1165,3
3341.681771,558,22
3341.97495,2379,175
3342.642229,2341,3
3342.992336,566,27
3343.485124,1141,3
3343.485336,615,24
3343.648558,2032,3
3344.142059,2648,330
3344.156148,1814,13
3344.518342,1851,15
3344.6434,550,18
3344.728676,744,15
3345.263842,483,45
3345.646185,2793,9
3345.973184,356,5
3345.976202,1650,167
3346.775381,1833,10
3346.927346,228,50
3346.974357,1902,13
3347.405477,1664,253
3347.63894,220,48
3348.177339,2329,158
3348.177905,311,47
3348.683815,379,51
3349.227764,517,42
3349.430689,2006,3
3349.481868,3531,82
3349.492146,459,9
3349.976594,554,20
3350.228736,550,18
3350.53277,1356,245
3351.628385,56,47
3351.719458,1188,12
3351.875322,2031,9
3351.984687,421,47
3351.984985,2335,3
3352.401901,1863,12
3352.40239,137,51
3352.471228,550,10
3352.737621,3033,404
3353.626216,1567,53
3353.745748,5498,3
3353.746182,4197,47
3353.768618,2106,8
3354.646791,2040,19
3354.776912,453,52
3355.237283,594,23
3355.472786,2581,339
3355.608159,1794,12
3355.737247,546,8
3355.926778,4514,46
3356.013745,342,54
3356.016394,536,47
3356.243224,2707,453
3356.243535,2429,463
3356.971566,458,54
3357.241803,2637,165
3357.406264,1364,13
3357.985737,440,9
3358.019611,1707,3
3358.025249,399,50
3358.169318,272,10
3358.227157,239,3
3358.623444,649,52
3358.977534,348,46
3359.920833,4305,11
3359.921178,136,53
3360.024812,353,42
3360.27214,419,44
3360.420187,1750,3
3360.479972,846,51
3360.984323,623,30
3361.127116,717,59
3361.12851,302,6
3361.27691,562,26
3361.421348,5544,18
3361.724211,820,3
3361.724439,692,21
3361.731705,398,11
3361.771391,3150,278
3362.500476,5424,580
3362.925114,353,64
3364.152567,592,2
3364.726804,2747,372
3364.903885,371,48
3364.983657,2075,163
3365.488748,594,20
3365.629371,53,53
3365.650869,278,46
3365.726607,4531,65
3366.12611,384,45
3366.238274,582,18
3366.408699,2097,387
3366.411418,2236,14
3367.225117,618,20
3367.227156,551,49
3367.265044,649,5
3367.479941,437,12
3368.128927,917,36
3368.130975,437,64
3368.175563,1258,19
3368.626311,625,5
3368.626706,1535,404
3369.140438,1532,3
3369.380824,1503,3
3369.646667,600,19
3369.668085,1852,3
3369.668425,2291,173
3369.668478,301,44
3370.16833,615,25
3370.893159,324,54
3370.975211,427,43
3371.426839,1641,3
3371.629473,518,6
3371.644822,1931,3
3371.973733,394,7
3372.056702,592,14
3372.143222,2985,11
3372.399553,382,11
3372.479498,1941,193
3372.920023,485,11
3372.975689,1789,3
3373.232343,560,23
3373.392978,611,20
3373.696085,1817,3
3373.727277,554,20
3373.97602,2531,599
3374.229926,2033,555
3374.62563,554,20
3375.389457,1863,73
3375.634041,1875,13
3375.878074,2309,224
3375.992738,584,9
3376.642605,2073,3
3376.888691,607,34
3377.422359,1253,28
3377.479463,2038,12
3377.896183,984,9
3378.420164,3319,363
3378.515081,1742,13
3378.672731,256,49
3378.973796,680,11
3379.227354,605,20
3379.66999,723,14
3379.928525,434,45
3380.475785,5337,60
3381.132039,2382,53
3381.514674,1333,44
3382.176421,5665,126
3382.22597,2032,3
3382.375586,341,51
3382.419174,576,11
3382.473085,2122,140
3382.474643,352,43
3382.626373,1770,115
3382.762825,386,55
3382.918227,1259,163
3383.232249,1834,226
3383.978706,535,49
3384.0339,1196,53
3384.147111,250,7
3384.403222,7190,58
3384.771639,562,22
3385.016754,2737,206
3385.273828,1672,104
3385.416033,1001,56
3385.515486,542,62
3386.125354,558,22
3386.879913,3397,499
3387.237939,2206,224
3387.262609,523,39
3387.722003,3424,109
3387.938041,1025,3
3388.490718,408,55
3388.990514,552,11
3389.428119,548,17
3389.655935,1505,13
3389.925419,465,43
3389.976607,554,23
3390.014737,2041,3
3390.264192,2369,148
3390.437552,375,9
3390.876619,3847,329
3391.262377,862,7
3391.375027,564,27
3391.408725,613,20
3391.492369,599,17
3391.730135,1938,14
3391.732521,639,64
3391.762078,1042,20
3391.875843,556,20
3392.12904,606,24
3392.153668,578,48
3392.378621,628,57
3393.759685,560,15
3393.760588,187,42
3393.975325,2040,3
3394.518933,3685,3
3395.051573,3152,12
3395.132406,293,44
3395.148153,2484,299
3395.266035,2115,193
3395.266377,979,36
3395.484794,1969,214
3395.514842,558,23
3395.629517,289,51
3395.733391,2365,21
3396.766873,1924,3
3397.00168,463,51
3397.003542,193,52
3397.641526,293,48
3397.650196,2165,18
3398.021288,2409,3
3398.227703,459,69
3398.727178,2284,9
3399.273268,721,63
3399.650576,253,133
3400.640653,242,34
3401.28426,2358,594
3401.381142,3250,42
3401.977285,1520,3
3402.381587,1078,8
3402.674359,282,51
3402.726142,1739,24
3402.883871,2073,123
3403.128319,7039,17
3403.141813,2005,319
3403.143868,508,53
3403.22098,3295,299
3403.641069,727,90
3403.641798,1345,12
3404.168763,471,13
3404.401214,2007,3
3404.41933,1830,3
3404.727461,6197,18
3404.763171,233,47
3405.168432,7874,20
3405.22446,1796,71
3405.897411,6234,22
3406.169696,645,57
3406.21797,427,38
3406.225725,605,16
3406.226888,949,23
3406.728387,2892,275
3407.391998,2321,421
3407.678743,724,50
3408.224216,550,18
3408.232973,3205,56
3408.469686,560,48
3408.475806,2624,11
3409.475259,488,40
3409.894491,683,47
3409.973751,786,77
3410.14322,2411,23
3410.38228,520,49
3410.700213,2372,20
3410.700438,2554,153
3410.760371,203,52
3410.984453,404,39
3411.12601,2016,200
3411.389145,4979,3
3411.926134,114,66
3412.397585,1019,30
3412.62607,525,58
3412.922381,2172,18
3412.972337,857,57
3412.98279,605,36
3413.132369,2152,499
3413.472496,242,51
3413.624233,370,44
3413.984379,1846,428
3414.219941,608,11
3414.251763,1827,15
3415.129639,2080,13
3415.163387,601,18
3415.674128,355,86
3415.722556,357,51
3415.874785,6312,18
3416.766821,1085,10
3416.768829,2001,41
3416.772269,2068,12
3417.021316,550,16
3417.429415,1161,3
3417.482712,375,7
3417.531652,7797,18
3418.226848,3497,3
3418.487903,3022,3
3418.986724,391,47
3419.022107,463,41
3419.172585,871,15
3419.526052,603,8
3419.645502,1947,353
3419.647507,623,71
3419.730967,651,17
3419.937306,294,10
3420.23247,588,20
3420.882366,1629,3
3421.630653,2281,408
3421.632819,3082,42
3422.175925,1502,14
3422.227718,596,21
3422.227938,4140,54
3422.522695,1847,3
3422.63079,554,17
3422.783327,117,34
3423.478861,113,45
3423.632718,1579,10
3424.223307,3641,385
3424.382385,3094,510
3424.513526,378,50
3424.673122,3568,341
3424.725154,2790,208
3425.893558,2683,8
3425.974662,1019,3
3426.020933,1931,276
3426.228415,462,47
3426.393942,1860,3
3426.475644,6606,266
3426.641469,2035,10
3427.173698,361,44
3427.232121,604,17
3427.26048,2519,13
3427.477113,271,52
3427.47755,2137,3
3428.475511,2637,3
3428.72875,1909,3
3429.034711,3731,493
3429.443465,506,73
3430.01314,608,33
3430.150763,464,67
3430.884693,2618,425
3430.940176,550,2
3430.990685,552,20
3431.240756,590,17
3431.274437,3703,28
3431.483591,693,20
3431.67427,3737,547
3431.723304,2173,14
3432.476512,967,10
3432.874666,544,7
3433.207901,558,24
3433.209979,520,31
3433.375711,2071,299
3433.489247,601,27
3433.93038,2653,199
3434.053961,1917,124
3434.089229,1075,39
3434.14548,494,11
3434.22068,570,50
3434.26185,509,47
3434.62471,211,151
3434.988677,1962,3
3435.231737,552,11
3435.235255,609,36
3435.405561,395,65
3435.648641,1560,71
3435.768093,2227,419
3435.769963,1411,34
3436.983034,2326,231
3437.731906,2617,225
3437.927031,297,5
3438.134723,809,3
3438.135187,3130,3
3438.220646,2740,252
3438.236584,106,39
3438.378534,1992,285
3438.480271,564,25
3438.885785,232,57
3438.976332,5223,20
3439.723719,279,51
3440.178405,413,48
3440.750078,554,20
3440.766517,1702,13
3440.886015,2804,140
3440.893662,421,31
3441.128908,244,86
3441.17631,309,51
3441.483484,1975,14
3441.486438,2024,18
3441.678887,791,20
3442.134389,651,15
3442.238936,1555,33
3442.38804,424,42
3442.638253,360,49
3442.883615,220,34
3442.932335,1001,3
3443.140073,1938,158
3443.179938,211,3
3443.432175,7795,70
3444.393017,2755,295
3444.476503,1304,3
3444.729113,3115,62
3444.767238,5959,20
3445.264835,562,24
3445.379744,570,27
3445.646369,1805,22
3446.132144,416,38
3446.481278,1316,17
3446.726083,486,66
3446.73239,5546,20
3447.169704,211,40
3447.390416,3429,12
3447.975694,524,53
3447.976203,2035,3
3448.476151,1201,47
3448.89475,3180,76
3449.018746,587,18
3449.234805,226,58
3449.477098,1823,416
3449.641669,274,47
3449.729802,2104,13
3449.999783,1437,127
3450.028154,3149,254
3450.225731,2295,134
3450.264027,1379,3
3450.512452,2029,399
3450.979067,1101,39
3451.14507,2277,127
3451.673604,2972,9
3451.974194,118,46
3452.727713,2714,301
3453.15899,674,36
3453.231072,736,10
3453.231328,2034,3
3453.885251,3389,565
3453.886594,697,95
3454.017294,351,48
3454.168252,2257,293
3454.884591,2970,394
3454.984856,5065,453
3455.393574,1715,3
3455.484414,3401,346
3455.52557,442,21
3455.883727,2511,271
3455.980646,326,35
3456.235787,1337,3
3456.235976,1899,3
3456.266452,554,21
3456.420557,578,26
3456.482867,636,44
3456.732997,590,18
3456.918504,668,22
3456.979858,1525,13
3456.98079,550,10
3457.026499,210,36
3457.511178,141,48
3458.244181,1810,10
3458.260578,2386,42
3458.382443,678,48
3458.403847,387,32
3458.424236,269,167
3458.727064,925,644
3458.729937,550,11
3459.419939,4456,70
3459.512972,552,19
3459.982549,230,41
3460.261407,389,49
3460.513089,50,45
3460.669153,332,39
3460.730266,481,5
3460.765402,410,39
3460.920311,1107,44
3461.12754,1089,36
3461.148182,1010,155
3461.230613,2534,237
3461.244561,558,21
3461.261951,2928,247
3461.478559,446,47
3461.73479,2512,48
3461.767,2615,89
3461.898769,1332,3
3462.126423,556,21
3462.220891,3913,398
3462.784721,564,51
3462.936107,86,32
3463.169319,383,47
3463.47255,1985,17
3463.487778,3336,381
3463.792542,4170,51
3464.172012,2859,379
3464.221208,5588,65
3464.223573,556,13
3464.874745,140,39
3464.91865,771,68
3465.472889,2681,13
3466.41922,645,21
3466.490067,1365,61
3466.760457,3002,266
3466.760592,566,28
3466.90176,4166,51
3466.980211,403,46
3467.169764,2365,408
3467.188012,161,42
3467.230741,3168,359
3467.424204,1981,308
3467.517517,550,18
3467.721794,2410,12
3467.987801,1989,165
3468.64326,1378,113
3469.013456,564,9
3469.132468,1712,10
3469.6356,605,8
3469.760291,849,14
3469.980283,1956,325
3470.139775,311,39
3470.265292,1438,3
3470.423202,544,15
3471.230252,567,41
3471.396334,556,22
3471.487515,2907,7
3471.514745,2317,284
3472.22271,2318,164
3472.988853,1804,120
3473.891503,717,3
3473.97532,1700,3
3474.63526,417,10
3476.393759,2033,3
3476.525132,552,19
3476.88641,552,19
3476.931009,495,5
3477.133636,2513,242
3477.276688,3043,175
3477.479679,950,38
3477.520839,1883,3
3477.980135,347,11
3478.02572,1866,3
3478.142731,283,48
3478.524276,2742,291
3478.639577,421,47
3478.775935,2081,394
3478.888002,2988,804
3479.924565,2399,253
3479.973605,161,44
3480.17759,466,52
3480.228601,556,21
3480.62486,1121,92
3480.889684,321,15
3481.174214,550,18
3481.176023,1866,210
3481.378673,4565,3
3481.973801,605,18
3482.151305,591,86
3482.634981,2091,219
3482.928507,388,7
3483.1311,1765,333
3483.131152,2901,294
3483.134848,600,17
3483.644809,554,20
3483.97786,3537,511
3484.023833,247,151
3484.132619,2436,194
3484.151761,586,19
3484.734786,602,25
3484.739864,177,2
3484.762104,676,57
3485.02087,2207,3
3486.480941,1006,34
3486.516444,597,16
3486.67551,599,17
3486.675772,554,20
3486.894184,440,65
3487.130031,539,74
3487.477449,301,7
3487.732152,816,12
3488.392153,814,15
3488.425731,1158,51
3488.480568,3105,383
3489.146306,1878,202
3489.175503,564,25
3489.480733,1744,3
3489.988422,259,62
3489.988702,3546,290
3490.420045,4337,58
3490.516221,2569,236
3490.642484,2584,419
3490.733155,1765,537
3490.892277,377,40
3491.140368,4927,243
3491.222706,1006,45
3491.234317,544,15
3492.392582,4567,58
3492.493086,2440,3
3492.642594,435,65
3492.97307,2402,217
3493.01852,2061,136
3493.168272,95,55
3493.233415,3004,9
3493.420533,1113,76
3493.485573,1520,42
3493.673647,57,56
3493.765156,5369,8
3493.901954,548,17
3494.169124,176,59
3494.392532,537,79
3494.97111,2098,242
3494.973351,845,54
3495.227681,184,26
3495.389638,588,52
3495.420683,1951,363
3495.638712,200,37
3495.769696,480,53
3496.129407,2063,18
3496.129593,1196,3
3496.471222,1958,3
3496.475801,293,122
3496.880246,2822,369
3496.913718,205,3
3497.128244,7061,18
3497.376068,2284,295
3498.143961,611,23
3498.436897,4037,45
3498.890175,466,122
3499.142902,2209,3
3499.485384,239,43
3499.736239,586,11
3499.91968,5418,295
3499.987685,2123,199
3500.492397,194,45
3500.513299,651,15
3500.624981,3723,258
3500.645466,2341,397
3500.747219,604,2
3500.763269,2114,12
3501.377385,470,5
3501.670856,1354,83
3501.725366,3004,3
3501.98756,357,48
3502.419222,2459,253
3503.228457,558,19
3503.874464,2210,311
3503.933179,3033,430
3504.031818,5502,3
3504.141399,5714,8
3504.258862,191,66
3504.642061,51,41
3504.674444,145,55
3504.676316,748,19
3504.759905,6375,24
3505.010273,2066,3
3505.012816,117,48
3505.260923,3604,42
3505.752565,4265,11
3505.883831,113,41
3506.014772,496,4
3506.142456,628,12
3506.184857,3037,267
3506.392845,550,8
3506.39305,2254,195
3506.731255,562,26
3506.944763,1771,458
3506.981833,1555,3
3507.475153,2062,3
3507.640663,1004,10
3508.635999,143,52
3508.639506,263,44
3508.977569,169,34
3510.23754,622,56
3510.239572,1906,15
3510.382777,609,22
3510.394995,4452,3
3510.677092,2641,501
3510.746381,2566,13
3511.176177,568,27
3511.51257,1554,3
3511.768341,2641,98
3512.012088,2163,38
3512.18583,4870,366
3512.647058,356,49
3513.146838,568,29
3513.378764,397,50
3514.135319,403,18
3514.234416,1499,11
3514.519765,2075,3
3514.88039,2236,34
3514.919865,2098,3
3515.017045,573,21
3515.235997,876,60
3515.490408,1135,43
3515.631832,552,19
3516.178285,617,23
3516.264881,754,83
3516.980352,3974,45
3517.894243,620,22
3518.146864,592,21
3518.396649,1759,3
3518.683862,2189,485
3518.9483,201,63
3519.740935,153,19
3520.241781,605,8
3520.878933,1064,57
3520.886935,548,17
3521.156301,4207,210
3521.768367,1517,113
3522.019696,258,162
3522.40637,590,23
3522.897058,416,45
3522.981155,584,10
3523.22704,560,25
3523.41997,568,22
3523.42113,1818,15
3523.628929,550,10
3523.729345,596,26
3523.751046,4046,332
3523.976374,972,49
3524.022007,2097,11
3524.225557,1457,3
3524.532526,6331,18
3524.638264,110,43
3525.266719,316,46
3525.627027,1897,589
3526.66484,3783,673
3526.936388,1452,15
3526.982267,678,3
3527.669165,554,12
3527.671604,578,34
3527.741563,490,7
3527.918693,5242,97
3527.92054,199,4
3527.988124,383,50
3528.009895,3990,21
3528.379502,442,5
3528.423912,558,19
3528.892966,6211,20
3529.424944,6481,11
3529.493019,1154,3
3530.174753,2527,282
3530.232271,945,102
3530.726779,2451,310
3531.143226,395,12
3531.172846,251,46
3532.240325,684,89
3532.240861,2173,3
3532.668559,1978,382
3532.729671,557,21
3532.731949,1564,51
3532.987493,2597,49
3533.273527,309,54
3533.381092,302,51
3533.384133,2202,145
3533.396824,718,53
3533.72512,1681,19
3533.985813,548,8
3534.253266,2249,532
3535.145267,592,51
3535.23927,2607,345
3535.72763,1956,125
3536.261284,2745,522
3536.927056,1765,3
3536.985263,2224,3
3537.153641,4060,25
3537.442437,550,10
3537.482328,3277,169
3537.680152,2023,285
3537.763119,226,64
3538.230821,1258,12
3538.270651,6262,23
3538.38794,259,9
3538.679734,622,23
3538.72098,479,45
3538.887372,2118,10
3539.151458,556,23
3539.404048,2624,349
3539.745275,552,11
3539.765349,3454,612
3539.877022,1384,231
3539.984665,2656,345
3540.243557,2799,250
3540.454088,1728,12
3540.471346,282,8
3540.511467,594,12
3541.234433,615,22
3541.403983,239,55
3541.513571,330,11
3541.896651,2276,12
3541.898193,271,58
3541.916409,370,4
3542.472405,465,39
3543.13675,2533,203
3543.262485,400,45
3543.986059,3016,240
3544.011286,514,43
3544.175303,2605,3
3544.230018,118,40
3544.405576,568,30
3544.472363,3232,455
3544.478297,1710,61
3544.645954,1281,38
3545.147264,608,7
3545.473756,1446,20
3546.380002,172,42
3546.678135,1179,13
3547.024371,237,45
3547.236024,554,18
3547.880805,1664,3
3548.175116,240,75
3548.501937,424,44
3549.479744,588,12
3549.884761,311,55
3550.126065,4562,40
3550.173651,650,13
3551.127495,3215,389
3551.146617,2231,308
3551.401112,515,13
3551.463381,556,13
3551.731938,1021,43
3551.925096,2368,496
3552.265346,1327,45
3552.416035,2426,481
3552.436824,558,20
3553.492211,2042,279
3553.629967,166,26
3553.729146,4130,49
3553.76661,1597,37
3554.017439,299,100
3554.132998,2463,291
3554.266144,985,15
3554.39116,603,30
3554.474841,556,23
3554.628195,350,5
3554.676473,550,18
3554.916922,2157,319
3555.482988,1949,14
3555.973641,556,21
3556.139844,584,18
3556.190479,1521,11
3556.225329,3182,319
3556.383417,278,8
3556.631329,251,8
3556.766144,276,48
3557.147145,321,18
3557.169285,1921,319
3557.232842,1520,3
3557.39113,596,16
3557.487143,2221,168
3557.739057,372,6
3558.168198,411,45
3558.898391,1720,98
3558.922231,451,44
3559.488806,1998,35
3560.419358,2086,389
3560.478252,1715,3
3560.885019,620,71
3561.234279,3136,519
3561.906147,2992,139
3562.008594,757,58
3562.17617,206,45
3564.675947,588,19
3566.178744,2245,321
3566.721728,2998,171
3567.016226,2709,436
3567.223236,558,22
3567.423044,3779,14
3567.732301,6278,23
3567.889958,590,21
3568.169588,1050,84
3568.172891,1815,3
3568.479685,216,132
3568.878603,786,106
3569.420411,1894,13
3569.515978,680,49
3570.38233,5283,101
3570.477403,1916,3
3570.724016,1768,43
3570.942151,283,51
3571.22834,1155,50
3571.231377,1359,238
3571.485373,4397,38
3571.764948,737,53
3571.976924,2725,3
3572.24572,4258,71
3573.023034,4658,11
3573.228891,1610,3
3573.27198,1883,15
3574.014128,3904,113
3574.168211,519,11
3574.42049,328,31
3574.763297,663,11
3574.88188,361,40
3575.259559,572,30
3575.669435,2007,3
3575.753292,422,46
3575.884206,5281,8
3575.919107,215,43
3575.922894,554,19
3576.220728,4275,47
3576.480162,205,42
3577.168269,840,37
3577.39874,298,53
3577.485965,515,37
3577.887287,1235,41
3577.980047,158,26
3578.637672,1757,3
3578.723938,1040,17
3578.770703,485,40
3579.236158,428,8
3579.516485,359,46
3579.632091,2834,40
3579.669625,673,134
3580.219637,638,16
3580.224569,133,44
3580.263893,2345,236
3580.975145,311,43
3581.724955,3198,457
3581.760523,2330,31
3581.983602,1341,17
3582.391647,368,57
3582.641582,306,50
3583.055546,2432,10
3583.173547,2735,16
3583.388533,646,62
3583.479299,1338,39
3583.481335,2259,3
3583.523026,339,42
3583.729521,197,3
3583.925088,6003,60
3583.974889,443,10
3584.231243,736,7
3584.382194,860,52
3584.475009,636,15
3584.976333,1799,3
3585.231144,1950,12
3585.419256,2144,367
3585.767958,4890,311
3585.97463,558,22
3586.145175,5205,743
3586.225133,558,81
3586.227265,104,57
3586.376019,1694,3
3586.628095,643,13
3586.766637,2976,122
3587.671525,3675,429
3588.126622,2406,3
3589.186026,1983,186
3589.478402,354,40
3589.634153,2696,342
3589.973896,6131,607
3590.375609,1885,15
3590.971844,2041,275
3591.273742,2310,3
3591.403544,559,22
3591.650516,641,45
3591.76641,6741,20
3591.91929,5609,168
3592.419552,2010,327
3592.671181,921,81
3593.133737,2674,254
3593.881349,1816,11
3593.923707,4492,12
3594.010783,294,68
3594.144022,1541,14
3594.678984,1888,45
3594.923687,2312,3
3595.140194,1856,3
3595.475556,560,23
3596.012316,1724,11
3596.016038,2433,597
3596.22228,503,34
3596.425947,128,48
3596.634683,1811,38
3596.727182,554,22
3597.134141,1010,63
3597.259398,869,12
3597.513271,2026,243
3598.391741,519,72
3598.514553,307,47
3598.680689,356,11
3599.425304,2074,3
3599.627998,255,128
3599.931152,2195,180
3599.978202,356,51
3600.645759,269,45
3600.899126,2009,3
3601.138577,599,68
3601.416391,738,46
3601.493808,476,41
3601.688202,330,55
3602.743445,635,61
3603.977231,1733,8
3604.263926,596,27
3605.154184,584,12
3605.418092,445,40
3605.954938,2600,143
3606.486095,466,54
3607.170622,576,30
3607.236101,2515,122
3608.172468,922,16
3609.240312,1343,35
3609.883489,1518,14
3609.925655,705,10
3611.474847,609,58
3611.975655,1253,3
3612.139001,554,20
3612.722948,597,16
3612.730912,550,16
3612.762317,635,33
3614.41406,4884,3
3615.51325,554,65
3615.633466,2257,130
3616.271926,1462,3
3617.400848,108,43
3619.432932,349,72
3619.683031,970,106
3619.897853,1304,3
3620.432009,7016,24
3620.482274,804,68
3621.036677,833,88
3621.433804,1900,223
3621.759165,3979,3
3621.979514,2707,15
3622.722357,4777,3
3622.89086,3657,10
3622.981807,132,47
3623.234928,560,26
3624.178511,298,67
3626.754067,4661,776
3627.141727,1740,36
3627.427708,2607,83
3627.625206,580,33
3627.722352,4540,49
3628.736278,560,19
3628.891189,242,46
3629.14111,556,22
3629.141443,3144,12
3629.390938,624,79
3629.429161,1906,3
3629.675495,125,55
3630.63607,585,21
3631.16851,606,30
3631.252034,2267,234
3631.728926,2974,62
3631.980304,363,5
3632.268009,1505,90
3632.918959,2016,95
3634.488297,338,50
3634.671419,806,100
3635.695742,2723,57
3636.181724,2115,11
3636.921417,395,42
3637.487693,2022,295
3637.738844,2414,13
3637.886775,1388,3
3638.222838,2218,512
3638.332257,3627,270
3638.72029,635,38
3638.727024,396,28
3638.88115,612,33
3640.168167,2032,520
3641.7264,3348,19
3641.981932,414,16
3642.448861,827,73
3642.730135,2140,3
3643.768703,556,21
3644.067844,1518,17
3644.291639,235,56
3645.48153,596,33
3647.462815,410,165
3647.728585,2065,16
3648.127731,1134,15
3648.427017,3895,160
3649.124181,5268,58
3649.409518,2573,434
3650.557663,5668,3
3650.896372,614,49
3650.979526,226,52
3652.147594,2001,9
3652.147634,5279,15
3652.629309,1994,302
3652.657451,775,7
3653.469667,562,27
3653.473739,3067,515
3653.956496,572,32
3654.236374,582,34
3654.419989,1595,47
3654.522212,1805,3
3654.571469,308,7
3654.979262,4032,14
3655.400344,429,33
3655.726069,556,22
3655.922751,3346,317
3656.395645,588,20
3657.744487,5316,3
3657.973845,2492,3
3658.767499,660,22
3660.024068,5911,3
3660.426523,7042,68
3661.177717,3704,9
3661.676571,1955,79
3662.717416,2765,3
3663.260531,681,3
3664.377395,1039,61
3665.144835,1120,8
3666.536946,182,163
3667.973116,1508,45
3668.026221,3324,319
3668.475885,561,17
3669.723962,206,44
3669.725155,2071,288
3669.88392,1833,3
3670.177095,5636,23
3670.976056,4066,81
3671.742422,3751,961
3671.984661,1075,48
3672.182382,1066,26
3672.521968,609,22
3672.641951,2112,12
3673.379394,357,97
3673.890112,1381,3
3674.628779,554,20
3674.785116,2698,3
3675.179424,548,9
3675.332113,170,19
3675.76797,114,33
3676.459684,588,35
3676.51934,3999,403
3676.989525,5317,3
3677.2331,2090,7
3677.641182,352,30
3677.758143,149,48
3677.998561,548,17
3678.225756,525,91
3680.004436,3709,322
3680.667737,4884,13
3680.72146,2796,3
3680.762774,2932,335
3681.130247,6639,86
3681.174894,675,11
3681.481695,287,10
3681.637649,5367,1024
3682.226544,653,32
3682.482434,709,59
3683.245087,5792,463
3684.484172,5051,3
3685.501048,4374,631
3685.640887,4181,50
3685.881456,2100,43
3685.925527,239,54
3686.151684,1267,342
3686.231286,463,54
3686.637723,277,142
3686.918224,303,66
3687.143622,552,10
3687.431625,743,23
3687.481541,594,22
3687.919454,609,25
3688.001849,474,41
3688.017009,283,52
3688.669421,177,47
3689.423501,1017,92
3690.013508,588,36
3690.638576,5388,14
3691.532502,653,86
3691.654122,605,17
3691.922156,1813,3
3692.160457,234,40
3692.222461,4123,16
3692.419221,7223,22
3693.400205,273,54
3693.519904,1869,359
3693.719591,5765,242
3693.721419,584,10
3695.154481,732,39
3695.427178,349,57
3695.898974,413,44
3696.174789,519,12
3697.226237,369,45
3697.478662,578,11
3698.435444,5673,3
3698.44553,4922,3
3698.738032,2253,352
3700.223177,561,9
3701.170591,576,32
3701.892234,4026,484
3702.168437,552,11
3702.900126,639,37
3703.63856,552,19
3704.419692,603,18
3704.639195,2226,3
3705.138899,1995,3
3705.149383,270,33
3705.228172,933,846
3705.635403,753,15
3705.705795,3187,176
3706.669173,1702,21
3706.800496,1864,413
3707.236257,349,44
3707.746819,595,4
3708.147113,2107,3
3708.384859,701,85
3708.786421,1663,10
3709.187373,5767,3
3709.719704,556,26
3710.424266,1015,3
3710.673704,654,3
3710.722516,1373,22
3711.168366,5934,3
3711.647102,621,30
3711.72503,613,15
3712.179442,1444,269
3712.541838,642,17
3712.672765,2257,144
3712.758759,2215,239
3712.902498,1639,154
3712.980697,514,53
3713.290167,2185,133
3713.727997,641,79
3713.93034,612,35
3714.124217,5569,1024
3714.17509,3788,10
3714.22963,4347,77
3714.397561,1591,40
3715.011315,1052,101
3715.153511,2412,284
3715.743359,602,24
3716.381942,497,10
3716.986436,1692,38
3717.172311,3366,185
3719.668855,637,36
3719.718186,3115,270
3719.729104,596,27
3719.914811,2627,467
3720.882884,556,13
3720.888898,824,77
3721.014297,349,52
3721.510757,930,34
3721.724889,2621,16
3721.920759,554,19
3723.442732,6172,32
3723.443575,875,16
3724.152669,558,19
3724.736909,594,43
3726.019994,2834,171
3726.638657,6116,289
3726.978021,1755,46
3727.128477,6715,23
3727.391324,3716,18
3727.650606,5118,3
3728.940791,625,30
3729.890262,4283,66
3731.630067,2086,309
3731.719129,5076,1024
3732.472256,2118,13
3732.888835,483,7
3734.638759,2170,504
3735.011469,177,46
3735.380502,2088,147
3735.479646,645,81
3735.669763,6076,57
3735.89222,833,16
3736.391294,576,30
3737.233307,708,96
3737.514032,1701,12
3738.123905,583,52
3738.137744,2251,12
3740.978142,2183,336
3740.982517,550,18
3741.473949,1940,244
3741.484254,1439,3
3742.474331,409,61
3742.474581,2423,381
3742.67235,6656,13
3742.760338,3007,300
3742.766888,1984,409
3742.968421,126,60
3743.392494,2015,320
3743.970008,236,60
3745.128721,360,41
3745.955378,2141,11
3746.422007,638,48
3746.625644,457,49
3746.973273,1369,44
3747.137756,1696,15
3747.878097,644,3
3747.925369,1533,18
3747.969759,1051,37
3747.972642,226,53
3749.18678,416,7
3749.22093,1793,139
3749.673299,5735,655
3749.743574,457,54
3750.393432,598,28
3750.760872,560,21
3751.269237,474,56
3752.231765,1270,273
3753.481395,4042,685
3753.673422,271,45
3753.705762,466,8
3754.772122,1431,47
3755.223258,457,40
3755.527069,2286,18
3755.990825,3315,12
3756.125667,759,45
3756.401759,5268,3
3756.670044,2501,323
3756.764086,556,21
3756.893255,204,64
3757.378677,820,39
3757.731278,4304,64
3759.689051,395,85
3759.728151,389,40
3759.895059,1694,3
3760.970219,623,22
3761.390716,594,24
3761.516521,238,43
3761.927108,4143,37
3762.222677,596,78
3762.40278,560,23
3762.675995,568,30
3763.646729,484,13
3763.727275,771,13
3763.89652,4788,21
3764.228971,640,3
3764.271739,3380,3
3764.971284,658,8
3765.760984,2194,13
3766.013888,617,20
3767.146357,7007,625
3767.383916,560,20
3768.221309,554,20
3768.260761,544,13
3768.485228,552,8
3769.273059,859,301
3769.978488,3345,261
3770.012841,548,9
3770.150793,2039,179
3770.212659,2500,42
3770.432996,453,11
3770.675676,2842,14
3770.727526,1503,56
3770.895795,322,42
3770.898815,2030,3
3771.14979,552,19
3771.407148,537,10
3771.484378,910,46
3771.644541,6663,553
3772.667085,552,19
3773.231144,1058,37
3773.268567,1193,38
3773.767325,416,6
3773.890147,966,20
3773.901412,2265,479
3773.990446,2521,12
3774.285504,2478,3
3774.59433,2178,219
3774.676021,1761,136
3775.007428,309,77
3776.704176,2958,16
3777.015437,322,47
3777.141385,444,71
3778.260123,4475,393
3778.38792,352,50
3778.725093,223,52
3779.637232,613,44
3779.67523,3080,163
3779.876319,548,20
3780.64084,495,16
3781.25954,427,70
3781.37459,2066,11
3781.396343,2217,15
3781.720419,584,10
3782.725185,250,56
3783.163995,985,18
3783.177598,183,52
3783.62642,1221,46
3783.693693,384,7
3783.97911,578,32
3784.378694,434,62
3784.399086,241,37
3784.720517,3464,578
3784.971358,758,11
3785.431549,7213,11
3787.137561,3151,2
3787.490316,5678,28
3788.137964,1390,124
3788.138165,410,24
3788.150424,566,28
3788.173478,235,39
3788.224246,2335,274
3788.477218,122,104
3789.168183,255,48
3789.231246,718,82
3789.478964,519,6
3790.484741,1582,3
3790.517714,1302,44
3790.985919,1249,76
3791.007057,3606,466
3791.007885,2468,201
3791.39365,2182,277
3791.876378,134,65
3792.66069,187,27
3794.137621,340,43
3794.175849,869,155
3794.383135,687,44
3794.64142,3503,10
3795.648754,646,24
3795.878875,572,32
3795.978569,738,10
3796.01404,2565,253
3798.988831,561,13
3799.235315,1016,427
3799.239619,2642,15
3800.482474,421,13
3800.680386,218,79
3801.53637,6872,3
3802.637422,4518,10
3802.983592,4579,10
3804.010402,897,106
3804.177651,3093,39
3804.234205,445,11
3805.002335,3605,3
3805.722792,476,104
3805.725666,356,40
3806.182967,5336,3
3806.646309,612,35
3807.01825,2417,282
3808.259276,2088,40
3808.491606,340,82
3809.219162,211,53
3809.265419,765,42
3809.723869,858,9
3809.736664,2829,205
3809.883005,550,10
3810.132209,566,29
3810.139128,1193,122
3810.232579,1460,3
3811.033684,1957,3
3811.645231,546,16
3811.669751,204,50
3811.985187,258,51
3812.226951,264,6
3812.888011,174,47
3812.995854,855,43
3813.388343,2424,267
3813.630438,618,3
3815.374689,2261,15
3815.752621,407,67
3815.980903,480,55
3816.013101,154,45
3817.123233,312,46
3817.227136,727,44
3817.229493,6696,419
3817.642482,2887,249
3817.897768,2402,297
3817.918738,418,34
3819.170259,5564,23
3819.40051,468,51
3819.646592,568,28
3819.669472,4227,418
3820.257841,2058,13
3820.624378,5078,102
3820.875843,439,9
3820.878149,592,42
3820.992374,2274,61
3821.472245,643,83
3821.512218,187,19
3823.224687,649,8
3823.723423,608,50
3823.728977,328,23
3824.168684,4601,306
3824.883382,546,13
3825.125352,2143,159
3825.222722,1915,3
3825.783213,594,41
3826.656668,556,21
3827.014965,644,28
3828.928998,909,178
3830.967594,226,79
3831.487851,1073,46
3831.676685,676,35
3831.727857,217,40
3831.969169,456,8
3834.2313,195,45
3834.564817,5644,3
3835.874827,6534,21
3836.031778,5563,193
3836.125121,596,26
3836.898164,7902,429
3837.626359,842,12
3837.627552,2595,552
3837.644781,176,50
3837.645254,3107,439
3838.145009,331,35
3838.379675,167,153
3838.470088,735,125
3839.218655,714,82
3840.140321,487,12
3840.211911,586,19
3840.219955,130,71
3840.22296,2189,38
3843.738093,2193,52
3844.26601,248,9
3844.67617,1200,93
3844.73352,455,6
3844.734312,836,10
3845.396313,849,36
3845.436927,6419,63
3846.739584,550,18
3851.130587,1076,45
3851.37491,3342,583
3851.478031,651,78
3851.983246,2202,423
3851.99806,3916,3
3852.012192,5816,20
3852.515314,903,10
3852.897451,2032,3
3853.239991,1935,63
3855.154387,2642,114
3855.422414,22,256
3855.623568,627,58
3855.985488,3754,37
3856.668659,665,8
3857.124373,1718,9
3858.242976,422,54
3859.132045,5580,3
3859.179378,570,31
3859.631447,287,34
3859.725097,614,3
3859.725417,269,51
3860.125159,558,24
3860.232719,3415,3
3860.320502,2649,323
3860.975902,453,66
3861.751745,624,36
3862.392765,556,13
3862.474977,584,38
3862.913757,1550,16
3863.765365,3575,354
3863.882246,586,19
3864.232446,548,17
3864.383503,646,20
3864.51626,2615,332
3864.52016,319,91
3864.891925,620,25
3865.259962,151,47
3865.519648,524,75
3865.634111,2125,13
3866.510615,189,55
3866.68223,109,54
3867.005628,5126,712
3867.017795,2519,15
3867.484916,721,26
3869.68959,596,44
3870.644497,4108,48
3871.668131,3934,438
3871.885112,3489,72
3872.26314,623,8
3872.421921,5478,506
3872.978103,262,38
3873.164826,598,25
3873.169126,556,13
3873.430472,1109,64
3873.764816,330,56
3873.896556,135,55
3874.135532,1413,68
3874.493873,2932,62
3874.763297,548,11
3874.884822,761,452
3875.427497,566,26
3875.73054,887,48
3875.733358,3237,493
3875.951483,558,22
3875.96191,5145,3
3875.984595,1795,160
3875.986247,495,111
3876.035331,547,8
3876.782058,5141,1024
3876.809304,433,8
3878.269443,1321,12
3879.13767,7616,97
3879.227442,3130,9
3879.897998,336,57
3880.382416,2029,39
3880.766173,633,11
3881.470805,550,11
3881.669446,174,47
3881.884141,5480,409
3882.480077,2256,376
3882.675231,552,18
3883.611459,4348,734
3883.724251,146,50
3883.975624,3344,20
3884.673067,3251,348
3884.722723,5501,205
3884.973787,2859,791
3885.265659,5717,20
3885.79333,4024,3
3887.77073,5437,920
3888.743122,597,3
3889.229125,2522,67
3889.441727,669,50
3889.476055,3181,192
3890.140652,1326,61
3890.895047,277,5
3890.980518,2012,108
3891.948257,319,16
3892.146617,872,160
3892.177532,582,55
3892.180661,2237,3
3892.399613,582,30
3892.431165,3144,58
3893.317845,5814,369
3893.485479,646,10
3894.758871,1620,44
3894.955996,1990,3
3895.383188,2820,266
3895.482912,862,129
3896.141346,556,23
3896.152727,1975,3
3896.927023,586,39
3897.992968,4563,135
3898.63818,382,50
3900.125231,583,100
3900.723455,595,49
3901.141965,560,11
3901.461886,761,3
3901.88787,601,18
3902.055284,4941,450
3902.223814,1715,243
3902.430193,1359,54
3903.139327,107,60
3903.403293,4320,3
3903.974559,232,6
3904.672922,109,29
3905.309847,554,23
3905.555191,556,24
3905.72446,3321,7
3906.021186,311,7
3909.018396,273,117
3909.225701,1354,11
3909.645607,5257,20
3910.224014,736,25
3910.229622,602,30
3910.468703,576,34
3910.900462,4975,3
3910.98016,3736,15
3911.42438,2875,339
3911.979241,2177,176
3912.643712,201,135
3912.644848,2628,13
3912.64654,1852,43
3912.886502,55,50
3912.889252,357,5
3912.998119,5625,1024
3913.390469,2372,237
3913.394214,599,54
3913.936138,1845,54
3914.468795,863,12
3915.130865,622,78
3915.155987,2075,270
3915.720454,1999,16
3915.779207,363,165
3916.483276,1900,3
3917.272869,1183,3
3917.288601,4548,12
3917.768125,346,106
3918.225441,422,48
3918.950377,1073,61
3920.020741,3562,469
3920.14568,2046,3
3920.148918,369,48
3920.505914,3144,341
3921.895775,590,24
3922.148297,376,8
3922.873429,813,199
3923.027816,5122,19
3923.222863,628,56
3923.332413,2100,435
3923.373668,554,25
3924.384254,4879,3
3924.62317,4193,483
3925.167287,619,19
3925.228881,359,16
3925.472774,6312,20
3925.477269,358,10
3926.034299,1899,3
3926.397536,1302,35
3926.487611,2717,366
3927.266245,609,22
3927.396905,605,20
3928.126326,129,34
3928.240914,647,33
3928.42768,2095,227
3929.005003,572,32
3929.17163,2262,271
3929.172625,59,66
3929.639068,2707,210
3930.484798,550,10
3930.896219,244,48
3931.888998,556,21
3932.766892,684,21
3932.921431,7859,234
3933.483545,311,8
3933.63572,634,94
3934.148504,406,65
3934.979154,206,45
3935.919463,6493,613
3937.147348,1232,3
3937.472062,2373,102
3938.921045,600,26
3939.38674,2784,510
3939.388725,2431,38
3939.581065,421,99
3939.895186,554,22
3940.630097,3212,52
3942.020416,3043,314
3942.489465,352,64
3942.668737,107,47
3942.983089,1945,444
3943.482119,489,57
3943.515705,6039,20
3943.975507,105,25
3943.995314,2121,225
3944.473928,584,18
3944.750463,4865,19
3945.422645,2490,410
3945.919183,5484,213
3946.218471,6687,411
3946.38946,4011,3
3946.38957,1813,153
3946.511711,404,98
3946.97,5308,928
3947.23117,558,24
3947.669938,703,68
3948.87307,2166,115
3949.918535,553,99
3949.977272,178,35
3950.181969,809,87
3950.982891,4962,18
3952.168253,2689,341
3952.632971,564,26
3953.515842,2038,3
3953.681922,2306,236
3954.887486,2722,14
3955.890849,546,16
3956.123994,406,48
3956.179016,2565,280
3956.422326,617,23
3956.495393,5797,26
3956.768032,6709,706
3957.69561,4675,3
3957.990642,3549,66
3958.390046,588,20
3958.47211,1486,149
3958.478279,2695,358
3958.822362,2290,275
3960.125429,191,114
3960.23654,5782,24
3960.774314,5809,505
3961.127972,1532,12
3961.640591,726,50
3965.000261,181,10
3965.474764,710,19
3966.179758,1904,11
3966.733013,2936,310
3967.511999,2130,108
3967.519336,2750,3
3967.736021,282,62
3967.922363,2124,264
3968.010809,356,82
3968.510608,127,42
3969.44044,1493,3
3970.666541,1506,3
3970.993946,508,50
3971.431267,743,32
3971.493053,103,40
3972.259133,823,59
3972.479508,568,30
3972.65071,895,416
3973.168565,3743,292
3973.487144,510,17
3973.64178,2041,261
3973.979863,403,50
3975.389264,290,46
3976.013184,357,40
3976.171808,389,44
3977.26121,125,37
3977.901196,5612,758
3977.910793,674,67
3978.016479,461,108
3978.640211,4608,26
3978.718295,346,36
3979.298514,1265,14
3979.984881,1632,167
3980.132476,2143,536
3980.138294,110,34
3980.143479,551,20
3980.301869,3548,590
3980.388703,2119,492
3981.181177,1920,3
3981.383352,299,61
3981.397762,1776,3
3981.472325,1039,12
3981.634461,576,34
3982.179995,199,52
3983.735628,625,33
3984.765725,2057,63
3986.019002,2056,186
3986.928282,1715,15
3987.682857,281,70
3987.688967,2477,458
3987.723782,297,57
3987.768313,548,55
3987.872818,195,105
3988.185749,714,35
3988.454555,195,4
3988.773342,2311,478
3988.974063,560,45
3990.287657,6153,21
3991.981138,184,3
3992.675532,173,81
3992.773001,950,3
3992.876721,537,21
3993.12743,1967,180
3993.771667,5416,3
3994.175296,433,93
3994.178341,113,68
3994.949545,5370,490
3995.013914,3461,65
3995.682779,5245,659
3995.726497,555,20
3995.762856,1838,93
3996.77097,1765,13
3998.277028,455,56
3998.901211,1152,37
3999.207455,2911,15
3999.227296,552,19
3999.472492,192,111
3999.480332,5149,527
3999.516989,3052,3
3999.638967,607,21
4000.145043,594,98
4000.429216,280,71
4000.724488,5908,23
4000.727491,479,6
4000.973961,558,52
4000.980426,199,118
4001.90497,606,29
4001.983149,560,49
4002.133901,183,113
4003.66898,438,51
4003.8858,548,17
4003.9519,241,170
4005.922302,201,44
4005.953936,1928,3
4006.223834,2298,111
4006.473374,601,18
4007.719956,595,90
4007.971939,287,49
4008.475765,2243,405
4008.638503,603,19
4008.974012,1891,668
4009.129644,556,13
4009.374142,626,35
4009.374967,294,101
4010.718962,2023,8
4010.723457,1905,298
4011.52528,4246,483
4013.468788,548,17
4014.975098,566,65
4015.382163,5968,397
4015.628214,602,24
4015.897624,2582,280
4016.379963,659,13
4016.900017,558,11
4017.490008,5397,3
4018.143305,619,20
4019.156909,380,12
4020.384122,808,5
4020.395903,362,55
4021.14651,2130,359
4021.393404,3197,302
4021.483609,2132,273
4021.97717,3203,327
4022.010681,2808,256
4022.67751,612,49
4022.883768,1535,136
4023.263865,3071,8
4023.762435,432,11
4025.23286,302,55
4025.678244,2821,14
4026.683868,580,36
4027.513696,1680,3
4028.037274,2122,10
4028.065714,773,20
4028.259942,739,70
4028.467513,3067,184
4028.46816,5493,3
4028.623972,373,52
4028.949168,860,47
4029.138324,3129,99
4029.985057,1573,195
4030.225495,648,99
4030.522173,554,12
4031.127164,528,35
4031.141206,408,43
4031.1535,443,42
4032.14292,594,32
4032.972323,554,20
4033.200396,329,90
4035.044263,558,22
4036.437324,883,2
4036.732653,1606,204
4036.974949,580,36
4037.129066,566,29
4037.269281,3313,767
4037.783122,3245,335
4038.176664,473,7
4038.470167,554,21
4039.22463,618,52
4039.444501,264,50
4039.474672,554,20
4039.904016,2241,92
4041.972158,647,30
4042.973544,1006,43
4043.178433,580,16
4043.262243,558,22
4044.91817,981,80
4045.106888,2120,87
4045.173168,582,14
4045.408875,5253,22
4045.49158,697,345
4045.513589,3391,3
4045.967811,54,40
4046.219481,580,34
4046.405386,2029,405
4046.471886,4637,3
4046.725443,5561,3
4046.873103,4169,44
4047.269171,2217,325
4047.627022,2856,19
4047.669563,1014,86
4048.231792,4538,542
4048.242148,846,7
4048.260466,2680,218
4048.433183,612,61
4049.262368,1352,13
4049.722417,131,50
4049.979434,214,60
4049.987567,552,20
4050.505001,1609,12
4051.48445,782,3
4052.127815,650,8
4052.232049,667,97
4053.626018,588,15
4054.37366,2364,176
4054.627001,1457,3
4054.781416,594,23
4055.983124,2460,23
4056.12677,774,8
4056.130958,2845,482
4056.474823,875,41
4058.300275,552,18
4058.381264,217,39
4058.91824,1780,65
4059.267074,532,82
4060.231542,599,17
4061.977776,2326,372
4061.980407,1919,16
4062.235368,1606,3
4063.727195,948,9
4063.735732,4206,581
4064.72458,720,77
4064.972512,1866,3
4065.123979,371,65
4065.170006,544,15
4065.223802,7463,3
4065.423753,569,5
4065.724149,3913,308
4065.770117,4028,15
4065.968647,2173,156
4066.421315,354,14
4066.672137,425,9
4066.728208,255,87
4067.422509,509,10
4067.647978,1355,3
4067.935775,228,45
4067.974057,1006,34
4068.668906,419,90
4068.72005,5000,824
4069.148101,3681,516
4069.648687,85,55
4069.728756,462,95
4070.564785,4951,3
4070.972439,2182,91
4071.219514,400,12
4071.419096,420,32
4071.472355,442,38
4072.142116,3506,47
4072.225591,566,29
4072.270532,4714,923
4072.769069,564,25
4072.91911,237,37
4073.266015,229,57
4074.763787,442,15
4075.731208,2007,3
4076.138709,206,43
4076.492037,349,126
4076.506993,4271,816
4076.775714,1575,19
4076.881975,377,13
4077.140996,300,7
4077.500761,98,44
4079.011478,343,43
4079.015701,4774,536
4079.431963,740,502
4080.68139,1838,3
4080.874994,460,51
4080.983875,548,17
4082.130927,1110,68
4082.494209,1113,7
4082.67805,5511,339
4083.008467,2281,287
4084.390474,2203,646
4085.137689,289,39
4085.480231,2333,24
4086.395357,2261,188
4086.640792,1602,44
4086.879513,1189,3
4087.396066,2136,158
4090.655606,4224,74
4091.175746,5109,19
4091.38287,530,9
4091.472248,3163,11
4092.227215,558,21
4093.2684,4418,63
4094.886843,733,51
4095.232343,816,11
4095.784167,5678,20
4095.800615,1093,3
4096.176425,5311,336
4096.510174,224,42
4097.183198,1479,67
4097.401614,352,45
4098.515131,644,20
4098.981473,556,21
4098.997542,3711,3
4099.225909,224,59
4099.46868,3260,313
4099.729079,3821,175
4100.384758,504,15
4101.013645,673,10
4101.146159,1270,49
4101.650093,1667,711
4102.221334,2720,291
4102.224954,1956,169
4103.149973,368,5
4103.258238,494,91
4103.518059,1838,39
4104.380617,1979,3
4105.521773,2078,3
4106.469824,159,46
4106.646573,870,115
4107.221521,562,27
4107.470524,587,12
4107.900775,2972,285
4107.967693,203,48
4108.271908,444,55
4109.025583,5248,20
4109.406428,4390,462
4109.785056,2048,354
4110.648859,909,110
4112.499171,600,28
4112.737102,4111,49
4112.88281,554,12
4113.997492,1617,65
4114.128685,5615,576
4114.150277,5579,220
4114.47939,2516,487
4115.980073,698,27
4116.230152,3587,1023
4116.401988,322,41
4117.17556,1878,9
4118.044255,1255,3
4118.625549,2175,202
4118.671068,576,31
4119.655564,2962,259
4119.982309,598,127
4120.89865,619,25
4121.398875,584,18
4121.722414,467,38
4122.135457,264,9
4122.143901,566,26
4122.381728,550,18
4122.895899,599,2
4123.155691,354,51
4123.260796,311,34
4124.231989,1339,35
4124.513332,365,100
4124.724675,2071,3
4124.731247,468,6
4124.731438,232,63
4126.258769,543,93
4126.429441,204,110
4126.629646,640,3
4127.22049,1565,57
4127.231162,1659,3
4127.470021,595,22
4127.513946,2278,229
4127.759292,452,28
4128.63862,6019,383
4128.736576,611,22
4129.009369,441,52
4129.470791,2292,239
4129.769795,550,18
4130.720329,2034,96
4130.887043,268,44
4131.158291,3672,3
4131.226577,185,107
4131.775049,556,24
4131.973855,5570,568
4132.26068,602,28
4132.65149,331,105
4132.999813,7396,809
4133.242375,914,113
4133.401758,478,41
4134.464789,3910,3
4134.879325,584,18
4134.982643,566,28
4134.987618,487,7
4135.262683,2470,332
4135.760832,4280,382
4136.478519,606,66
4137.512843,1682,324
4138.176303,2096,421
4138.241818,5333,169
4138.472512,1119,62
4138.688116,4142,469
4138.962295,2070,3
4139.151314,711,6
4139.175592,2395,183
4139.718217,1430,19
4140.22516,1654,163
4140.67424,3765,51
4141.223213,5298,261
4141.264005,836,84
4142.473813,1523,12
4142.759898,2716,56
4143.376589,1702,3
4143.510854,609,11
4143.761361,499,37
4144.217671,566,25
4145.400758,2754,314
4146.008025,125,51
4146.243667,550,18
4146.719736,2445,506
4146.799169,1276,3
4146.933284,1267,28
4147.169486,3980,49
4147.982121,314,70
4148.984506,216,55
4149.392701,2375,3
4149.891971,343,68
4149.892169,668,39
4150.246617,196,43
4150.935216,465,10
4151.521451,1459,268
4151.891379,1797,3
4151.98942,590,21
4152.51665,4006,3
4152.971586,615,24
4153.012718,305,7
4153.223621,586,39
4153.393119,2188,11
4153.398567,548,17
4153.480416,4577,3
4154.271042,888,11
4154.691829,2438,3
4155.512191,2716,369
4155.975915,401,11
4156.391947,2492,123
4156.629511,592,2
4156.728566,2025,3
4156.893791,1643,111
4157.550797,531,53
4157.928224,562,27
4158.763405,562,24
4159.206575,837,460
4159.537834,377,59
4161.769504,4887,581
4162.224653,570,23
4162.297832,3388,409
4162.887381,2066,7
4163.270974,2050,291
4165.979481,764,31
4166.146746,139,81
4166.227631,556,23
4166.280884,246,88
4166.696857,576,11
4167.012352,1167,110
4167.931634,2205,261
4168.509986,889,119
4168.721019,643,27
4168.980734,482,53
4170.151828,586,39
4170.227653,522,49
4170.433963,572,32
4170.445649,4982,3
4170.926945,5636,473
4171.224262,5789,568
4171.469893,2077,11
4171.63004,1874,237
4172.438774,613,18
4172.94544,5246,505
4173.474483,497,82
4174.973807,4529,3
4175.769464,274,39
4176.238258,608,112
4176.737684,560,25
4177.511296,633,59
4177.7351,2088,275
4178.282689,3364,34
4178.467816,366,193
4178.640962,5949,3
4179.635573,220,45
4180.21897,687,80
4180.725497,424,63
4181.231334,2220,167
4181.477641,222,8
4181.729756,2336,587
4183.019551,3753,3
4183.060871,671,52
4183.147539,554,21
4183.733204,2383,3
4183.789432,574,33
4185.889933,1021,54
4185.89015,6328,25
4186.01911,882,11
4186.257604,516,14
4186.393333,97,59
4186.876078,5716,413
4187.988651,169,118
4188.394363,380,53
4188.475652,295,71
4188.718772,521,68
4189.1274,572,29
4189.175224,1589,220
4189.472755,667,41
4189.919918,3813,365
4190.641786,600,46
4190.731095,387,7
4190.764288,53,44
4190.969705,308,64
4191.742676,274,184
4191.990621,2957,514
4192.140127,2822,352
4192.419998,606,30
4192.421803,361,106
4192.481111,492,51
4192.893875,2813,391
4193.145115,458,192
4193.920369,3879,239
4194.373139,110,51
4195.521651,1903,82
4195.74781,614,68
4196.280836,3807,28
4196.374754,429,12
4196.41929,292,38
4196.793717,169,198
4197.068435,3112,3
4197.228085,528,7
4197.825046,5231,3
4198.01921,548,17
4198.168553,594,41
4198.25788,564,28
4198.374686,3556,14
4199.728856,3052,253
4200.390298,288,67
4200.53646,2161,42
4200.763126,375,8
4200.779562,552,21
4200.911831,1740,3
4201.154866,3154,3
4201.238161,3764,495
4203.752988,1450,512
4203.935119,556,12
4203.971075,4027,569
4203.985351,368,7
4204.566619,2872,331
4204.969517,3264,528
4205.03162,5039,631
4205.222228,259,118
4205.228569,1559,45
4206.634882,2097,425
4206.851759,5896,269
4207.183327,1647,3
4207.501541,236,54
4208.169737,2103,3
4208.633593,1027,50
4209.168794,558,18
4210.171253,4413,90
4210.471747,296,54
4210.636165,564,17
4210.672239,5455,750
4211.718996,3420,577
4211.91844,250,48
4212.145593,132,40
4212.168843,548,17
4212.636158,570,28
4213.134462,2206,325
4213.478212,576,29
4213.728725,691,75
4214.155709,2480,13
4214.893315,269,44
4214.921274,333,141
4215.382613,80,37
4215.527928,554,20
4216.675487,2730,259
4217.279216,2424,3
4217.874708,2178,3
4218.40003,302,63
4218.646087,657,98
4219.875511,840,11
4220.025458,393,17
4220.139049,611,20
4221.275169,3559,53
4221.523331,1009,14
4222.400745,1124,131
4222.527455,4066,8
4222.748209,5095,3
4223.169328,255,46
4223.436099,554,20
4224.017828,1623,3
4224.141042,1319,3
4224.726725,158,63
4224.878611,817,109
4225.261539,1230,3
4226.261509,2716,183
4227.977032,4263,580
4228.475248,556,24
4228.87899,3223,3
4229.729195,2028,314
4230.771715,5006,543
4231.170056,5335,19
4231.668489,607,34
4231.874807,548,17
4232.393214,645,40
4232.523222,308,43
4232.888094,3811,59
4233.756518,2150,3
4234.602714,6003,3
4234.761123,3146,16
4235.377837,580,16
4236.177548,552,19
4236.71977,3428,300
4236.920807,611,100
4237.374012,2086,352
4238.401842,621,26
4238.476426,580,16
4239.244686,1288,101
4239.422955,4784,693
4239.479836,3083,3
4240.180785,1581,95
4240.658195,1865,3
4241.125799,58,59
4241.668534,624,40
4242.895375,5884,1024
4242.919841,501,77
4243.262247,3345,383
4244.013947,2307,327
4244.226274,614,35
4244.388032,4462,333
4244.433341,294,49
4244.645356,2963,301
4245.697008,2462,11
4245.72409,2467,432
4246.124624,601,11
4246.268948,194,55
4246.4258,833,108
4246.898937,2047,227
4247.512093,814,16
4247.73873,5166,364
4248.139704,606,26
4248.751153,3136,3
4248.751314,561,17
4249.6558,584,39
4250.138665,200,3
4252.390951,183,34
4254.309509,552,21
4254.520944,1336,118
4255.888221,4201,58
4255.925193,1093,49
4256.55272,3158,707
4256.894587,5225,457
4258.626382,2724,14
4258.683496,1539,93
4259.796172,3722,27
4260.624701,1754,3
4260.776177,1662,3
4261.185494,772,9
4261.397134,3221,220
4261.427266,2405,17
4261.62949,88,53
4261.747513,266,93
4261.761111,611,35
4262.397276,548,6
4262.897268,488,47
4264.511325,776,21
4264.683231,564,28
4265.012052,950,115
4265.268474,4655,3
4265.387137,2842,186
4265.532374,5773,14
4266.196208,2605,199
4266.394527,6420,3
4266.675261,588,19
4267.131956,292,41
4267.392081,564,28
4267.476866,200,8
4267.520235,2800,174
4268.014915,4386,21
4268.38897,2357,232
4268.484903,552,21
4268.637654,5886,19
4268.640393,552,19
4268.769002,341,98
4269.48734,570,33
4270.001395,647,19
4270.137167,2183,69
4271.222807,99,39
4271.384865,645,41
4271.952711,1590,17
4272.222242,552,19
4272.890422,313,51
4272.894281,2718,149
4272.982017,552,19
4273.635955,642,7
4273.727229,494,53
4275.747987,388,50
4275.890523,646,8
4276.132675,2387,28
4276.135538,653,32
4276.943098,3795,401
4277.031567,2605,9
4277.137921,1371,3
4277.224477,175,66
4277.902365,1153,53
4277.97216,590,23
4278.675123,614,22
4279.283507,2079,338
4279.926697,550,18
4280.142746,317,110
4281.490837,2060,103
4282.424689,418,12
4282.483966,405,51
4282.586421,2945,462
4282.638435,338,84
4283.050837,734,19
4283.730358,550,20
4284.392785,5663,3
4285.009884,4517,41
4285.475466,613,22
4285.516976,1200,549
4286.267022,265,43
4287.027398,2856,3
4287.169763,2752,3
4288.750597,566,18
4289.581662,4409,11
4289.875167,6558,24
4290.39284,566,27
4290.484368,2600,395
4290.637473,852,59
4291.560753,6245,335
4291.641118,891,50
4291.98194,665,61
4292.62345,262,46
4293.894783,3442,55
4294.015562,3369,3
4294.47955,352,44
4294.926903,1120,98
4295.177463,1971,25
4295.876949,1002,79
4296.724214,1830,3
4297.254216,568,28
4297.263656,579,59
4297.396094,2052,212
4297.476628,4420,16
4297.581882,2364,15
4297.772848,4492,26
4297.918542,1840,3
4298.175659,4061,3
4299.373086,2660,269
4299.66116,566,28
4300.231461,1773,205
4301.127078,169,50
4301.229882,122,19
4302.168805,935,40
4302.419425,2374,3
4302.87911,497,51
4303.39043,572,32
4303.723441,423,117
4304.426105,536,11
4304.678235,548,16
4304.7266,2215,3
4305.51148,3381,56
4306.015128,590,19
4306.420137,3545,37
4306.652829,1653,52
4306.681092,5403,3
4306.686941,544,14
4307.169581,719,12
4307.41428,1887,11
4307.479778,895,124
4307.889837,603,39
4308.218857,3191,31
4309.240287,2030,769
4309.477423,572,32
4310.492229,425,6
4310.531893,319,65
4311.237473,2856,15
4311.478151,602,27
4311.653646,973,98
4311.941527,490,6
4312.425492,322,43
4312.632155,2053,537
4312.66918,440,79
4313.232148,3717,3
4313.920969,3204,3
4313.923858,1935,3
4314.146363,202,15
4314.483439,1564,44
4314.483887,544,15
4314.984724,558,25
4315.229824,3096,346
4315.231918,458,49
4316.234792,676,6
4316.326429,698,85
4316.671201,552,19
4316.902153,641,63
4317.763833,2013,13
4317.877295,4412,66
4318.730084,53,45
4318.985721,625,21
4318.994811,558,23
4319.182609,2851,96
4320.221274,2206,3
4320.24139,449,115
4320.518482,3592,16
4320.681857,2080,132
4320.899675,704,97
4321.177071,1941,3
4321.50193,288,84
4321.676849,3987,241
4321.93972,1112,77
4322.377623,185,41
4322.503605,429,87
4322.9256,360,47
4324.020145,4905,1024
4324.275643,2145,42
4324.725232,3267,40
4324.735565,580,26
4325.896221,1852,277
4325.903341,580,21
4326.975038,818,81
4326.975504,1423,529
4328.305441,3911,33
4328.47271,594,24
4329.517924,420,68
4329.931413,548,17
4330.000215,554,20
4330.480039,1923,380
4331.028334,2048,260
4331.678495,3861,185
4331.795422,2511,503
4331.986064,478,43
4332.067849,355,87
4333.680598,4193,69
4334.224035,215,101
4334.902657,3467,53
4335.376138,613,43
4335.629723,1406,45
4336.017777,324,93
4336.400651,5257,24
4336.901258,2052,505
4338.01822,556,13
4339.221624,3074,17
4339.886284,2594,213
4340.082401,3869,49
4340.426775,566,26
4340.479078,441,37
4340.648158,592,33
4340.652449,282,49
4341.396708,1758,3
4341.458979,1455,68
4341.747608,825,174
4341.929907,4890,9
4343.668495,4354,669
4343.672405,2715,47
4344.132989,1121,34
4344.1874,562,27
4344.418867,1509,3
4344.51907,2664,12
4344.554307,5190,498
4344.554767,2029,12
4344.55639,598,30
4344.975964,3149,597
4346.057366,2971,3
4346.148563,514,46
4346.148675,550,10
4346.407094,603,16
4346.422543,2146,212
4346.723933,3643,3
4346.918615,597,16
4348.229894,376,68
4349.128411,1637,43
4349.377711,604,31
4349.468022,5220,23
4349.734387,556,14
4350.167935,315,8
4350.219749,443,66
4350.483995,3215,3
4350.489758,1440,179
4350.531913,2699,331
4350.673653,5559,973
4350.919054,499,62
4352.268714,3416,373
4352.523413,7552,48
4353.520997,5314,416
4353.575299,345,33
4353.738747,4573,3
4354.243161,301,41
4354.292099,5104,860
4354.77242,4309,55
4355.647762,570,31
4355.900067,549,97
4355.982879,1810,3
4356.38364,737,329
4357.135825,1497,3
4357.148102,521,249
4358.381392,1981,113
4358.726276,743,8
4359.489458,556,22
4359.516881,645,15
4360.452072,4588,574
4360.723408,2439,359
4361.008949,1845,454
4361.259925,138,41
4361.510909,3144,48
4361.641009,440,21
4362.394825,4496,3
4363.125414,233,52
4363.181412,4664,295
4363.722753,221,54
4364.488764,470,93
4364.680969,920,39
4364.918526,1227,17
4365.479073,732,48
4365.968875,294,116
4366.88922,892,111
4366.970692,2347,45
4367.627279,600,18
4367.663298,1406,3
4368.87323,1751,3
4369.025864,857,60
4369.738943,2020,326
4370.200237,482,8
4371.039737,137,37
4371.212874,633,3
4371.388001,2420,3
4371.624247,3303,41
4371.925366,554,12
4372.781379,659,38
4373.391245,550,10
4374.887481,2100,420
4375.637581,3311,377
4376.266635,1365,47
4376.42838,341,141
4377.633616,560,26
4377.97883,5812,24
4378.537157,948,114
4379.162174,2483,432
4379.401089,3632,3
4379.519497,568,27
4379.89567,1957,152
4379.896115,608,50
4380.502133,553,13
4380.686908,259,2
4380.773704,821,48
4381.637388,2731,3
4381.884446,1703,3
4382.430964,470,50
4383.011188,298,53
4383.151783,1541,3
4383.517112,2150,84
4384.13485,4261,395
4384.261349,544,35
4384.383223,2358,3
4384.727521,2783,435
4384.775657,3764,339
4384.787909,499,6
4384.977774,570,26
4385.136976,3136,17
4385.262967,1121,16
4385.473591,458,102
4385.695372,548,13
4385.696122,269,3
4385.724879,711,59
4386.631635,487,7
4387.140939,5480,23
4387.474842,2232,299
4388.266803,5288,401
4388.474154,1262,61
4388.644836,1253,72
4389.272718,116,74
4389.767278,487,51
4390.139523,4113,409
4390.635489,1563,13
4390.807431,556,23
4391.385054,2530,3
4391.654018,1296,44
4393.430058,810,55
4393.92789,554,20
4395.488885,2941,277
4396.138182,637,33
4396.873651,3066,226
4398.141284,217,40
4398.644263,2352,88
4398.740799,1828,173
4398.882803,4587,157
4399.148777,362,14
4399.231443,1217,10
4399.74571,1322,49
4399.756953,147,119
4399.888415,1800,43
4400.250173,797,305
4400.975087,5545,20
4400.975438,427,52
4401.639937,2079,3
4401.925318,475,4
4402.147564,2283,3
4402.516111,741,110
4402.729675,5392,507
4403.226717,1702,233
4403.726252,670,29
4403.753186,1934,3
4403.879116,619,23
4404.014876,569,73
4404.169494,567,7
4404.264875,625,99
4404.67078,1984,3
4404.788548,879,95
4405.419182,422,48
4405.428446,813,14
4405.755956,804,160
4405.764944,657,14
4406.736547,56,52
4407.22893,5385,544
4407.266594,1702,14
4407.430208,566,29
4407.479056,629,104
4407.983649,4097,47
4408.377193,1391,68
4408.517796,6003,22
4408.901563,449,52
4409.648476,379,3
4410.404635,2773,43
4410.893294,5166,822
4411.150121,550,21
4411.249893,582,17
4411.381026,1805,3
4411.892741,5727,385
4412.168426,4450,65
4412.233237,4688,3
4412.241844,438,95
4412.542215,417,46
4413.171525,1934,254
4413.471115,1570,3
4413.471295,409,209
4413.663051,832,20
4413.873215,5572,24
4414.773295,6763,9
4416.140161,602,28
4416.380033,2041,246
4416.394361,325,8
4416.901698,550,18
4417.170008,3664,3
4418.133117,538,92
4418.224347,462,9
4418.475314,574,33
4418.723549,2378,3
4418.766775,2680,423
4419.231371,4546,44
4419.980774,425,43
4420.383523,1864,25
4421.491472,6379,808
4422.182057,554,20
4422.23782,297,8
4422.419604,320,9
4422.993221,2064,47
4423.135602,1722,275
4423.511514,399,43
4423.649126,1120,102
4424.233686,443,69
4424.724779,560,24
4426.977486,700,383
4426.978122,1818,3
4426.990639,598,43
4427.219027,7462,200
4427.442695,429,85
4427.87991,666,89
4430.884604,572,32
4432.140612,4417,804
4432.47388,566,29
4433.514241,2975,443
4434.260469,318,72
4434.422935,1254,13
4435.139724,566,29
4435.639441,766,10
4437.385892,1973,3
4437.768014,3650,356
4438.262405,2079,225
4438.391397,2236,340
4438.458068,2217,314
4438.723321,616,34
4439.890118,267,41
4439.892482,379,94
4440.760204,2014,380
4441.154099,731,34
4441.640559,592,25
4441.723887,236,6
4441.982311,1714,8
4443.247711,5910,20
4443.248038,5508,736
4444.127736,732,64
4444.141382,5787,3
4444.66909,263,52
4444.925877,2260,355
4445.72633,568,30
4446.471945,552,21
4446.896215,1906,491
4446.97984,205,3
4447.237105,880,56
4447.874749,2270,301
4447.875357,5451,468
4448.511428,7133,320
4449.397684,1895,49
4449.419587,544,101
4449.718872,324,31
4450.012325,358,67
4450.224973,5396,400
4450.41902,2567,623
4451.672028,325,54
4452.742739,120,64
4452.918196,564,21
4453.234305,1856,14
4453.404811,485,56
4453.646273,2339,154
4453.9314,841,92
4456.931758,1847,11
4457.155524,3448,11
4457.26607,6016,15
4457.401588,253,50
4458.030779,365,64
4458.378427,3369,54
4459.301813,3828,861
4460.228976,4686,717
4460.396288,3572,3
4460.486799,584,38
4460.903824,632,45
4461.095263,666,17
4461.223976,1769,48
4461.267737,1827,342
4461.987033,7038,24
4462.164279,2591,252
4462.399556,550,10
4462.636732,812,57
4462.896342,4354,53
4463.641072,673,112
4464.235722,3095,260
4464.485925,656,70
4464.644079,3582,3
4465.399228,326,40
4465.645379,4379,185
4466.768401,3217,469
4467.283385,552,19
4467.516788,256,5
4467.900249,554,20
4467.970747,256,108
4468.814031,1891,3
4468.926333,1671,3
4469.220064,333,6
4469.234238,1772,11
4469.730227,2448,422
4469.767885,588,38
4470.020699,203,47
4470.97384,590,90
4471.649824,7272,3
4471.986009,576,29
4472.152038,3960,3
4472.647396,1309,43
4472.723116,53,57
4472.973275,2288,235
4473.149255,1883,85
4473.169011,1180,60
4473.378502,2996,465
4473.389956,1557,301
4473.646653,321,11
4473.92514,472,28
4474.406158,465,6
4475.144513,550,18
4477.188676,566,27
4477.272962,530,10
4477.732883,3589,773
4477.887547,556,23
4478.223572,629,35
4478.687031,564,25
4479.487315,468,59
4479.52444,423,55
4480.38914,833,69
4480.644441,728,35
4481.176321,1804,234
4481.17973,257,135
4481.179852,524,76
4481.424742,6205,20
4481.483824,1823,225
4481.58331,3112,511
4481.925419,2796,227
4482.055359,1242,3
4482.479067,1935,420
4482.879159,1610,43
4483.141437,747,65
4483.175485,2261,11
4484.020905,5609,262
4484.132797,413,5
4484.920774,159,138
4486.490457,554,20
4486.628006,1895,3
4486.725621,1943,202
4487.800634,4906,3
4488.629541,103,67
4488.972975,2674,281
4489.128484,1084,58
4489.346135,4383,72
4489.393526,1648,3
4489.475208,624,22
4489.723996,442,47
4491.29222,2496,599
4492.469709,1637,3
4492.758892,477,71
4493.72721,5535,629
4493.891352,3498,433
4494.013673,1212,54
4494.639194,552,19
4494.768769,2550,136
4495.01764,612,34
4495.020941,71,36
4495.021232,2576,17
4496.893312,615,26
4497.523059,2014,89
4498.025012,2438,226
4498.142954,267,63
4498.270494,604,15
4498.433505,637,35
4498.804524,1759,441
4499.141019,228,36
4499.396846,562,25
4499.639352,2411,18
4499.743001,3549,270
4500.67424,2713,534
4500.930153,582,25
4501.039155,1448,3
4501.219552,594,34
4501.225739,554,22
4501.235282,324,86
4501.479516,2400,389
4501.524631,1983,14
4501.974257,620,102
4502.135134,194,19
4502.230467,1989,3
4502.4746,467,7
4502.524551,1182,48
4503.233237,365,72
4505.222965,278,96
4505.51424,378,83
4505.65614,603,10
4505.673236,1044,88
4506.476036,389,72
4506.727507,1883,460
4507.715351,1300,41
4509.728145,308,8
4510.978797,2392,534
4511.013494,7992,3
4511.874729,457,6
4511.974347,840,10
4512.639994,434,12
4513.482258,4884,11
4514.177725,3340,126
4514.643782,205,3
4514.973055,439,11
4515.140944,841,67
4515.396444,2025,32
4515.474636,2245,546
4515.728048,526,71
4515.979005,1806,483
4516.127797,2438,3
4516.132364,603,21
4516.741,219,62
4522.476149,3714,982
4523.150814,1996,304
4523.89998,562,24
4524.228873,619,67
4524.391655,2434,18
4525.485304,597,16
4525.638774,520,42
4525.877812,729,3
4525.976668,3126,201
4526.972978,2168,173
4527.519532,1750,3
4528.39143,432,11
4528.887935,603,17
4529.138207,2750,270
4529.225215,461,7
4529.235913,882,47
4529.747672,2092,284
4530.515579,848,87
4530.897266,183,138
4531.192582,460,4
4531.474953,633,27
4531.682198,196,3
4532.099773,1862,15
4532.889783,1573,77
4533.730684,1805,14
4533.982333,641,14
4534.397724,598,17
4534.401036,938,82
4534.635304,2425,44
4534.791275,560,20
4535.396548,3316,503
4535.473534,393,44
4536.01228,306,31
4536.143886,901,11
4536.170643,397,44
4537.200753,5224,3
4537.228828,3439,396
4537.466061,2410,287
4537.52109,3641,295
4537.677097,633,16
4538.262965,558,22
4538.522836,463,9
4539.645352,2517,208
4540.978813,3368,428
4541.481109,403,11
4542.883593,2564,56
4542.986889,2350,24
4543.024573,3093,40
4543.673049,385,10
4544.221173,2098,171
4544.722088,589,14
4544.7352,716,9
4545.380607,722,7
4545.483144,5301,205
4545.729779,2141,291
4545.887795,1048,78
4546.396544,570,11
4546.526519,2656,118
4546.93748,4111,1053
4547.124932,2202,19
4547.62388,217,56
4548.875281,2401,188
4550.000043,562,90
4550.149384,582,45
4550.153891,598,28
4550.654845,7584,20
4550.927025,1683,13
4551.627514,6815,3
4552.736757,2429,3
4552.802562,2346,320
4552.928432,568,27
4553.270831,2146,12
4553.980934,311,8
4555.186674,1871,3
4555.98742,5216,718
4556.125174,284,7
4556.252459,1293,3
4556.424323,326,7
4556.975641,517,55
4556.975793,339,52
4556.976343,4821,613
4556.976753,561,22
4557.22626,1118,109
4557.235182,1641,3
4557.260766,2314,330
4557.406693,1074,53
4557.624851,423,12
4558.374283,2859,38
4560.260716,250,50
4561.419998,2614,333
4561.513387,4744,216
4561.724385,555,43
4561.725731,1105,3
4561.978676,522,76
4563.014328,2956,199
4563.227527,287,65
4564.267889,125,92
4564.918403,5518,24
4565.3802,574,22
4566.233946,554,18
4566.992078,588,20
4567.513943,1919,268
4568.2338,572,32
4568.637438,2136,112
4568.878286,918,39
4569.22228,2072,412
4569.727438,4779,547
4570.425922,2075,102
4570.644113,548,14
4571.719151,410,95
4571.88911,584,10
4571.969884,4928,1168
4572.523528,2669,14
4572.726062,862,16
4572.728345,3421,332
4572.974734,582,34
4573.929698,489,7
4574.22639,576,34
4575.013669,577,49
4575.134712,548,17
4575.657004,3695,3
4575.78989,3431,15
4575.802075,543,6
4576.92555,341,37
4577.890615,414,167
4577.979058,886,59
4578.978299,326,46
4578.980178,615,11
4579.236211,293,60
4579.506752,273,91
4580.003321,552,21
4580.286715,550,10
4581.537091,402,12
4581.725855,4003,11
4582.064985,1686,16
4583.525751,2822,3
4583.77315,3043,382
4584.234524,4115,46
4584.918453,1189,61
4585.131722,554,22
4585.427809,1994,394
4586.818365,1491,73
4587.262136,523,69
4587.423266,183,30
4587.481095,182,5
4587.936569,97,40
4587.989913,7479,27
4589.732902,3005,224
4590.64688,4266,649
4591.729321,556,13
4592.385483,2781,842
4593.625535,3188,24
4593.798884,2942,871
4593.979005,2554,354
4594.262699,344,40
4594.267864,2038,28
4594.978752,3550,657
4595.225666,1493,11
4598.987211,3857,3
4598.987767,582,17
4599.016398,1907,14
4599.236349,602,26
4599.722923,141,49
4600.636293,560,69
4600.890052,2067,16
4601.234136,2984,362
4601.240991,2012,352
4601.764096,2320,15
4602.142069,338,11
4604.271983,4879,3
4604.388941,558,24
4604.389308,514,75
4605.766621,1470,8
4606.128097,641,11
4606.270388,210,5
4607.126207,621,23
4607.233927,377,11
4607.234176,213,75
4607.968311,378,11
4608.792653,7346,24
4609.033258,240,61
4609.271864,2816,3
4609.483316,2528,26
4609.640961,2294,41
4609.933219,711,12
4610.475424,1207,3
4610.639482,2625,452
4611.015391,3743,280
4611.770082,571,11
4611.975244,601,12
4612.028123,429,46
4612.475873,849,30
4613.475309,606,27
4614.014436,482,111
4614.376658,3378,389
4615.218265,689,11
4615.510723,2336,241
4615.970386,1446,38
4616.285556,359,48
4616.66957,1012,69
4618.624216,191,45
4619.729359,315,158
4619.729471,562,25
4619.975048,556,24
4620.634931,546,87
4620.761437,364,40
4620.977741,202,66
4621.750353,3070,856
4622.397807,608,15
4622.478301,815,41
4622.482431,562,22
4624.023839,2118,3
4624.639009,641,57
4624.721305,512,82
4625.222539,4711,27
4625.399519,177,3
4626.018484,4176,54
4626.471953,568,29
4626.810972,544,9
4626.876427,614,20
4626.926175,4474,617
4626.945461,2836,236
4627.952483,917,82
4628.221115,1752,3
4628.42552,5325,739
4628.72527,1696,13
4628.940117,3510,3
4629.472524,273,59
4630.739785,6131,20
4634.343716,2253,240
4634.470698,2479,3
4634.552128,1120,94
4634.552385,568,25
4635.22086,602,8
4635.488092,1012,136
4635.651919,55,42
4637.638962,570,70
4638.128034,2774,3
4638.138232,522,86
4638.468791,139,121
4638.521498,554,18
4639.471808,582,14
4639.893643,131,63
4640.025808,216,120
4640.141981,467,49
4640.267542,3286,8
4640.38981,1872,3
4640.418764,701,67
4640.642988,560,26
4640.771177,586,39
4641.272725,615,11
4641.668451,357,19
4642.763016,1040,47
4643.010421,2152,429
4643.012064,596,24
4644.394219,4978,19
4644.725257,2634,266
4644.984672,604,90
4645.483359,1341,3
4647.152072,233,41
4647.516689,3189,186
4647.980875,3697,19
4648.973647,603,19
4649.472189,917,298
4649.637127,601,18
4649.724342,584,16
4649.777963,3478,384
4650.138337,231,8
4650.176342,3185,47
4651.017332,1071,115
4651.33447,566,565
4652.002233,2232,18
4652.231319,1586,135
4652.678095,397,11
4653.736939,3214,174
4654.675267,1828,12
4655.236803,2740,204
4655.469564,3726,309
4655.517199,770,12
4655.718753,347,51
4655.968657,582,9
4656.138111,2184,16
4656.169615,2173,344
4656.636508,344,54
4656.94266,3069,11
4657.133935,554,12
4657.900631,570,29
4657.918438,560,25
4658.740565,1656,13
4658.972028,1023,89
4658.980431,79,26
4659.641339,1923,38
4660.160082,562,27
4660.274932,564,28
4660.490281,2359,18
4660.668218,579,68
4660.74368,4382,3
4661.267332,715,48
4662.219267,2860,132
4663.052935,1991,617
4663.440293,1952,173
4663.513516,1843,3
4663.663971,276,10
4664.174553,3731,510
4664.231238,568,27
4664.975234,434,72
4665.01004,287,117
4665.017691,5343,370
4665.034531,4314,71
4665.760052,772,52
4666.625238,583,46
4667.396444,570,31
4667.718801,1632,15
4667.879891,1912,13
4668.225695,1764,305
4668.381665,556,36
4668.669639,558,11
4668.728312,632,6
4669.399599,614,19
4669.97291,271,169
4670.143003,204,116
4670.168254,2315,318
4671.125368,3863,342
4671.484254,612,18
4672.390238,231,48
4672.484419,457,38
4672.544637,1546,3
4673.980328,6794,609
4674.012483,1428,62
4674.623464,1822,281
4674.730139,696,296
4675.217344,4293,951
4675.24164,558,22
4675.243186,600,27
4675.483053,562,27
4675.931795,2334,53
4676.130538,462,49
4676.219757,2485,448
4676.759993,564,17
4677.509963,423,50
4678.470542,555,11
4679.253841,838,91
4680.221323,568,11
4680.484777,803,50
4680.485346,862,15
4680.904289,2467,3
4680.978295,717,54
4681.380092,3871,31
4682.641713,1892,78
4682.768242,351,103
4682.987583,3239,3
4683.235522,379,11
4683.734907,604,3
4683.983901,564,27
4684.394439,594,23
4684.760353,2045,10
4684.884412,556,23
4685.261578,1883,10
4685.930237,554,23
4686.746037,2738,3
4688.899123,212,3
4689.242089,4143,65
4689.896594,636,17
4689.899125,406,19
4690.003394,55,78
4690.071203,567,26
4690.643937,68,46
4691.135827,562,27
4691.431583,4668,29
4692.177042,2596,11
4692.224784,1855,3
4692.736741,1108,105
4693.331828,3372,46
4693.354925,5411,3
4693.70839,4335,60
4693.728478,293,33
4694.637087,3464,3
4696.513113,163,55
4696.898193,1313,175
4697.492757,2548,276
4697.726061,905,3
4697.728271,573,31
4697.929531,424,40
4698.642157,745,183
4698.764703,282,99
4699.125766,2276,3
4699.630536,619,11
4699.874934,1958,61
4699.878258,4521,23
4699.930177,3012,389
4699.973295,305,133
4700.227725,698,93
4700.272608,2724,8
4701.64426,1503,3
4702.501444,1176,53
4703.295714,190,74
4704.268226,3695,54
4704.880626,154,102
4705.219421,1816,13
4705.224045,2882,211
4706.22644,550,21
4706.539521,1397,3
4706.562322,706,87
4706.638483,412,40
4706.670644,1379,11
4707.266897,782,122
4707.63501,5067,18
4708.381077,562,24
4708.658904,1067,12
4708.931061,4811,15
4709.382047,983,14
4709.921272,428,112
4711.229393,1200,3
4712.482118,422,82
4713.035425,291,123
4713.425258,3814,3
4713.73881,588,5
4713.981322,1949,3
4715.983557,583,7
4716.01477,4596,130
4716.39319,5192,20
4716.64228,533,93
4717.010826,181,49
4717.150213,3004,8
4717.151767,5310,134
4718.013053,1706,11
4718.975217,2268,33
4719.419214,1222,455
4720.68825,3860,14
4720.905964,552,19
4721.421272,493,13
4721.669112,578,46
4722.924344,709,12
4723.142766,237,94
4723.684448,243,6
4723.757184,615,40
4724.094937,1734,3
4724.769253,1171,60
4725.254254,4162,9
4725.428913,2337,471
4725.45736,596,66
4726.137765,609,22
4726.388803,1729,120
4726.890162,5647,373
4726.93391,2711,414
4727.458641,2211,631
4727.492181,432,45
4727.933344,1688,255
4728.234987,779,11
4728.390426,2708,237
4729.010035,5465,9
4729.384643,554,20
4729.39551,124,62
4729.921721,1739,3
4730.128921,568,22
4731.226717,2585,272
4732.125362,639,23
4733.183086,560,23
4733.254179,1618,575
4733.4817,368,21
4733.730009,569,50
4733.927642,376,47
4734.272817,2988,3
4734.41934,5440,380
4734.770265,2500,25
4734.786698,207,41
4735.152187,2089,218
4735.171203,1273,3
4735.235623,448,212
4735.75078,3276,3
4735.895712,5508,24
4736.265097,124,67
4736.925126,367,54
4737.037248,5478,3
4737.642376,554,19
4738.174577,4827,3
4738.974699,717,24
4739.643839,556,24
4739.668524,5166,30
4739.677893,303,43
4739.918559,3479,314
4739.919061,4477,597
4740.480095,528,14
4740.480212,208,7
4740.891815,5340,3
4742.138878,1274,3
4742.648424,3470,270
4743.400644,2028,80
4743.655392,2193,206
4745.168346,631,28
4746.134435,243,7
4746.682545,2221,219
4746.975281,1358,123
4746.976351,2335,429
4747.19695,340,37
4747.38269,4605,460
4747.670232,596,47
4748.21858,5714,460
4748.478958,5464,661
4748.646941,520,38
4748.727658,2876,136
4750.516332,1428,3
4751.388204,1023,86
4752.726357,56,70
4753.64512,1835,463
4753.650711,2293,565
4753.721846,7474,508
4755.889959,394,48
4756.127501,414,73
4756.263348,619,17
4756.769004,2610,13
4756.876774,304,5
4757.3883,5613,22
4757.519141,720,3
4757.540399,603,8
4758.729901,558,21
4758.732668,6787,18
4761.220177,2702,302
4762.176282,1345,15
4762.236237,726,118
4762.413257,570,31
4762.428357,5958,568
4762.691326,230,45
4762.875687,5526,236
4763.482005,386,7
4763.797212,2919,10
4763.887801,576,34
4764.378,2534,326
4764.721876,613,11
4764.973667,1093,58
4765.377748,326,32
4765.513069,3564,35
4766.97322,231,52
4767.009852,556,23
4767.014219,5911,27
4768.023498,4055,13
4768.024019,408,87
4769.634467,1082,21
4770.759132,418,57
4770.99053,339,49
4771.010742,424,64
4771.224985,193,46
4771.586605,592,25
4771.763128,7838,11
4771.97425,4228,327
4772.168019,6065,20
4772.188813,2164,12
4772.511442,4739,557
4772.523152,2462,8
4772.525622,1508,36
4773.139215,794,48
4773.325496,1833,3
4775.132392,153,54
4775.474922,260,43
4775.719605,228,59
4776.258936,665,51
4777.648568,4658,273
4778.474021,584,17
4779.259858,494,48
4780.159076,5563,443
4780.718425,5305,393
4780.764491,576,34
4780.873309,312,48
4781.499089,7749,3
4782.480194,3069,3
4782.496726,409,8
4782.87731,593,55
4782.974844,2084,201
4783.638248,5065,566
4784.173947,1699,3
4784.978535,123,88
4785.62916,544,11
4786.38258,2921,512
4786.736138,368,49
4787.272617,6620,557
4788.788692,574,33
4790.183185,1860,3
4790.183775,4212,272
4790.799828,2517,249
4791.486003,568,16
4791.987264,560,17
4793.133068,619,21
4793.149401,7242,3
4793.739105,716,62
4794.174432,1795,326
4794.262324,1705,296
4794.454492,1623,226
4794.986838,586,19
4795.346138,297,35
4795.428527,1733,3
4796.42944,896,47
4796.482272,568,30
4798.002428,582,37
4801.498169,1951,76
4801.82693,325,103
4801.98245,502,88
4802.456886,166,46
4803.23202,749,98
4803.391763,1316,8
4803.888361,5222,20
4803.990319,314,46
4804.2392,3695,3
4804.239602,2160,52
4805.898639,5045,3
4808.146785,333,56
4808.727277,4384,1024
4809.138967,4534,3
4809.231577,607,21
4809.67855,534,10
4809.837726,1552,50
4809.970081,501,44
4810.179047,554,20
4810.281583,558,22
4810.29825,4850,3
4810.878641,552,19
4810.897335,586,59
4811.667867,560,13
4812.223265,6616,20
4812.728684,1917,149
4815.890033,276,27
4816.692218,604,44
4818.982919,1411,90
4819.053637,431,11
4819.993699,5162,865
4821.983159,7370,556
4822.637731,689,46
4822.681623,4265,380
4822.739938,335,45
4822.972009,582,32
4823.422436,635,62
4823.731945,1975,3
4823.731985,1888,12
4823.889379,584,18
4824.393999,5788,20
4824.668816,621,38
4824.889436,598,22
4825.143406,2832,9
4825.726543,530,100
4825.909359,4853,483
4826.17143,359,96
4826.271143,306,45
4826.637336,667,3
4827.023711,415,21
4827.025385,5168,342
4828.984944,5177,12
4830.169489,1803,59
4831.171993,662,114
4831.263657,3155,3
4831.51463,192,36
4831.923091,671,61
4831.974566,6589,410
4832.227838,2014,297
4832.727817,4546,399
4832.919244,1030,8
4833.419869,1808,19
4834.311884,448,55
4834.707668,2739,437
4834.978388,190,87
4835.723785,560,17
4836.719142,1066,76
4836.760153,586,19
4836.760378,556,23
4837.49151,2310,3
4838.719225,700,53
4839.483166,591,12
4839.887008,7980,24
4840.171634,1346,13
4840.641283,2419,3
4840.736921,5264,3
4842.222611,4154,184
4842.262587,726,50
4842.478854,657,3
4842.51922,578,35
4842.975654,276,8
4843.491613,507,41
4843.523451,2653,59
4843.997205,2637,3
4844.47422,565,25
4845.155094,554,23
4845.168908,297,79
4845.268799,304,99
4846.299758,602,103
4847.030263,6195,550
4847.426884,2379,76
4847.642582,556,21
4847.671051,595,20
4847.742088,337,52
4848.453686,4563,141
4849.270891,566,29
4849.47834,688,74
4850.018235,2967,3
4850.236282,632,16
4850.981356,1891,552
4851.896186,5529,20
4851.920249,1776,3
4852.129776,263,49
4852.269203,498,59
4852.668487,557,16
4852.884272,176,86
4853.669312,2563,15
4853.920775,3077,12
4853.981461,3350,11
4854.038461,2687,206
4855.145023,3409,3
4855.63025,3283,276
4855.641698,3914,76
4856.223741,3417,462
4856.27869,846,11
4856.436287,689,90
4856.642039,576,31
4857.346088,292,79
4857.765145,3727,222
4858.47007,1449,48
4858.518074,6309,20
4858.915192,767,17
4859.718221,448,85
4861.126627,1332,65
4861.127344,5006,349
4861.42246,614,33
4862.13939,584,38
4862.476812,2793,210
4862.787121,1180,32
4862.87995,4164,25
4863.232557,5114,19
4864.884577,7335,19
4866.265467,2216,10
4867.658324,942,38
4868.267088,2874,406
4868.973859,199,9
4868.999157,525,45
4869.145128,3683,16
4869.22808,645,64
4869.242545,2397,15
4869.481664,337,15
4870.156397,3583,13
4870.270454,4139,20
4870.390741,1667,10
4870.393383,2175,406
4871.226273,1622,3
4871.226601,2477,20
4871.440298,410,114
4871.631035,335,61
4872.01886,705,9
4872.727282,3889,278
4872.890636,1532,118
4873.389397,1951,60
4873.511976,1382,65
4873.516361,733,41
4873.974337,2667,559
4873.974448,660,75
4877.974393,429,143
4878.010163,107,51
4878.010271,561,6
4879.231089,222,130
4879.650371,243,75
4880.147523,652,229
4880.233764,813,11
4880.490767,4660,3
4880.644227,2339,7
4880.724019,4025,3
4880.742293,159,117
4881.234034,5759,20
4881.401398,4417,430
4882.676623,595,12
4882.899698,419,11
4883.183342,1641,13
4883.552586,180,54
4883.786717,2129,3
4883.973612,5343,580
4883.987391,603,16
4884.26943,478,11
4885.14182,1476,79
4885.486072,363,39
4886.751267,539,8
4886.893271,1496,7
4887.900831,1988,11
4888.980264,5177,22
4891.190339,547,82
4892.181282,4563,466
4892.425837,6914,199
4892.773303,1009,114
4893.775484,1933,275
4894.179991,1254,8
4894.226896,2530,195
4894.479662,2744,422
4894.510426,1953,3
4894.653989,2008,370
4895.244567,287,7
4896.135475,320,77
4896.532584,601,17
4897.196967,1904,3
4897.724887,333,80
4898.186311,4177,836
4898.507812,552,19
4898.888407,1945,36
4899.923415,584,34
4899.979506,6451,102
4900.675607,1288,3
4901.443635,1679,14
4901.762439,201,65
4902.137944,328,68
4902.165748,323,87
4902.434672,456,44
4902.878621,580,36
4903.678202,608,110
4903.996724,5295,209
4904.548097,1877,387
4904.874854,2578,61
4904.887455,1599,42
4905.2294,608,16
4905.898851,218,122
4905.927202,446,49
4906.145717,438,9
4906.653982,1489,12
4907.486407,1640,87
4907.521285,932,153
4907.73309,1312,267
4907.875012,1007,3
4907.938654,4065,92
4908.126027,3273,56
4908.149289,628,20
4908.894416,4179,613
4908.934897,721,553
4909.08456,303,32
4910.172538,7463,40
4910.535107,1916,15
4911.376043,2005,3
4911.92119,605,20
4912.977824,1003,108
4913.222658,2064,3
4913.430784,716,38
4914.175847,3271,3
4914.44589,3808,77
4915.638839,1287,3
4915.975208,3405,52
4916.261162,3654,9
4917.72472,1794,30
4918.385386,552,21
4918.393931,817,15
4919.230995,1663,3
4919.424497,215,175
4920.129455,608,49
4920.723325,693,34
4921.220604,597,38
4921.786675,2086,43
4921.924836,368,41
4922.473267,3544,3
4922.475523,3118,243
4922.478865,255,45
4923.2761,5775,3
4924.15135,1364,45
4924.400298,586,19
4924.486324,3615,197
4924.774425,332,47
4924.794382,3104,318
4924.794629,600,17
4924.883498,2547,416
4925.158524,636,62
4925.17086,364,50
4926.024201,1051,3
4926.66161,2860,353
4929.011532,665,10
4929.375404,556,21
4929.487631,558,22
4929.668349,582,17
4930.646587,2545,3
4930.763766,1952,164
4930.929167,543,79
4931.170331,315,33
4931.878528,554,23
4931.906035,713,72
4932.771238,403,11
4932.875369,648,59
4933.514171,3307,509
4933.704234,2408,375
4934.181616,801,49
4934.768257,1706,3
4934.973584,1940,322
4935.225115,2411,17
4935.519291,6285,268
4935.51946,570,80
4935.527053,1893,3
4935.623208,453,46
4935.927352,2488,537
4935.973301,4029,128
4936.222714,610,34
4936.472899,592,24
4937.391661,554,22
4938.227257,548,47
4938.298941,2940,96
4938.965473,550,10
4939.126756,460,58
4939.984722,1852,3
4940.231912,2517,21
4940.37665,401,33
4940.475938,432,64
4940.511461,2276,272
4941.396667,5252,358
4941.480493,2203,24
4941.511266,2762,52
4941.732988,3419,48
4942.146559,7702,58
4942.432224,2008,384
4942.740847,550,11
4943.926517,3632,71
4944.277315,7989,1024
4945.409619,109,61
4945.511451,285,48
4945.72435,2722,36
4946.011819,588,20
4946.674072,3601,3
4947.937742,475,40
4948.261588,1482,57
4948.484983,5244,193
4948.89167,4578,12
4949.390607,531,11
4949.514042,492,44
4950.010131,191,64
4951.235435,3085,325
4951.262191,552,73
4952.433216,3370,14
4952.476124,478,6
4953.261399,2034,444
4953.625224,546,73
4953.735904,1027,399
4953.991815,2437,435
4954.014706,353,7
4954.268876,924,39
4954.65404,360,7
4955.650548,3673,23
4956.512762,297,44
4956.874064,836,47
4956.891903,6643,20
4957.979828,1577,10
4958.398592,3385,411
4959.738513,2794,3
4959.738972,1824,363
4959.988433,564,59
4961.479847,122,46
4961.76014,1036,14
4961.981016,806,3
4961.98438,314,3
4961.991985,471,45
4963.680979,597,19
4963.890439,523,55
4963.890812,3767,11
4963.999366,572,9
4964.013664,560,20
4964.177669,1540,505
4964.428166,4610,177
4964.728481,5520,603
4965.974516,136,63
4966.383364,253,19
4967.432091,558,24
4967.645781,444,47
4968.380549,2927,308
4968.725736,4528,51
4969.224205,3072,267
4971.006621,1729,3
4971.223397,609,20
4971.397168,3003,288
4971.675467,511,6
4972.706436,2814,293
4972.719552,554,11
4972.964574,612,85
4972.994037,2690,3
4973.507235,4219,206
4973.697425,4241,51
4973.720044,554,23
4974.976081,1307,33
4975.648354,574,12
4975.9065,2460,247
4976.480594,5621,3
4976.930192,2729,3
4978.531213,1692,11
4978.535588,570,48
4979.40447,556,21
4980.634958,1695,377
4980.635387,494,13
4980.918552,607,24
4980.996154,387,13
4981.176612,1362,9
4981.266354,385,9
4981.988115,331,98
4982.230669,729,17
4982.474419,529,55
4983.019293,2909,372
4983.656753,499,4
4983.976556,5690,324
4984.148171,310,8
4984.169621,1115,115
4984.724304,1729,14
4984.735294,990,101
4984.919136,5734,22
4985.169557,652,6
4985.419247,1928,273
4985.647539,4008,47
4985.674667,988,16
4986.898147,321,51
4987.013532,617,189
4987.983261,4177,49
4988.231788,4931,939
4988.482083,2137,3
4989.235471,1556,12
4989.373334,5513,24
4989.669034,503,16
4989.981495,1561,192
4990.671901,496,83
4990.980561,785,84
4991.125802,3070,422
4991.126039,535,71
4991.169087,590,321
4992.389461,247,126
4993.640054,622,98
4994.39321,394,56
4995.160811,5430,184
4996.05203,448,34
4996.637851,368,6
4996.921919,818,86
4997.916136,554,20
4998.146769,2818,48
4999.414125,2223,276
4999.42357,294,4
4999.686923,2030,3
4999.895889,556,13
5000.013162,604,31
5000.66117,1078,63
5000.663796,1959,153
5001.003422,4759,605
5001.892044,1682,3
5001.919117,2052,393
5002.886027,204,38
5002.891169,638,27
5002.97474,1902,137
5003.484235,273,49
5004.646093,2013,392
5005.473132,421,41
5005.517534,178,110
5005.635407,153,78
5005.874742,79,43
5005.919402,857,13
5006.095304,242,76
5007.477589,271,129
5007.478572,4521,578
5007.556658,333,45
5007.678646,2126,34
5007.927248,3313,322
5008.721693,5052,7
5008.767304,765,106
5008.910367,434,11
5008.972793,2152,47
5009.149516,1804,42
5009.231045,7519,20
5009.471577,585,37
5010.222516,232,51
5010.422159,203,49
5010.47263,2779,15
5010.984896,302,52
5011.168646,2252,684
5011.171359,3314,359
5013.477193,548,17
5013.673253,789,59
5014.233513,497,23
5014.234768,463,43
5014.670301,404,14
5014.735036,550,7
5014.880257,480,10
5015.444436,294,73
5017.214036,1886,3
5017.377647,1184,12
5017.398498,933,75
5017.670459,2250,211
5017.7614,2853,10
5018.142971,1271,14
5018.983059,4088,12
5019.172506,622,35
5019.624661,3145,555
5019.641462,1726,12
5019.798201,466,81
5019.899649,4316,3
5020.890992,892,94
5021.140977,614,72
5022.266292,543,76
5023.026922,1469,3
5023.428221,168,40
5023.890146,2118,3
5024.013902,198,95
5024.014846,399,42
5024.230074,2257,193
5024.777727,590,24
5025.453695,592,22
5025.67663,3867,410
5025.701366,549,44
5025.735044,2396,3
5025.903625,4812,525
5026.012658,3050,8
5026.677466,2077,240
5027.088528,499,91
5027.425814,294,46
5027.750093,629,8
5028.041676,2139,245
5028.479472,117,48
5030.428021,5269,322
5030.983102,623,71
5031.382743,1677,3
5032.475045,1758,307
5032.635067,582,17
5032.920807,2357,3
5032.940361,452,25
5033.38225,1692,240
5034.276816,582,72
5035.404011,1757,8
5035.725105,2482,180
5035.776521,1015,8
5036.975736,274,58
5037.390923,714,82
5037.474746,2345,167
5037.478921,6085,17
5037.677603,293,107
5038.186229,1584,11
5038.372523,462,52
5038.977612,2975,3
5041.647867,22,256
5042.220614,105,79
5042.44063,822,12
5042.974076,2484,322
5043.512901,2065,381
5044.516063,1869,200
5044.681159,4640,3
5045.976936,554,22
5046.381811,647,10
5046.401145,1194,15
5046.720085,561,21
5048.435273,2245,566
5048.994288,150,80
5049.225917,347,36
5049.228338,435,41
5049.437099,4199,957
5049.744936,614,53
5049.875311,2106,11
5049.898751,332,60
5051.263315,568,28
5051.975161,2519,122
5051.983131,2054,368
5052.171368,556,21
5052.47636,229,97
5052.481908,2002,304
5053.013655,748,13
5053.23311,1177,170
5053.458838,430,49
5053.893342,1821,233
5054.126478,4268,234
5054.876752,2879,510
5055.722208,2144,224
5055.972299,4206,49
5055.980957,60,52
5056.420719,1891,16
5056.631762,5844,312
5057.881898,574,33
5058.061629,5575,3
5058.099064,197,15
5058.39287,1149,47
5059.975337,300,10
5060.168217,601,28
5060.767423,554,20
5061.225083,4821,921
5061.236397,694,8
5062.264512,816,63
5062.375063,586,11
5062.475874,1546,41
5062.973503,356,56
5063.89866,461,11
5064.474178,552,18
5064.91954,2523,267
5065.280079,2808,188
5065.769321,2329,3
5065.973971,584,36
5066.379771,3731,198
5067.22341,4470,1024
5067.22346,180,39
5067.474635,5352,544
5067.724575,515,43
5069.424017,251,43
5070.418784,315,41
5071.648483,1049,8
5071.772035,5152,3
5072.968862,613,75
5073.17072,999,45
5073.182986,5791,521
5073.432607,554,22
5073.472859,596,43
5074.725425,2060,417
5074.727604,266,37
5075.47879,2898,281
5075.647523,554,9
5076.224546,630,45
5076.227801,309,30
5076.277557,1951,28
5076.283073,449,18
5076.630703,222,62
5076.670771,1566,66
5077.722431,703,45
5078.249354,281,95
5078.480621,734,626
5079.22709,1899,285
5079.894251,4245,19
5081.424684,3786,364
5081.489094,57,11
5082.672999,5354,605
5083.733037,576,31
5084.721524,1628,79
5084.730638,625,39
5085.927008,2339,3
5086.187432,1636,61
5086.187685,468,113
5086.891302,1798,3
5087.274997,1928,184
5088.124097,743,64
5088.392059,3848,3
5088.718836,3263,319
5088.730417,276,154
5089.668369,5520,757
5089.718884,639,30
5090.382241,4197,3
5090.40282,181,3
5090.789196,2381,12
5091.223587,379,7
5092.724073,560,5
5093.375147,602,21
5093.740336,836,9
5094.171135,234,35
5095.813051,3403,393
5096.27026,1639,3
5096.756975,641,36
5096.888004,2505,3
5097.688659,4751,211
5098.97171,2270,62
5099.984154,535,68
5100.041257,570,31
5100.523265,1437,3
5100.670874,1607,3
5100.902242,1174,41
5101.272098,198,47
5103.422036,4118,228
5103.925902,562,24
5104.018227,1633,3
5104.031655,882,94
5104.422231,666,109
5104.474757,604,31
5104.899261,558,24
5106.722735,2159,3
5106.945347,2922,297
5107.387701,2224,12
5107.392148,2621,454
5107.531087,1815,12
5108.490751,586,19
5108.920544,631,24
5109.420051,983,42
5109.486776,1653,22
5109.899872,6161,3
5110.487259,1197,3
5111.669822,425,12
5111.732854,2125,78
5111.918607,4917,469
5112.171134,1688,16
5112.469977,325,50
5113.398684,2705,12
5113.470729,605,32
5113.74766,291,5
5113.920816,813,65
5114.034071,3626,3
5114.12763,180,123
5114.4007,585,108
5114.725484,560,23
5114.87679,3035,13
5115.515309,853,59
5116.414353,5266,27
5116.669119,584,18
5116.760717,572,32
5117.175807,566,27
5117.670073,537,10
5118.135293,1892,443
5118.142305,251,63
5118.479466,4992,11
5118.638739,570,31
5118.88337,305,130
5119.022135,1150,36
5119.28584,2733,3
5119.725024,2469,9
5120.171151,207,9
5120.218175,570,31
5120.23928,305,5
5120.607916,1794,11
5121.661837,899,68
5122.401044,1848,3
5123.008741,1086,97
5124.011852,791,3
5124.156079,530,32
5124.182999,576,34
5124.260004,1328,3
5124.39592,4549,3
5124.396748,553,104
5124.877431,210,37
5125.228242,594,23
5125.521798,619,8
5125.751883,88,34
5125.882543,1436,3
5125.971415,1988,349
5126.523346,4339,3
5127.973344,4052,47
5128.273426,3225,14
5129.1257,607,21
5129.168881,4430,120
5129.168966,618,29
5129.291988,4376,483
5129.29373,649,41
5129.470132,1929,3
5129.768508,1359,3
5129.919912,2268,419
5130.320052,935,42
5130.521306,544,15
5131.374521,214,40
5131.641941,4637,13
5131.890045,218,193
5131.890319,546,2
5132.37628,556,19
5132.636673,163,52
5132.918593,200,34
5133.171198,556,14
5133.230141,2961,264
5133.638511,4699,665
5133.719149,337,12
5134.650847,362,139
5135.142738,1818,11
5136.640068,654,2
5137.224179,1116,22
5137.638561,411,58
5139.142468,552,21
5139.885052,3065,52
5140.172299,1108,3
5140.312421,558,19
5140.382839,4163,369
5140.907905,263,52
5142.145688,4133,3
5142.930023,552,16
5143.90328,4377,66
5145.395299,564,39
5147.260398,3043,468
5147.64352,3729,208
5147.647606,510,83
5148.389218,2781,453
5150.22499,203,5
5150.376748,5159,100
5150.935721,594,15
5151.423365,1845,3
5151.669118,3033,373
5151.979427,7767,276
5152.170239,561,53
5153.476363,582,14
5155.488172,606,30
5156.227158,4070,236
5156.384767,2173,272
5156.675942,656,46
5156.91887,660,32
5157.79043,4776,12
5157.972863,1874,182
5158.015368,2408,386
5158.171836,546,13
5158.597903,3109,465
5159.010005,472,105
5159.393734,2518,190
5160.381874,558,25
5160.409215,559,44
5160.482597,473,54
5161.262108,623,6
5161.439319,6103,3
5162.134924,484,35
5162.23889,2529,140
5162.637909,1263,137
5162.8989,2923,308
5162.97209,5687,700
5163.259662,168,43
5163.41961,516,6
5163.42221,1881,482
5163.65163,330,39
5163.918038,256,52
5164.223586,604,9
5164.377248,2219,383
5164.393667,2241,449
5164.671346,3051,283
5165.74154,548,19
5165.892692,756,11
5166.383716,211,47
5166.975654,340,128
5167.388379,251,109
5167.474041,340,107
5167.637599,568,19
5168.142124,4167,3
5168.229123,275,59
5168.26496,588,20
5168.422352,2507,42
5168.426187,496,60
5168.891445,3782,160
5170.268004,596,26
5170.473929,833,103
5170.677272,3822,73
5171.812976,2403,3
5172.480426,606,29
5173.050688,294,48
5173.420241,2053,293
5173.738274,160,123
5174.419411,289,8
5174.981357,1775,3
5175.399382,137,19
5175.473959,2027,287
5175.981048,814,870
5176.175202,617,20
5176.179391,595,21
5176.229665,4436,763
5177.488788,3195,22
5177.685359,5057,3
5177.899602,2571,41
5178.845982,2389,167
5179.337479,1030,51
5180.383982,1170,3
5181.222605,204,56
5181.297412,50,61
5181.769714,1028,55
5182.169467,554,20
5182.17162,414,11
5182.530491,3023,13
5182.675844,452,44
5183.271077,91,50
5183.423593,1647,210
5184.144907,584,36
5184.224595,4903,1034
5184.237145,4638,3
5184.725536,568,2
5185.762258,302,134
5185.889729,5416,315
5185.975408,3625,3
5186.226289,122,38
5186.478774,2191,437
5186.892965,562,26
5187.730394,608,93
5188.007672,242,54
5188.479622,1067,3
5188.62367,289,152
5190.478555,558,22
5190.511698,554,2
5190.926282,946,52
5191.137586,5088,367
5192.17333,397,46
5192.426883,3040,257
5193.891053,629,11
5193.973179,1785,498
5194.138967,464,7
5194.424824,1392,3
5194.663231,1229,3
5195.139182,3261,33
5195.172344,699,111
5195.223249,566,27
5195.231937,1624,109
5195.419754,2845,339
5195.890396,375,36
5197.139655,320,49
5197.235711,3852,337
5197.92458,1430,3
5198.249547,1850,10
5198.633437,560,26
5198.735731,1301,10
5198.736541,1851,36
5198.973857,549,206
5199.149845,5499,1024
5199.671278,6898,238
5199.900792,54,48
5199.922526,558,14
5200.23129,651,103
5200.469818,200,3
5200.920214,619,18
5201.490695,750,37
5202.939098,345,13
5202.997926,315,49
5203.737979,568,30
5203.882625,523,39
5203.978769,922,7
5204.129304,423,48
5204.881791,2403,347
5205.724411,550,18
5205.915978,564,28
5206.220522,2590,574
5206.229832,381,10
5206.419643,504,7
5206.721978,1945,316
5206.973047,562,26
5207.564993,2575,23
5208.657069,152,116
5209.145426,1913,3
5209.430885,437,46
5209.688468,3739,71
5209.927683,291,76
5209.929562,588,19
5210.131371,5441,401
5210.232224,550,18
5210.375897,4112,690
5210.442568,610,34
5210.637556,4154,372
5213.239411,3716,45
5213.374233,554,18
5213.657907,4443,663
5216.751881,601,10
5216.987997,2628,10
5216.98945,297,56
5217.945577,1121,3
5218.031768,3106,464
5218.695063,2568,351
5219.633666,3407,617
5220.730676,7195,20
5220.973969,621,42
5221.379176,1978,3
5221.773744,284,40
5221.896895,336,50
5221.972964,5259,11
5222.662879,598,8
5224.158331,2383,386
5224.394503,7676,22
5224.394767,4852,42
5224.681782,381,52
5225.052247,404,7
5225.261679,240,52
5225.897817,1755,3
5226.48564,2160,237
5226.678842,2602,40
5227.385725,4898,605
5227.658631,2795,252
5228.13366,2200,201
5228.261907,425,53
5228.509975,3146,326
5228.718981,583,37
5229.218616,1092,85
5230.76104,3815,13
5230.894362,268,53
5230.973699,4979,3
5231.517939,606,77
5231.677053,1049,112
5231.757562,370,56
5233.179719,1639,3
5233.386807,3961,409
5233.420395,4748,540
5234.262611,3753,3
5234.402176,385,174
5234.475155,555,10
5235.406837,4239,18
5235.481919,1660,14
5235.928383,610,35
5235.983976,2102,3
5236.229516,3482,698
5236.669313,600,18
5237.01321,598,45
5237.722597,7282,635
5237.921763,1541,39
5237.972241,303,52
5237.973056,101,51
5237.973247,417,44
5238.236144,468,46
5238.386851,258,44
5239.170243,576,34
5239.48014,3546,3
5239.725904,1476,462
5239.88175,478,48
5240.626182,661,87
5241.170878,2388,484
5241.228056,1880,3
5242.018539,964,15
5243.874969,556,10
5244.484347,312,9
5245.226611,5128,19
5245.227312,1795,3
5245.638832,584,13
5246.159133,439,11
5246.221841,991,98
5246.389971,556,21
5246.631781,2424,144
5246.726241,227,61
5246.941588,558,25
5248.483011,1200,3
5248.979766,663,21
5250.687238,1268,3
5250.975862,2899,281
5251.684293,377,42
5251.888018,2854,179
5252.019464,6041,21
5252.482976,4498,33
5253.177153,4682,630
5253.220554,560,25
5254.231984,1666,663
5254.438521,696,14
5254.968582,6051,1024
5255.148222,403,11
5255.229579,759,46
5255.984628,472,96
5257.202755,309,7
5258.975518,552,11
5259.013897,554,20
5259.126266,2403,184
5259.997027,1959,243
5260.676092,293,41
5260.982719,3884,391
5261.23119,562,16
5262.149623,767,16
5263.390647,1754,9
5264.734788,1888,333
5264.924317,4121,90
5265.921878,3841,76
5266.532709,444,12
5267.142856,3078,399
5267.196459,4152,31
5268.23226,5721,256
5268.981864,3342,15
5269.261669,535,90
5269.487586,715,106
5269.918198,927,41
5269.919508,329,48
5270.143642,1703,3
5270.230013,2225,37
5270.625867,372,8
5270.919025,337,95
5272.386556,103,42
5272.982579,831,73
5273.1445,1977,393
5273.168347,623,66
5274.427477,554,22
5274.525935,538,9
5274.894192,623,9
5274.979704,949,3
5275.235847,814,31
5275.378491,597,19
5275.677467,610,109
5276.040636,2391,10
5276.07505,304,151
5277.375208,947,28
5277.977556,598,28
5279.138878,2602,19
5279.22349,1680,13
5279.696983,2469,568
5279.772998,1173,50
5280.475518,4656,14
5281.142549,1768,231
5281.429298,4071,716
5281.974854,1561,3
5282.726277,3413,58
5283.231803,1682,13
5283.261266,289,45
5283.393097,591,19
5283.683667,5376,360
5284.009035,2177,13
5284.987194,3184,46
5285.13235,896,79
5285.179013,4511,605
5285.377048,568,27
5285.432848,617,110
5286.322507,1226,15
5286.479335,648,96
5287.163372,574,33
5287.736828,2349,83
5289.239618,2588,3
5289.674185,1010,21
5289.674463,3860,3
5289.976692,278,64
5290.475289,4689,35
5290.993711,4065,13
5291.272689,617,45
5291.772433,7189,719
5292.424238,7578,615
5293.052315,2833,270
5293.644357,4740,585
5294.02898,929,3
5294.154753,140,44
5294.374924,4843,358
5294.887334,564,13
5294.977144,1793,13
5295.227946,2924,345
5297.41937,2367,392
5297.623253,322,73
5297.920512,1873,464
5298.126716,459,101
5298.237632,391,12
5298.47271,218,47
5298.640395,5889,19
5298.901222,592,22
5298.907324,678,17
5299.422828,2718,16
5299.489026,3473,10
5300.296686,6377,3
5300.38601,590,38
5300.425915,250,48
5300.736143,2479,173
5301.471477,748,112
5301.488096,2493,154
5301.991525,556,24
5303.013176,3055,12
5303.974751,5581,277
5304.250544,837,113
5304.695346,637,30
5304.765266,328,50
5305.657618,1112,155
5306.288885,556,23
5306.520075,225,104
5306.622334,783,104
5306.738165,569,30
5307.136474,2342,3
5307.189907,645,43
5307.518389,3899,606
5308.677524,2189,14
5310.15071,1521,3
5310.384951,2644,496
5311.016469,4948,686
5311.218029,2806,374
5311.381948,304,127
5312.136714,3559,26
5312.232198,683,90
5313.404705,2650,317
5314.168257,494,69
5315.890982,3567,3
5316.034834,2460,13
5317.008656,170,43
5317.512199,2799,3
5317.974571,6694,19
5318.375927,544,94
5319.224614,536,44
5319.482143,2203,3
5319.880386,4092,18
5320.517546,2283,351
5320.762299,4684,695
5321.902056,5489,19
5322.18249,601,144
5322.636761,177,50
5322.756536,566,29
5322.756699,629,11
5322.768323,3499,3
5322.974755,2663,231
5323.51292,550,18
5323.749463,4335,226
5324.512153,4406,43
5326.010298,2639,3
5326.011375,100,42
5326.262233,628,49
5327.228231,522,5
5328.374794,342,61
5329.256166,5233,3
5329.390458,287,53
5330.385238,3125,546
5332.124568,483,92
5332.672612,2661,360
5332.885119,374,169
5332.906433,7873,13
5333.14051,1045,15
5333.395157,3144,71
5334.08919,263,146
5334.430211,552,19
5334.682821,540,10
5334.892223,562,24
5335.021767,402,56
5335.132061,557,23
5335.155458,5246,19
5335.969075,3220,164
5336.435339,6552,66
5337.727251,1073,221
5338.17957,1727,3
5338.504062,1190,63
5339.297253,2606,3
5340.038835,572,29
5340.732368,3585,45
5340.894564,4499,3
5341.066421,4041,3
5341.733654,564,28
5342.138889,636,44
5342.738267,231,9
5342.96841,566,24
5343.484912,539,47
5343.718052,665,117
5344.513169,558,22
5344.736489,321,156
5345.13238,1963,3
5345.724803,3949,138
5345.985238,504,46
5346.190183,1884,28
5346.897314,831,45
5346.981126,550,18
5347.453707,1693,11
5347.679734,1002,11
5348.012877,3787,562
5348.902649,3959,482
5348.971733,591,5
5349.222149,355,51
5349.518364,237,46
5349.539964,599,12
5350.009689,563,26
5350.493606,3415,313
5350.49596,558,14
5351.177804,612,21
5351.928812,3336,354
5352.470085,1110,263
5352.478027,548,17
5352.97733,4045,24
5353.169903,1173,75
5353.419444,2640,241
5353.421459,2443,504
5353.887403,576,34
5354.923057,341,5
5355.039906,556,13
5355.138955,164,62
5355.718956,2582,208
5355.907882,2218,12
5355.939243,7696,3
5355.939832,884,18
5355.974567,685,91
5356.46923,2146,358
5356.728741,551,11
5356.973169,1518,99
5357.773183,3105,62
5358.138826,283,118
5358.26447,51,46
5359.221781,3822,298
5359.474513,333,56
5360.979589,2059,3
5362.53013,2403,13
5363.067592,572,28
5363.171044,4364,42
5363.390423,2437,194
5364.297845,2518,3
5366.892536,1803,3
5367.389311,358,14
5367.629928,4526,24
5368.182293,123,32
5368.260402,4378,479
5369.230403,609,22
5369.280426,573,11
5369.435048,4290,252
5371.430658,222,47
5371.449975,2922,506
5371.513025,3210,37
5371.923583,783,32
5372.653289,3700,84
5373.039446,3164,3
5373.228792,2544,193
5374.187824,683,98
5375.381893,2613,168
5375.638258,618,38
5376.138188,2466,53
5376.419565,5569,695
5376.962613,2496,318
5377.124799,3033,353
5380.12701,602,103
5381.678781,665,102
5383.275644,600,27
5383.483318,226,94
5384.469955,247,82
5384.91921,818,85
5384.92067,523,9
5385.6685,2884,7
5386.471117,574,33
5386.490682,1669,232
5386.643613,580,16
5387.89371,266,74
5388.234232,2941,310
5389.13419,548,17
5389.176946,560,26
5389.903591,453,46
5390.298519,562,27
5390.482188,303,51
5391.178967,584,10
5393.153144,568,7
5394.2702,4622,18
5394.289072,1474,14
5394.397237,560,15
5394.52011,634,3
5394.649475,619,30
5394.670304,135,80
5395.044962,1670,245
5395.131206,1523,137
5395.668808,4239,55
5396.384717,3419,557
5397.145185,3318,306
5397.668748,5714,19
5398.724492,3226,518
5399.395415,194,50
5400.22966,519,8
5400.419752,572,32
5400.484046,4339,3
5401.267887,680,141
5401.916099,340,115
5401.978667,2037,638
5402.477322,558,22
5402.733628,2667,429
5402.733863,3339,235
5403.231166,1784,3
5403.413738,3169,11
5403.502047,5503,549
5404.134664,177,41
5404.373472,564,26
5404.401524,221,95
5404.645467,564,24
5405.004749,4849,3
5405.429785,4996,3
5405.648861,2281,160
5405.985109,1871,10
5407.154765,656,73
5407.230507,202,186
5407.240689,3422,596
5407.706804,623,28
5407.885691,5845,3
5408.24696,2400,3
5408.476477,564,17
5408.562597,497,29
5408.635234,1582,3
5408.91883,2721,8
5409.138358,1983,3
5409.271817,564,25
5409.553632,228,43
5410.391697,2849,12
5411.268594,2799,318
5411.733844,507,50
5412.871999,561,74
5412.973689,1515,566
5413.483145,635,14
5413.977214,835,14
5414.483861,938,13
5414.892257,2811,495
5414.951564,4271,49
5415.13888,1356,91
5415.222721,1817,12
5415.39702,554,20
5416.650185,5039,11
5417.135833,1072,193
5417.142422,2784,264
5417.226621,584,29
5417.910081,684,59
5418.872948,4531,12
5419.266412,155,47
5419.949682,1001,117
5420.527854,228,48
5421.891255,538,21
5421.919003,5022,69
5421.933784,366,52
5422.131795,554,20
5422.219039,552,11
5422.470549,560,24
5423.631519,550,10
5423.938405,1947,199
5424.172818,4693,46
5424.223034,558,25
5424.431716,3559,3
5425.484141,4333,3
5425.823,4178,11
5425.919243,568,10
5426.149146,3156,22
5426.169661,547,7
5426.221258,1190,3
5426.493162,2311,3
5426.643978,1168,56
5426.891535,1609,40
5427.923823,1781,112
5429.532828,699,11
5429.719776,576,31
5429.900449,3829,139
5429.918155,2018,3
5430.142743,346,103
5430.145529,343,39
5430.473805,232,56
5430.563305,349,78
5430.765894,597,116
5430.906229,1186,3
5431.282387,592,18
5431.646508,418,41
5432.028692,2318,3
5432.128144,298,60
5432.23011,188,47
5432.482627,485,32
5432.769965,174,39
5433.168213,3067,109
5433.389558,604,32
5433.403078,5252,1199
5433.608851,2188,486
5434.266767,2473,517
5434.38986,1297,14
5435.019253,1802,3
5436.729572,1091,48
5436.745288,5628,3
5437.263782,552,21
5437.730713,490,47
5438.017921,7993,21
5438.520394,2433,12
5438.723228,1622,10
5438.981943,556,18
5439.000975,340,39
5439.231274,2374,196
5439.398726,582,26
5439.42869,357,8
5439.430313,2138,193
5439.627,505,8
5441.670492,196,49
5441.900687,548,17
5441.970712,2029,471
5442.444123,970,540
5442.484306,566,29
5442.933682,966,76
5443.767254,604,31
5443.949758,552,20
5445.425156,611,18
5445.638655,582,17
5445.802983,3016,261
5445.981924,310,8
5446.8772,2005,47
5446.974032,4985,1200
5447.141737,901,51
5448.486804,3407,13
5448.724481,289,84
5448.731462,554,20
5449.035743,661,24
5449.177287,846,10
5449.773795,612,35
5451.175209,1310,7
5451.42636,4044,3
5451.466022,598,26
5452.177665,1832,449
5453.668582,3490,330
5454.392402,4241,3
5454.422716,85,55
5455.021748,54,39
5455.729803,515,15
5456.919119,1843,19
5457.219974,711,631
5457.267471,225,51
5457.267511,3188,24
5457.522693,641,7
5457.724656,6448,23
5458.668402,4502,28
5459.523445,3840,406
5460.150482,2041,562
5460.918911,2851,257
5461.473553,612,73
5462.62516,945,3
5463.031497,1714,14
5464.759025,3103,476
5465.624347,3174,3
5466.229595,1036,3
5467.512915,2893,3
5467.926756,5285,3
5468.428599,2479,19
5468.627413,2882,443
5469.290246,550,10
5469.375742,568,30
5469.74137,745,9
5469.98139,634,40
5470.979332,913,2
5471.231094,4850,153
5471.890517,1741,11
5472.16882,566,20
5472.24342,259,97
5472.260905,249,62
5472.495555,2597,11
5474.669327,5866,46
5474.672031,266,34
5474.882725,303,41
5475.481852,412,15
5475.877044,2230,8
5475.919409,1292,57
5476.271603,6408,60
5477.126864,3308,234
5477.23022,570,18
5477.919395,598,2
5478.630849,2622,239
5478.875135,365,65
5478.980211,882,288
5479.470449,427,259
5479.998358,606,29
5480.673896,908,3
5480.769265,640,2
5481.28933,3812,48
5482.420864,4547,672
5482.436092,1914,3
5482.990405,4553,56
5483.479545,598,9
5484.255771,824,321
5484.433159,468,4
5484.988791,570,25
5485.242382,459,203
5485.720326,2030,3
5485.891836,344,51
5485.969945,4120,484
5486.750082,1713,3
5487.034218,3108,288
5488.405699,2234,385
5488.471035,450,41
5488.76818,1131,68
5488.885438,461,63
5488.968072,749,19
5490.98597,2156,261
5491.642428,489,53
5492.677178,411,43
5493.043406,3829,14
5493.260538,4874,583
5493.984444,372,81
5494.726078,1212,35
5495.236092,2539,3
5495.810283,1321,238
5495.978171,336,86
5496.26767,2137,151
5497.260399,550,18
5498.010812,911,110
5498.98711,1524,324
5499.235135,6031,79
5499.402108,655,52
5499.422381,4480,318
5499.724597,809,21
5500.153763,556,24
5500.92303,374,164
5501.71928,274,55
5501.785269,1866,131
5502.399197,178,102
5502.512697,556,13
5502.759983,1786,10
5502.894622,4880,107
5503.762462,4726,3
5504.410042,412,31
5504.488868,2970,3
5504.66948,235,110
5504.976335,520,62
5505.259122,7614,20
5506.721595,2682,210
5508.260948,232,63
5509.391066,352,43
5510.260272,941,104
5510.260426,586,34
5510.389786,1077,35
5510.720439,3414,400
5511.168778,833,16
5511.223644,5639,460
5511.474585,538,9
5511.526025,867,10
5512.169809,592,44
5512.21864,294,56
5512.221729,651,119
5512.767351,2129,20
5512.973726,509,58
5513.132536,5392,652
5513.38556,414,48
5514.23579,715,82
5514.520756,2227,10
5514.763776,663,9
5515.015521,3378,328
5515.478258,461,4
5515.724653,402,7
5515.938102,759,188
5516.041126,6181,3
5516.749036,345,138
5517.72258,5808,29
5517.915174,3659,3
5518.266204,2650,235
5519.279398,570,20
5519.496428,552,19
5520.22766,317,36
5521.89033,5736,674
5523.479147,1464,3
5523.885313,550,18
5524.148168,1692,47
5524.231555,552,18
5524.890246,1795,3
5524.992454,1244,228
5525.394338,556,21
5525.769224,1550,3
5526.888749,597,27
5527.432803,562,29
5527.8875,450,53
5528.143588,2333,135
5528.382874,556,22
5528.720429,566,23
5529.222577,596,66
5529.719227,622,38
5530.079722,4165,3
5530.439725,153,44
5530.476407,554,20
5530.930375,495,33
5532.127634,600,41
5532.543548,769,37
5532.874889,2171,20
5533.375622,4483,324
5533.397634,564,28
5533.850189,5054,3
5534.352326,471,8
5534.628977,1933,225
5535.920589,554,20
5536.42361,548,14
5536.653111,455,45
5536.763806,671,11
5536.925047,4902,604
5537.67302,295,107
5537.954943,628,96
5538.268831,2014,260
5538.485468,150,48
5538.637602,503,118
5539.267094,2569,303
5539.668854,562,25
5539.886852,1890,157
5539.892147,654,40
5540.229337,4447,214
5540.379393,572,32
5540.4205,211,6
5540.672011,186,61
5541.15071,3596,8
5541.292131,3562,3
5541.415322,380,182
5541.482402,5400,840
5542.023821,592,25
5542.134789,2287,204
5542.140951,480,48
5542.924578,2575,83
5543.770418,188,46
5543.888476,1444,12
5544.134697,1474,3
5544.195952,1957,3
5544.520671,504,50
5544.986322,2214,3
5546.280536,2079,3
5546.986383,3628,3
5548.638591,554,20
5548.640947,3653,630
5549.729719,566,28
5550.168305,154,109
5550.693937,586,17
5550.719854,550,18
5551.657998,50,37
5552.264857,548,9
5552.401164,7612,83
5552.883786,556,21
5553.509543,685,9
5553.669168,404,82
5554.012596,566,29
5554.169055,694,48
5554.641934,84,53
5554.88928,575,47
5555.136984,766,116
5555.267203,265,3
5555.399808,284,84
5555.647073,460,43
5556.395904,1802,407
5557.268485,576,33
5557.422334,3304,265
5557.889862,2308,398
5558.660596,258,3
5558.894774,356,57
5559.622784,4408,484
5559.749833,280,44
5560.129863,2145,180
5560.781191,385,7
5561.1512,304,43
5562.257862,814,38
5562.919303,550,17
5562.972916,325,55
5563.233888,584,38
5563.65222,5092,605
5563.922645,3401,582
5564.788645,554,15
5564.905613,571,100
5565.381878,505,48
5565.745837,2748,32
5565.978735,2006,249
5567.379495,5713,331
5567.398881,563,20
5567.477621,578,31
5567.547517,1270,50
5567.918703,2076,517
5568.472593,619,11
5568.725011,550,17
5569.66999,626,31
5569.769393,4554,45
5569.975646,474,31
5569.977636,832,100
5571.168297,620,22
5571.280896,2144,121
5571.720651,560,20
5572.142068,568,30
5572.753081,327,56
5573.024134,643,9
5573.291477,2431,3
5573.391774,1238,23
5574.130189,634,222
5574.729498,562,24
5575.474368,601,8
5575.969966,603,11
5577.446332,4103,353
5577.981905,598,42
5578.524444,335,124
5579.128133,1956,100
5579.976496,94,39
5581.37734,2555,305
5581.489791,4313,50
5581.749933,3876,401
5582.725787,2215,329
5583.404495,635,90
5584.127668,1447,11
5584.40907,3112,3
5584.677235,4497,49
5585.478775,2674,337
5585.931567,4476,41
5586.520325,191,39
5587.9782,737,38
5588.021089,655,24
5590.049127,4975,3
5590.530138,522,69
5591.029107,310,45
5591.136977,2260,16
5591.393626,520,28
5591.472238,532,52
5591.507982,3921,3
5592.374367,592,24
5592.536439,564,8
5592.891774,5209,209
5592.921452,450,42
5593.267651,684,31
5594.171291,51,47
5594.48138,302,62
5594.767459,5716,48
5595.16937,265,19
5597.268352,2658,28
5597.412211,6940,80
5599.377631,178,118
5602.481313,5704,851
5602.984414,638,27
5603.222993,2107,43
5603.9701,5022,677
5604.146611,586,35
5604.188831,607,24
5605.141453,666,60
5606.149734,611,23
5606.267948,899,353
5606.785125,562,27
5606.785991,552,19
5607.635285,4361,539
5607.735138,558,22
5607.903423,3087,3
5607.909874,2318,276
5608.534587,781,41
5608.640565,821,183
5609.485228,5562,789
5609.627618,1449,70
5609.639124,572,31
5609.893222,1525,122
5611.175588,3280,40
5611.270124,542,14
5613.228698,3040,465
5613.770641,1933,258
5613.976555,2128,364
5614.477652,660,37
5614.528587,2699,635
5615.12425,373,42
5615.722377,2965,58
5615.735179,586,19
5615.73637,1545,3
5615.736765,267,4
5615.981065,2760,542
5616.020013,2126,100
5616.504341,3404,803
5616.939633,577,162
5616.976787,3949,965
5617.224793,465,49
5617.256704,656,17
5617.897699,739,36
5618.046003,1638,285
5618.973036,607,21
5619.032962,580,32
5620.222881,2633,12
5620.471552,599,43
5620.47742,552,105
5620.972826,1943,119
5622.729058,1530,3
5622.906902,588,20
5623.220395,556,21
5624.37375,638,17
5624.968621,808,98
5625.671239,3813,27
5625.873975,110,33
5626.972184,3716,14
5627.220497,644,105
5627.427142,915,9
5627.769195,1240,47
5627.972541,308,56
5629.980066,5068,553
5630.25369,2301,3
5630.632396,1014,87
5630.635948,719,17
5630.93621,272,6
5631.037576,1781,10
5631.747695,3345,570
5631.751886,4174,53
5631.882842,1756,130
5633.233949,469,52
5634.169057,403,4
5635.970935,1612,432
5636.899154,5503,516
5637.921308,2857,3
5638.231608,209,106
5638.234954,1982,39
5640.672529,326,47
5640.767403,552,19
5641.162245,2321,101
5641.262561,566,37
5641.3917,414,42
5642.150721,1106,9
5642.150916,590,9
5642.268537,2678,358
5643.461694,1797,310
5643.979546,527,11
5645.732966,2285,415
5645.893087,2867,19
5648.470604,576,32
5649.223276,2177,11
5649.223455,475,8
5650.471003,587,20
5650.718502,155,8
5651.231951,1361,120
5651.67788,2188,17
5652.633055,340,137
5654.143206,1220,34
5654.147365,594,35
5654.219952,556,21
5654.734033,566,29
5655.421789,250,32
5655.91905,61,74
5655.92864,89,37
5656.01852,4075,830
5656.987346,4811,364
5657.146891,3092,1200
5657.270033,4458,306
5657.918737,1994,48
5660.137754,3464,3
5660.639921,220,68
5660.966673,257,49
5661.17117,852,84
5661.888936,200,5
5662.639871,219,70
5663.479822,564,21
5663.970096,552,11
5663.973688,3726,320
5664.217047,393,41
5664.501876,5042,330
5664.632059,2479,3
5665.630336,482,16
5666.98331,100,36
5668.918902,1006,313
5669.511706,648,222
5669.888821,204,48
5670.967316,5120,272
5671.010382,580,32
5671.225656,3536,41
5671.421479,584,10
5671.491821,548,17
5672.759643,3442,319
5673.264942,594,43
5673.388994,6542,20
5673.396991,933,38
5673.476888,1134,43
5673.761647,281,41
5674.147102,2218,216
5675.224228,1840,24
5675.720137,384,108
5676.402587,1171,11
5676.42229,5009,1099
5676.653644,3472,72
5676.668669,906,34
5677.254507,1990,272
5677.397794,2378,211
5677.624285,176,48
5677.756761,3795,3
5677.977426,481,16
5677.98015,1035,46
5678.226281,782,35
5678.527382,274,110
5678.644608,544,15
5678.881775,5004,22
5679.007115,6747,20
5679.418939,3880,345
5679.423813,3186,3
5679.476986,804,79
5679.638432,834,11
5680.12537,618,33
5680.482728,294,124
5680.999203,978,22
5681.127853,2305,309
5681.215597,426,45
5681.284063,623,32
5681.477076,659,73
5682.732325,661,42
5683.651811,117,65
5683.727839,385,50
5683.978283,3991,3
5684.640868,2798,3
5684.723034,554,23
5685.130269,2089,386
5686.151962,863,27
5687.145225,632,6
5687.210725,692,50
5687.215417,2388,279
5688.014267,3173,278
5688.642518,698,23
5690.663237,548,17
5693.224659,239,47
5693.519405,889,310
5693.725972,663,85
5694.014975,2090,3
5696.016894,562,21
5696.984576,552,19
5697.647855,566,24
5697.649964,835,69
5698.067523,185,40
5698.375416,615,28
5698.399694,375,5
5698.979003,5595,447
5698.979213,2148,285
5699.008622,643,3
5699.471089,2939,12
5700.651924,1417,26
5700.744376,5655,14
5700.976646,365,150
5701.283553,1016,3
5702.346879,384,88
5702.738255,2619,33
5702.973343,2081,15
5703.422397,572,30
5703.980658,1626,53
5705.017017,3891,3
5705.638076,459,5
5706.267153,1760,75
5706.718433,1087,71
5708.1341,955,25
5708.230241,2641,284
5708.674733,5677,422
5709.389516,4831,83
5709.723942,596,27
5709.920608,966,13
5709.978247,3034,241
5710.168184,3546,3
5710.170042,405,107
5711.019616,641,6
5711.8929,2059,337
5712.171004,175,134
5712.434609,6042,3
5712.466406,5273,1027
5712.466992,593,8
5712.978032,530,45
5713.670041,4807,397
5713.782524,684,35
5713.893945,5799,11
5714.638106,3126,266
5715.12582,4259,44
5715.624276,777,22
5715.760343,378,95
5717.430091,2077,3
5717.436663,4425,8
5717.495171,91,37
5718.482638,4213,47
5718.636311,3174,466
5719.731502,412,4
5719.980812,450,59
5721.019561,2625,466
5722.170553,2502,194
5722.902825,288,154
5723.131023,311,37
5723.747229,605,30
5724.677606,545,77
5724.898896,1258,120
5725.139972,5196,1024
5725.234531,3202,13
5725.482672,443,106
5725.685365,290,4
5726.752732,3285,3
5728.014359,4938,377
5728.17195,286,7
5728.475835,2951,483
5729.884256,1902,286
5730.419878,617,37
5730.906287,4628,3
5731.010353,939,30
5731.137061,429,82
5731.975502,528,89
5732.40119,1367,3
5732.42303,637,11
5732.647709,5284,484
5732.728776,1532,80
5732.89952,633,35
5732.92625,564,27
5733.472402,2166,402
5734.677886,609,11
5734.727027,710,14
5735.780445,288,118
5736.509755,4644,3
5737.251981,6016,252
5737.27156,2193,138
5737.27172,4605,3
5737.913449,2081,68
5738.49824,146,52
5738.639346,2535,15
5738.644027,601,26
5739.731345,728,11
5740.901446,3749,13
5741.375092,617,9
5741.641206,5241,210
5741.76888,238,83
5744.270105,198,3
5746.218904,344,94
5746.719294,4782,229
5746.919136,1191,52
5746.97335,608,47
5747.62443,2098,272
5748.41103,281,83
5748.509396,94,49
5749.506999,3207,3
5750.881668,3780,335
5751.264098,566,28
5751.634313,336,112
5751.669474,785,9
5752.305905,1972,13
5752.629353,2528,285
5754.011231,2994,374
5754.637727,2171,330
5754.731164,4728,298
5754.843872,5312,94
5754.922461,771,74
5755.87919,518,11
5756.885545,1305,307
5757.003611,560,25
5757.649272,3437,68
5757.803929,3958,3
5757.980163,4246,80
5758.143463,498,43
5759.88562,558,18
5759.923929,1072,556
5760.887368,4308,37
5760.933764,1233,3
5761.217985,284,7
5761.501399,2746,385
5761.671272,339,39
5761.931086,713,40
5763.262232,2286,24
5763.678599,427,37
5763.877318,679,20
5764.17444,5145,793
5766.639039,759,8
5767.924404,616,89
5769.143505,548,17
5769.394449,1761,3
5770.390839,493,50
5771.375053,975,10
5771.976027,830,10
5772.47317,3460,29
5773.222586,242,32
5773.874369,4049,267
5774.477737,586,11
5774.638181,597,14
5775.669634,345,11
5775.883909,632,45
5776.145907,519,73
5776.165102,339,52
5777.982014,1595,3
5779.977692,589,64
5780.423811,2656,32
5780.520434,2782,369
5780.520796,942,153
5781.652309,163,45
5781.653216,925,346
5781.79477,3244,3
5781.949834,4665,3
5783.016634,613,24
5784.650268,609,67
5784.948878,4256,38
5785.182466,1109,100
5785.910148,260,44
5786.732492,2964,187
5787.014816,1700,56
5788.453363,564,28
5788.923723,53,42
5789.492344,1167,3
5790.395399,701,14
5791.020596,668,8
5791.520658,4101,604
5792.140994,598,28
5792.525811,558,14
5793.029898,3732,265
5793.171073,2651,78
5793.668824,601,17
5793.672152,2496,347
5793.920621,556,21
5794.971592,1795,3
5795.930468,1141,111
5796.260311,1728,307
5796.389798,741,38
5796.631619,639,13
5796.97213,631,31
5796.972456,236,48
5797.379041,1763,3
5797.922258,2722,168
5797.974261,1929,135
5798.428933,4079,14
5798.429297,613,8
5798.884162,1606,3
5799.086976,3685,3
5799.518729,198,47
5799.797578,574,30
5799.918342,1073,52
5800.470069,1748,3
5800.519852,2990,101
5801.168537,2502,12
5802.154032,561,11
5802.181193,4743,3
5803.151931,383,9
5804.638929,6167,20
5804.721482,2622,330
5805.016904,6334,476
5805.01959,7585,23
5805.520413,562,16
5805.922067,1591,239
5806.231351,349,49
5806.569895,544,15
5808.023008,3092,425
5808.170033,2634,332
5810.672236,318,75
5811.97123,520,48
5812.67138,639,68
5812.725665,628,34
5814.224075,1717,23
5814.269245,5772,25
5814.477189,4494,38
5815.054218,5364,523
5815.398588,2524,586
5815.419429,2941,15
5818.145254,2164,368
5818.632356,565,97
5819.139025,580,36
5819.728968,4134,229
5820.425802,3814,847
5820.759763,3384,14
5821.171877,2219,103
5821.75973,1186,46
5822.625515,575,44
5822.976358,3127,212
5823.471485,990,70
5823.69439,3704,575
5824.419858,1648,58
5824.876643,600,28
5825.73763,2442,161
5825.893578,418,7
5826.936348,3424,30
5827.67912,388,46
5827.987659,471,7
5828.387745,596,24
5828.42371,1312,11
5828.918812,1424,297
5828.973266,530,16
5829.391682,2732,14
5829.669152,284,60
5829.90493,879,41
5829.914574,4269,3
5830.484764,643,3
5830.875299,930,50
5830.980952,1013,87
5831.171145,6128,3
5831.636303,1916,3
5832.049841,740,3
5832.128086,623,29
5832.149225,465,34
5832.168266,698,99
5832.529422,2334,486
5833.132437,548,17
5833.231843,401,8
5833.777186,1662,3
5833.920971,3277,18
5834.486061,397,8
5835.125934,374,49
5835.247986,412,6
5835.920375,2279,387
5837.37436,3192,1024
5837.481731,2037,67
5838.053896,3550,3
5838.743456,1437,282
5839.477622,3040,3
5839.629588,2113,15
5840.918687,368,38
5842.655535,2258,47
5842.726772,578,30
5842.972626,4760,246
5843.223298,562,25
5843.401914,582,37
5843.630758,5536,714
5843.895736,558,22
5844.010834,1544,10
5844.421165,560,26
5844.702181,3564,406
5844.727328,174,66
5844.728724,2298,36
5844.858267,550,18
5845.123669,552,19
5845.374212,477,46
5845.877011,382,46
5845.983091,2150,230
5846.169044,993,81
5846.303297,561,73
5846.88862,2226,44
5846.969455,634,104
5847.380288,1754,12
5847.420226,671,40
5847.423656,471,50
5847.721319,178,6
5847.897972,1731,10
5848.375759,2496,73
5849.384365,2178,264
5850.374038,546,8
5851.395751,336,61
5851.875258,558,25
5852.223099,411,95
5852.223211,711,65
5852.470792,560,17
5852.977407,838,3
5853.181286,206,42
5853.373949,560,15
5853.405268,560,26
5855.926767,318,42
5855.984803,385,34
5856.123921,2940,76
5858.176708,684,15
5858.219819,1406,75
5858.265272,5394,688
5858.631382,520,48
5858.892331,1929,323
5859.768575,1891,9
5860.128399,1878,41
5860.234749,4903,830
5860.26313,3748,179
5861.220754,5385,22
5861.404813,1808,3
5862.230083,1647,13
5862.475607,2853,69
5862.978246,248,126
5863.272861,2839,231
5864.133435,3326,20
5864.269833,264,48
5864.560004,1803,119
5864.623399,300,48
5864.66477,3247,18
5864.747107,383,11
5865.173413,669,79
5865.481129,2827,54
5866.131007,344,43
5866.918117,440,13
5867.727374,607,70
5868.517694,2549,167
5868.768246,4683,859
5868.883725,391,5
5869.49948,2791,284
5869.984045,687,8
5870.129208,6398,27
5870.168682,2502,254
5870.381607,82,38
5870.390273,764,92
5870.568343,2044,3
5870.66876,3675,274
5870.920622,2277,374
5871.648749,603,30
5871.976573,212,115
5872.773144,1509,487
5873.494305,1066,38
5873.497281,431,64
5873.987456,284,51
5874.240005,4306,484
5874.402551,5209,700
5874.645878,550,18
5876.259186,1731,3
5876.426201,369,55
5876.644456,415,72
5877.4038,465,6
5877.469563,354,21
5877.636242,2635,284
5877.6367,1872,160
5877.914532,1819,173
5877.926015,570,5
5878.63597,552,19
5879.260072,554,17
5879.427854,1552,12
5879.55914,567,22
5879.567212,3873,3
5879.978857,6494,297
5880.230583,378,16
5881.000624,2095,3
5881.228367,408,7
5881.639586,186,47
5881.872971,6771,24
5882.165353,327,35
5882.253728,1063,37
5882.769676,1542,9
5882.773433,2488,132
5884.759462,3721,123
5885.241482,596,22
5885.581914,558,20
5886.729732,7520,15
5886.986443,2095,477
5887.014908,2109,428
5887.515648,550,20
5889.887848,3887,57
5890.973171,3932,13
5891.97138,235,28
5892.390999,223,60
5893.278522,1797,3
5893.890165,630,52
5894.261423,279,84
5894.474186,587,92
5894.723279,534,9
5896.220145,2748,403
5896.762528,550,18
5897.227232,236,55
5898.673724,230,62
5899.728303,487,50
5900.768621,584,10
5901.765779,4051,150
5902.041186,747,37
5902.260326,4170,69
5902.288868,546,16
5902.39109,784,392
5904.640024,602,19
5904.742437,582,17
5904.878276,2979,339
5905.224631,584,18
5905.468665,2635,553
5905.473253,639,268
5906.429265,2656,267
5906.727047,1635,8
5907.138239,778,15
5907.182116,735,55
5907.182947,118,47
5907.228186,2207,3
5907.643947,607,25
5908.046716,5111,604
5908.262879,2793,96
5908.671103,717,168
5908.770622,3241,495
5909.419525,623,22
5909.642039,1331,94
5909.672978,120,32
5910.143355,420,47
5910.220743,613,338
5910.891058,175,63
5911.522831,275,59
5911.659533,1768,12
5911.876912,3304,488
5912.257901,400,71
5912.976075,4551,515
5914.237043,2317,165
5914.660696,3045,17
5915.724576,1872,11
5916.39924,4642,8
5916.42247,1694,562
5917.226043,613,63
5917.477249,264,66
5917.478996,2726,15
5918.238372,1812,45
5918.384457,1858,3
5918.42372,194,54
5918.425256,345,89
5918.580559,781,67
5918.632057,587,3
5918.975027,451,47
5919.880345,566,27
5920.223275,1248,189
5920.227463,4739,3
5920.382519,3682,414
5920.940348,6778,274
5920.977145,2992,487
5921.424132,2228,27
5922.687801,1712,212
5922.970099,968,6
5922.974005,489,8
5923.168819,5928,471
5924.154347,742,3
5924.224197,596,39
5924.395894,398,100
5924.543673,1637,3
5925.13795,4249,45
5925.421828,4399,682
5925.512047,375,106
5925.688514,1610,10
5926.17077,178,7
5926.233914,502,110
5926.390324,594,88
5926.47769,2997,277
5927.419803,560,26
5927.885682,351,70
5928.168777,3200,112
5928.908823,4684,458
5930.169705,1907,216
5930.381532,233,81
5930.972715,3180,70
5931.430699,858,40
5931.679077,392,46
5931.728876,658,84
5932.171457,1517,286
5932.629231,1541,35
5932.668736,726,9
5932.780558,968,44
5932.899221,421,63
5933.649987,554,20
5934.007489,531,7
5934.310542,2085,13
5934.486565,249,67
5934.8826,2381,63
5934.904179,2711,292
5936.024828,5412,455
5936.905352,316,37
5937.942406,1962,23
5937.98315,2674,40
5938.628708,2582,175
5939.138984,4219,75
5940.230454,281,34
5940.231064,374,53
5940.502283,772,3
5940.51807,607,18
5941.018253,524,88
5941.722372,568,30
5941.966272,368,44
5942.374496,219,34
5942.643582,4510,3
5943.229778,5798,490
5943.26846,3580,3
5943.2691,3296,56
5943.375004,414,52
5943.529476,2707,222
5943.721672,1763,217
5943.908124,645,21
5943.928358,2553,366
5943.931854,539,13
5945.398801,798,42
5945.903917,584,33
5946.421158,566,29
5946.472746,440,44
5947.18605,562,27
5947.186681,5517,225
5947.430103,546,11
5947.873429,3431,21
5947.975801,648,21
5948.125058,2516,99
5948.268911,6595,8
5949.640599,4876,634
5949.764473,7463,655
5949.975392,572,32
5950.49281,237,122
5951.76055,588,40
5953.236951,4646,625
5953.476289,4100,84
5953.638589,3191,494
5953.640748,664,10
5953.719815,357,217
5954.259129,2096,342
5954.26264,1955,3
5954.873088,345,52
5955.147107,370,63
5955.251399,571,20
5955.921691,582,9
5957.920004,279,124
5958.048361,2114,202
5958.259668,2241,3
5958.77724,560,24
5959.171954,2509,226
5959.679863,3418,367
5960.772949,3404,34
5961.509866,434,53
5961.887851,598,54
5962.297893,605,18
5962.516051,558,62
5962.678695,686,9
5963.144405,361,214
5963.878205,550,10
5964.015064,3013,3
5965.127496,1964,319
5965.225535,889,34
5965.874972,985,41
5966.149159,406,15
5966.630357,342,46
5968.72976,4100,817
5969.767227,1265,10
5970.145627,570,11
5970.226177,225,36
5970.918581,2053,362
5971.230995,555,52
5972.130997,563,73
5972.249283,543,11
5972.486881,588,22
5972.706612,550,21
5972.747561,2040,442
5974.91947,7805,3
5975.49974,6447,3
5977.240039,1855,116
5977.481035,696,114
5978.191587,318,49
5979.669915,1469,311
5980.382092,556,21
5981.719464,1522,33
5982.156466,424,14
5983.021548,638,13
5983.133556,1826,474
5985.341351,4016,337
5985.922715,566,26
5986.63616,457,47
5986.668574,709,14
5986.66943,5018,56
5987.383736,495,60
5988.169313,5661,394
5988.670468,3151,62
5990.240258,295,37
5990.437677,2185,17
5990.457875,1446,36
5990.774168,268,83
5991.218675,1128,45
5991.482355,180,51
5991.982627,554,20
5992.033152,1712,45
5992.419842,554,18
5992.975428,435,19
5993.030763,3511,8
5993.218608,212,46
5993.270553,222,50
5993.428529,234,144
5994.781835,2162,280
5995.490997,7008,19
5995.927164,588,20
5996.897756,3118,221
5996.932181,550,18
5997.478178,2672,8
5997.726241,5766,621
5997.728483,726,12
5998.647971,2434,170
5999.678811,558,25
6000.399196,2078,3
6000.648887,2045,3
6000.65077,558,22
6000.652094,474,48
6000.769621,2258,391
6001.244074,237,51
6001.385206,2790,183
6001.7199,625,26
6002.272727,3103,37
6002.456037,4725,573
6003.039089,564,13
6003.382649,568,28
6004.238579,909,10
6004.664634,223,39
6005.206379,227,37
6005.226912,969,35
6005.635802,4175,366
6006.136901,2928,359
6006.39738,504,5
6007.482493,947,55
6007.795601,5601,3
6009.779779,554,21
6011.477067,2334,302
6012.506725,334,97
6013.23054,513,58
6013.234998,1925,475
6013.241615,550,18
6013.477697,620,22
6013.634477,129,30
6013.645654,592,42
6014.051705,554,20
6014.924465,616,37
6014.97508,3898,70
6016.064607,2197,283
6016.473678,4171,51
6016.479064,133,47
6017.270813,391,16
6017.977339,592,38
6018.143509,5071,769
6018.624835,546,16
6018.895896,554,20
6019.286384,2452,3
6019.475741,5186,850
6019.919069,798,34
6020.675062,6253,24
6020.767905,511,104
6020.977198,6498,602
6021.518062,4638,459
6021.554345,5624,21
6022.127875,568,27
6022.482435,1982,232
6023.768695,2967,458
6023.842415,5352,3
6023.91995,450,38
6023.923725,642,20
6024.410556,393,8
6024.523297,1657,136
6025.14984,4363,49
6027.520578,434,15
6028.125282,618,38
6028.219994,464,45
6028.286455,793,257
6028.473778,2170,188
6028.889004,3241,156
6029.141575,146,6
6029.703608,255,36
6029.769015,2084,588
6030.769295,892,108
6031.359984,384,7
6031.39046,4308,680
6031.392619,4165,48
6031.928487,4397,578
6032.24091,350,119
6032.487768,621,31
6033.170728,591,18
6033.17121,560,26
6033.176674,1114,95
6034.223045,6288,27
6034.266606,190,87
6034.511066,1750,280
6035.442204,512,87
6035.443049,562,16
6035.484428,699,9
6035.719736,548,17
6035.733292,5041,578
6036.393268,2303,11
6037.44633,3022,3
6038.468942,144,4
6038.505276,6270,3
6039.381429,2600,226
6039.900445,656,42
6040.157483,7147,24
6041.187747,1913,3
6041.50778,5288,20
6041.510686,4890,3
6041.929865,391,13
6041.989524,247,103
6041.989632,364,48
6043.240947,2096,207
6043.926537,554,20
6044.267118,294,148
6045.178054,2477,152
6046.927741,347,87
6046.982052,3215,244
6047.007172,1745,316
6047.476022,5211,438
6047.889894,1391,18
6048.229851,195,110
6048.482716,761,90
6048.485325,226,8
6048.739212,2772,42
6049.140949,3214,588
6049.423528,2472,17
6049.476957,4066,21
6050.234193,2415,492
6050.658853,725,92
6050.669477,657,7
6050.673531,4916,518
6050.981635,5112,730
6051.724862,1518,27
6053.154655,55,53
6053.221693,1125,77
6054.265956,644,21
6054.986673,170,67
6055.229958,1848,12
6055.698853,2423,352
6056.43053,260,46
6057.729208,99,51
6058.510717,4881,8
6058.64276,2124,181
6058.692385,721,9
6059.900859,453,12
6060.148214,4142,315
6060.248009,1907,3
6062.720945,1741,236
6063.223233,5037,666
6063.37642,3898,489
6063.471334,626,91
6063.510455,1933,3
6064.39813,610,31
6064.924663,257,130
6064.972942,1944,3
6065.977137,588,40
6066.142429,604,28
6066.676846,534,5
6066.969802,1173,52
6067.141354,922,37
6067.380505,144,37
6067.920722,558,11
6067.923815,188,83
6069.468288,602,30
6070.014174,639,37
6071.038132,2525,218
6071.165428,54,45
6071.39508,3687,16
6073.150476,616,37
6073.873161,1958,194
6073.896231,550,18
6074.178828,2188,131
6074.261643,323,34
6075.131398,586,21
6075.186261,3834,580
6076.18841,3350,3
6077.427961,1730,3
6077.936497,1984,8
6078.171957,1800,3
6078.68149,4657,425
6078.686484,2204,3
6080.501953,558,22
6080.676583,171,63
6080.898628,2022,3
6080.929768,3511,457
6081.488303,873,17
6081.678417,521,11
6081.732886,576,31
6082.477906,589,53
6082.936471,6775,18
6082.994242,4240,3
6083.72963,374,111
6083.891618,261,54
6084.41975,4215,16
6084.482935,568,30
6084.646747,4254,44
6084.765787,666,61
6084.977351,1900,73
6084.978028,523,79
6085.419817,679,105
6085.516157,550,9
6085.642011,217,31
6085.835598,5289,3
6086.126253,722,10
6086.126925,1964,450
6086.436941,597,8
6086.875773,2595,3
6087.392307,1698,3
6087.766963,620,23
6087.890802,708,46
6087.977701,7562,60
6088.399225,205,71
6088.652169,5945,578
6088.969742,2244,499
6090.396269,6345,3
6090.719558,646,20
6090.8983,2348,3
6090.933005,1832,3
6091.133128,399,58
6091.219369,1816,15
6091.462053,2025,62
6091.765702,7606,394
6092.230676,500,18
6092.230848,2641,458
6093.486574,2109,12
6094.672505,196,3
6095.153006,5477,3
6095.218791,2237,258
6095.423897,4172,383
6096.72924,554,2
6097.968301,3108,292
6098.146961,215,184
6098.219701,427,51
6099.393721,582,45
6099.744969,4458,3
6099.883716,3123,3
6099.884184,2228,366
6099.975044,434,6
6100.142545,2179,104
6100.979916,402,109
6101.391894,280,103
6101.473629,7330,3
6101.62615,1375,3
6103.16857,3557,23
6104.028059,570,31
6104.173641,4101,20
6105.026031,3684,996
6105.974655,477,12
6105.977644,3258,281
6106.430512,410,43
6106.473575,1632,226
6106.635232,1622,46
6106.63891,540,61
6106.732468,2151,279
6108.682246,624,9
6108.682918,3141,3
6109.147311,610,3
6109.649849,263,99
6110.144632,334,47
6110.66377,590,23
6110.882514,2736,231
6111.428623,1767,55
6111.725196,1254,97
6112.030201,578,17
6112.4349,5124,3
6113.214063,4865,3
6113.427301,445,93
6113.48192,2278,313
6113.978629,5823,515
6113.984588,579,78
6114.224042,4641,362
6114.63728,1464,164
6114.973042,875,19
6115.224645,564,26
6115.644922,2112,212
6116.431101,4306,613
6117.127747,534,7
6117.129047,2037,10
6117.37829,410,40
6117.379112,6314,24
6117.630628,2813,445
6118.01107,4249,48
6118.127653,663,108
6118.232622,612,40
6119.375202,3276,259
6119.530951,564,25
6119.646974,621,31
6120.797799,548,17
6120.98112,588,12
6121.130984,743,38
6121.236042,3304,385
6122.392799,301,38
6122.719125,843,103
6123.642251,4859,3
6125.222457,263,45
6125.26861,604,31
6125.626371,209,42
6126.260307,556,23
6126.263,1121,86
6126.376736,820,36
6126.633478,385,65
6126.635934,196,7
6126.728778,1983,129
6127.217616,6756,644
6127.377443,2006,133
6127.524035,2230,593
6127.968397,2089,393
6128.629296,4309,41
6128.747323,306,195
6129.385504,2096,576
6129.385574,1762,231
6129.64578,1650,93
6130.389984,312,61
6130.734641,3418,56
6131.126116,2319,3
6131.423862,550,18
6132.128141,4587,432
6132.175151,2002,467
6134.382321,2976,274
6134.892604,1396,3
6135.237776,398,7
6135.241901,441,136
6135.639857,1368,3
6135.88474,586,11
6135.892485,800,12
6135.929911,4537,365
6135.979174,1933,3
6136.442181,2153,294
6137.030419,5981,3
6137.264376,562,24
6137.679865,6357,22
6137.73666,686,41
6137.892589,849,310
6138.385106,409,5
6138.63486,4973,390
6138.720876,556,13
6140.011555,7308,413
6140.518768,560,24
6140.684073,3224,16
6141.265305,613,2
6141.955886,270,48
6142.188875,570,31
6142.43626,631,11
6142.482251,279,52
6142.686531,2111,142
6142.727186,798,18
6143.015986,2464,158
6143.400601,1543,50
6144.382442,4116,13
6144.641992,871,27
6145.392067,2101,57
6145.516962,550,9
6146.012332,372,45
6146.136704,419,14
6146.424419,2247,704
6147.478761,5884,80
6148.509943,5773,531
6148.760284,140,54
6149.230574,2399,14
6149.92077,467,6
6150.267933,5445,3
6150.52319,1930,122
6150.885586,584,17
6152.644924,1083,24
6153.488989,562,21
6155.972624,6586,20
6156.978893,5536,3
6156.98135,1593,3
6157.228992,4335,542
6158.911602,2812,85
6159.50094,2428,3
6159.50192,434,61
6160.738613,555,10
6161.482313,3734,34
6162.178976,521,10
6163.226275,2942,14
6164.648293,907,3
6164.970961,7554,16
6166.126924,607,23
6167.151138,576,32
6167.488649,502,10
6168.470705,632,10
6169.139841,1221,3
6170.224382,2432,546
6170.468811,1939,23
6170.765924,554,22
6171.151586,1914,11
6171.275834,558,24
6171.429757,582,2
6171.886304,333,53
6172.491525,3109,118
6172.652677,624,41
6172.724579,2998,366
6172.929591,3224,367
6173.404563,4540,40
6173.722702,3727,331
6174.133452,2584,321
6174.978554,2186,159
6174.978685,3815,15
6175.733469,705,84
6176.629128,2103,450
6177.149216,430,52
6177.176447,2348,3
6177.397836,479,50
6177.727835,565,98
6179.39621,505,87
6180.994587,415,9
6181.010625,2601,302
6181.073255,526,7
6181.879455,5711,21
6182.269667,1999,511
6182.487465,730,30
6183.148419,5192,624
6183.489066,560,109
6184.021959,479,52
6184.510932,265,44
6184.650854,477,116
6184.651652,483,161
6185.408934,4128,941
6185.729801,560,25
6186.225567,176,19
6186.264736,5713,1024
6186.513935,3545,591
6188.172274,600,28
6188.429705,1874,19
6188.487316,510,9
6188.726303,1970,11
6189.008075,4575,37
6189.762513,2444,270
6190.23418,314,12
6191.380287,566,44
6191.977167,2250,31
6192.891595,178,4
6193.02749,3171,871
6193.132244,1785,50
6194.278312,5258,1122
6195.135746,594,23
6195.269254,780,8
6195.421094,2957,241
6195.421215,3913,87
6195.97992,391,53
6196.095098,483,72
6196.259807,5900,398
6197.420997,815,73
6197.483711,525,89
6197.484222,554,20
6197.922369,249,54
6198.012318,812,57
6199.165306,4377,50
6200.232714,687,91
6200.638656,3057,310
6200.762168,344,35
6201.168175,3358,396
6201.240223,1439,3
6201.391692,590,21
6202.732463,711,11
6202.733051,1176,56
6204.180931,5001,354
6204.387568,4423,57
6204.889255,681,40
6205.392759,1836,17
6205.643886,4583,7
6206.221119,532,51
6206.481231,570,68
6206.483488,2700,282
6207.780463,608,121
6208.263154,5589,543
6208.390743,2020,59
6208.510766,600,28
6209.139273,2185,114
6209.266861,1076,80
6209.677788,494,104
6209.7791,4022,3
6209.888437,221,126
6209.976757,1582,134
6210.753593,505,47
6210.926794,444,11
6210.984857,576,31
6211.392082,3040,487
6211.396147,369,32
6211.53376,204,97
6212.262152,3648,29
6214.400258,558,25
6214.432101,697,28
6215.011124,554,20
6215.488834,3738,1018
6215.761847,780,69
6216.155232,2128,340
6216.262357,398,62
6217.639851,7861,9
6218.255022,664,35
6219.032129,1107,128
6219.032852,570,28
6219.767167,495,69
6220.198556,3677,12
6220.280442,4740,320
6220.982388,818,53
6221.139054,566,29
6221.373461,1990,377
6221.472014,1782,220
6221.952169,2521,317
6222.017613,275,14
6222.655146,6281,20
6222.900644,292,63
6222.925615,5445,507
6222.973179,4321,3
6223.4724,648,108
6224.689802,983,3
6224.927631,1907,566
6225.069748,2388,14
6225.137524,4207,22
6225.399587,124,64
6225.970935,363,43
6226.476737,722,78
6227.949922,5116,3
6228.62672,176,62
6228.719487,564,28
6229.218343,594,75
6230.146358,2567,424
6230.47675,2207,490
6230.47795,570,28
6230.646567,5126,20
6231.223101,550,18
6232.469239,85,38
6232.758244,410,37
6233.010496,2213,376
6233.265247,2082,3
6233.476611,556,12
6234.91066,99,33
6234.985679,3018,369
6235.645893,135,49
6235.931521,584,34
6237.379781,3754,11
6237.472248,2017,216
6237.892621,4879,3
6237.936895,2508,13
6238.970518,2177,75
6238.974845,179,8
6239.684053,384,9
6239.881188,2489,13
6240.720655,165,48
6240.774015,556,18
6241.299165,195,100
6241.37573,1826,122
6241.37608,1948,171
6241.416528,361,5
6241.644936,243,49
6241.762896,699,78
6242.419891,552,20
6242.908133,572,17
6243.469694,211,3
6243.473171,4917,384
6243.98755,554,21
6244.218122,197,73
6244.876339,241,22
6244.983724,448,117
6245.226986,571,61
6245.23553,2155,364
6245.512358,2148,299
6245.765841,4710,3
6245.968698,2654,294
6246.77515,717,99
6248.126755,1752,3
6248.429802,424,10
6249.730957,4144,483
6250.886482,570,28
6251.253139,2494,94
6252.485256,751,33
6253.018418,2248,3
6253.455894,552,11
6253.924275,2459,3
6253.927212,341,8
6254.382863,447,49
6254.386185,607,16
6254.648754,2105,3
6254.736014,1500,3
6255.724126,572,36
6256.668291,724,8
6256.761241,570,31
6256.984013,719,67
6257.024963,1251,63
6257.551222,558,22
6258.030521,4907,19
6259.723544,2578,449
6259.796874,5830,15
6260.167741,359,6
6261.150855,5166,724
6262.523268,558,22
6262.977546,3253,3
6263.22112,1839,3
6263.471011,2402,42
6263.789307,366,52
6264.675097,584,4
6264.761911,192,36
6264.967734,611,23
6265.127294,2804,315
6265.226394,647,3
6265.631235,624,43
6265.770292,281,55
6265.896923,833,97
6265.919291,184,91
6267.211853,609,51
6267.250367,3616,725
6268.96962,2853,93
6269.260297,608,3
6271.237505,548,17
6271.26741,595,60
6271.414016,1741,118
6271.77919,589,6
6271.987306,395,19
6273.018154,1711,12
6273.020033,704,27
6273.654052,2588,77
6273.892166,3609,53
6274.014167,1467,36
6275.393409,201,4
6276.63802,613,18
6277.023745,434,51
6277.939435,2496,38
6277.993099,366,12
6278.225802,2422,13
6278.733585,759,98
6279.528367,5218,10
6279.970757,1893,50
6280.225486,1925,230
6280.677222,2019,254
6280.728849,4469,426
6282.687236,992,45
6283.514075,686,70
6283.644667,384,5
6283.91335,6271,358
6284.265738,550,18
6284.473474,2360,466
6284.881262,4040,47
6285.198047,4108,3
6286.132295,4403,82
6286.168847,572,32
6286.292796,566,29
6287.723946,2937,3
6288.482371,511,45
6288.737257,5101,3
6288.925764,4064,133
6289.223474,269,98
6289.879997,700,68
6290.281047,101,43
6290.65959,342,91
6290.72501,304,31
6290.726045,2314,49
6292.523265,2321,190
6292.719013,362,56
6293.967557,1692,3
6294.434823,320,66
6294.889281,421,51
6294.978987,4951,14
6295.478016,177,42
6296.133752,4061,59
6296.39246,2666,465
6296.455051,415,46
6296.455182,422,56
6296.476746,2052,3
6297.473178,1653,3
6299.233867,562,26
6299.4001,874,55
6299.517508,570,19
6300.458872,2593,303
6300.898018,2659,179
6301.766421,3504,3
6303.289252,778,51
6303.417634,564,28
6303.43561,2209,520
6303.90661,640,8
6303.973475,471,10
6304.180575,411,12
6304.490162,2988,351
6304.769354,676,38
6305.242692,3250,3
6306.230837,743,50
6306.375297,250,84
6306.430969,1884,12
6306.736376,220,44
6307.627212,354,57
6307.719684,586,31
6308.232725,1068,64
6308.723734,570,24
6308.974165,220,52
6309.394975,4065,630
6310.884046,4464,752
6311.469304,707,19
6311.638744,578,33
6311.881075,354,61
6311.962683,184,30
6312.909539,162,49
6313.493092,554,20
6313.583836,400,99
6314.668804,510,45
6314.982517,1525,3
6315.216515,1106,99
6315.406715,699,95
6315.680221,996,136
6316.53841,709,68
6317.7162,4209,51
6317.764387,1624,367
6317.823981,532,41
6318.407403,635,37
6318.921424,2887,541
6319.421576,228,8
6319.492592,477,101
6319.9775,556,24
6320.064653,1674,3
6320.517723,478,7
6320.643354,405,22
6320.727796,596,49
6321.16916,1973,3
6322.693296,2264,60
6323.253931,1858,12
6323.742196,619,27
6324.134492,560,24
6324.747875,2390,82
6325.374067,745,85
6325.741627,2750,339
6326.010116,1588,300
6326.038123,7035,3
6326.2263,572,32
6327.464018,318,40
6327.969801,5215,13
6328.376641,202,3
6328.761456,613,24
6329.725813,1675,43
6329.766647,866,40
6330.011559,6009,20
6330.234913,546,16
6330.511169,3410,12
6330.678537,560,24
6331.259546,1717,3
6331.486983,229,51
6333.476315,2529,44
6333.511485,1283,18
6333.731791,615,28
6334.238295,2290,51
6334.510305,1815,18
6334.668314,523,93
6335.228725,208,56
6335.22945,645,30
6336.468089,324,163
6336.739751,385,61
6337.975197,219,70
6338.421974,489,5
6339.760166,1943,18
6340.258841,807,81
6340.391116,576,34
6340.469722,560,228
6340.669465,578,35
6340.919338,3966,655
6341.171483,3224,15
6342.230383,2974,113
6342.764136,6217,21
6343.728665,160,53
6344.672359,3656,3
6345.176751,318,123
6345.797644,611,21
6346.882659,326,9
6348.145859,674,9
6348.506623,162,108
6348.725665,1126,36
6348.729654,1924,17
6349.299889,565,28
6351.558766,516,8
6351.734405,1343,3
6351.760625,481,92
6352.258896,129,43
6352.694748,4572,3
6353.42662,2244,384
6354.2537,702,114
6354.509712,560,23
6354.725653,3120,37
6355.473617,564,27
6355.494973,572,13
6356.135604,6601,778
6356.263945,570,31
6356.635037,3708,3
6356.649829,657,58
6357.173973,636,50
6357.404578,750,17
6357.726093,877,113
6358.153374,129,61
6358.472114,212,37
6358.69173,584,38
6358.72525,415,41
6359.201272,554,15
6359.633799,3047,289
6359.774293,1923,444
6359.941504,747,19
6361.124046,426,12
6361.560229,4479,351
6361.641572,521,8
6361.733942,3649,23
6361.797121,6868,18
6361.981991,608,13
6362.4784,1660,98
6362.673745,576,23
6363.209151,5104,124
6363.63616,625,11
6363.773675,1395,13
6364.731859,250,43
6365.312714,748,94
6365.314603,308,50
6366.668463,2041,57
6367.017664,2595,129
6367.275613,2303,313
6369.140619,625,25
6369.892501,5132,645
6369.920649,148,44
6370.020359,552,19
6370.13968,395,64
6370.477058,725,33
6371.03129,269,117
6371.230802,2479,778
6371.271385,644,64
6371.979348,1847,129
6371.982,752,20
6372.726543,570,31
6372.767237,622,38
6373.019772,801,68
6373.224432,1891,3
6373.250121,169,50
6373.928782,942,3
6374.023235,351,80
6374.471474,670,39
6374.94551,570,28
6374.982788,5329,493
6375.142293,552,19
6375.647788,193,44
6376.138621,330,101
6376.138937,555,7
6376.233233,548,17
6376.732426,374,45
6376.732772,3521,358
6377.253851,2346,11
6377.265235,613,27
6377.747302,2979,37
6379.422412,3437,399
6380.221691,853,9
6380.375033,558,11
6380.425572,1820,3
6380.646087,1964,502
6380.646475,505,6
6381.96889,2667,242
6382.476916,1615,11
6382.761451,237,46
6383.242496,4701,530
6383.477396,1283,14
6384.008883,326,7
6385.379983,935,14
6385.482849,814,10
6385.734128,1014,267
6386.266053,2453,17
6386.658884,4024,561
6387.22946,3317,44
6387.3815,2628,13
6387.645214,1112,85
6388.225482,436,36
6388.430102,3125,76
6388.490086,566,30
6388.680488,379,32
6388.889245,166,46
6390.138215,912,46
6392.223144,4108,301
6393.522994,317,47
6393.52866,595,19
6393.555543,2987,262
6394.184708,1674,11
6394.556276,3523,3
6394.747186,4044,139
6394.88253,6005,29
6395.272621,167,41
6395.278871,2615,13
6396.143014,422,35
6396.15096,4341,3
6397.375279,125,42
6398.684339,553,7
6399.427577,1696,107
6400.481359,2941,3
6402.138131,560,25
6402.429593,2730,3
6403.023303,2262,73
6403.246826,355,121
6403.772732,577,6
6404.692256,3492,306
6405.268142,3875,449
6406.139563,666,34
6406.42736,54,37
6406.973697,590,21
6407.023872,212,95
6407.293014,6596,107
6407.754256,403,53
6408.174953,2265,240
6408.928692,604,45
6410.278682,211,3
6411.376441,478,130
6411.877222,4397,444
6411.90264,609,19
6411.94066,445,69
6412.760002,643,11
6413.419556,1597,10
6414.009238,262,68
6414.23543,350,7
6414.736853,2165,3
6415.733082,284,7
6415.883583,4693,3
6416.136586,2830,3
6416.168489,2125,626
6416.22579,427,8
6416.730251,568,6
6416.979712,812,59
6417.180743,658,34
6417.556144,633,71
6418.126307,2040,341
6418.129488,1452,70
6418.817252,556,23
6418.88783,4209,18
6418.924572,2263,14
6418.976476,2343,104
6419.392404,2285,216
6420.13256,108,3
6420.16033,584,38
6420.889906,6136,22
6421.927679,4720,517
6421.932798,637,30
6421.932958,429,76
6423.189714,440,16
6424.746962,1911,3
6425.016223,4320,316
6426.638275,329,41
6426.765931,642,24
6427.488752,2330,198
6427.625979,1843,104
6427.752537,2186,294
6427.984566,2058,15
6428.654923,2006,43
6428.897605,2532,371
6429.266801,2522,445
6429.488705,4561,347
6429.678157,238,8
6429.8982,2416,3
6430.231322,2287,10
6430.672214,398,86
6431.478391,377,134
6433.522551,1766,65
6434.219417,4272,29
6434.398007,540,104
6434.676232,610,107
6435.439307,1110,131
6436.260346,534,8
6437.235138,3880,3
6437.755661,1337,3
6438.399295,2296,185
6438.935465,2976,3
6440.143224,2157,204
6440.641717,4557,553
6441.021801,558,23
6441.402164,550,21
6442.183892,907,50
6443.263893,354,10
6443.647838,366,113
6444.14516,1406,3
6444.726194,2656,92
6446.23653,748,133
6446.23672,1877,330
6447.39633,680,84
6447.470808,4513,8
6447.754071,522,88
6447.895614,615,27
6448.91812,2119,3
6449.142673,582,9
6449.143279,110,63
6449.650355,1719,3
6450.405766,4082,225
6450.477248,4702,560
6450.479935,1126,122
6451.169589,2074,12
6451.671517,330,95
6451.740479,1364,610
6452.634647,221,38
6453.39744,4775,30
6453.521155,153,56
6453.670249,241,48
6453.729516,380,221
6453.918188,2030,47
6454.231484,1871,214
6454.400321,1034,15
6454.660577,136,48
6454.80485,407,92
6455.01957,5257,19
6455.168588,316,50
6456.03535,562,22
6456.484914,2176,13
6456.632762,4353,378
6456.81516,165,27
6456.918946,2786,401
6457.687528,7504,3
6458.146343,1751,128
6458.528859,438,95
6458.632021,594,48
6458.721236,2762,20
6458.975615,436,8
6459.137912,1930,12
6459.726961,3845,45
6459.920031,355,89
6460.011966,1062,13
6460.278152,2692,403
6460.976164,818,77
6461.218866,3013,299
6461.440936,4182,842
6461.974765,548,17
6462.011068,348,52
6462.221353,551,39
6462.945666,1702,260
6463.26165,2322,288
6463.732768,480,11
6464.015219,196,50
6464.265102,568,22
6464.762246,1584,23
6464.923557,2120,16
6464.982167,2180,192
6466.008765,1887,3
6468.259458,5500,20
6468.723892,550,20
6468.764447,1456,51
6468.764559,154,49
6469.515319,242,52
6469.724791,2059,190
6469.763044,512,7
6470.173564,450,63
6470.260629,2778,90
6470.70557,4423,3
6470.93774,1851,219
6470.981304,647,9
6470.981748,956,110
6471.233988,2565,466
6471.474901,582,17
6471.888678,2485,17
6472.409708,483,68
6472.719327,5113,17
6473.480728,556,23
6474.408071,316,166
6474.478679,2565,47
6474.883803,4149,386
6475.392454,584,40
6475.471502,578,34
6476.702791,635,23
6476.98271,513,9
6477.141124,605,23
6477.218912,558,21
6477.234796,580,5
6479.17177,648,71
6479.652879,6515,432
6480.12827,1798,13
6480.22104,3783,12
6480.479327,643,21
6480.479413,2909,411
6480.479604,4479,51
6481.373612,4285,33
6481.682427,6931,16
6482.232849,2369,232
6482.404245,554,20
6482.668734,862,8
6482.668752,3366,13
6482.918114,1753,3
6483.171037,1967,161
6483.300331,2085,344
6483.730178,1197,11
6483.900252,2253,16
6484.491871,1957,275
6485.181727,848,3
6485.448022,5830,11
6486.255721,2838,3
6486.736478,4772,242
6487.481485,2216,292
6487.625743,2492,12
6487.676567,1799,12
6487.806671,2077,121
6489.483497,305,92
6489.669454,574,31
6491.130741,1935,35
6491.392099,3596,23
6491.643274,4759,70
6492.128062,4601,3
6493.221252,1525,36
6493.24247,735,13
6493.47076,1318,29
6494.14623,603,18
6494.765156,1800,13
6495.015368,3721,23
6495.183426,1050,47
6495.510754,2107,68
6496.239377,196,142
6496.671614,555,18
6497.169172,1626,95
6497.172638,1081,54
6497.235559,626,8
6498.897817,6958,9
6499.15257,2333,206
6499.719398,5492,455
6500.288282,718,40
6502.486376,3427,299
6503.06601,706,18
6503.066567,6575,14
6503.88379,548,17
6504.687918,81,55
6505.534786,491,6
6506.441182,537,65
6506.643673,251,5
6506.6528,728,30
6506.908367,4061,48
6507.880731,2027,462
6508.520322,831,209
6508.523993,4239,401
6508.97976,2640,15
6509.520094,1064,170
6509.718038,1629,14
6510.715864,3617,3
6510.769466,4946,267
6511.510373,1605,10
6511.720029,1611,3
6512.259328,2488,268
6513.480712,2659,426
6513.729681,582,112
6514.240219,1706,3
6514.899616,1039,55
6514.926766,546,9
6515.13048,316,59
6515.221324,679,82
6515.723896,1313,270
6515.992288,1619,3
6516.382672,212,40
6516.467016,355,74
6516.729131,2245,122
6516.889881,566,27
6517.241338,613,57
6517.723448,2343,371
6518.731652,598,7
6518.925979,2146,3
6519.470936,566,29
6519.502976,2230,9
6519.503519,705,100
6520.721225,447,62
6520.915376,4391,192
6520.969583,429,46
6521.519676,2716,10
6521.523858,306,42
6522.62465,1790,178
6523.169988,3290,311
6525.293312,99,42
6525.479793,555,18
6525.680887,411,73
6526.484895,552,22
6526.485486,245,37
6527.648896,983,57
6527.895398,2476,246
6528.152915,608,16
6528.242025,2474,416
6528.724692,983,89
6529.230101,590,11
6529.476239,564,40
6529.624306,2174,233
6529.892892,1818,3
6530.493863,185,89
6530.733492,747,34
6530.762787,1874,3
6531.478641,602,2
6531.727601,590,30
6531.928539,489,3
6532.976444,403,57
6533.67962,609,3
6534.243759,249,49
6534.251402,5476,1200
6534.25173,596,27
6534.729233,554,20
6534.93107,5096,719
6535.131076,2063,13
6536.473151,2940,489
6536.72602,580,8
6536.736733,410,30
6536.737052,2344,513
6536.974896,1729,242
6536.990092,677,51
6537.239735,514,49
6538.127123,322,6
6538.683273,630,7
6539.650125,606,32
6539.7237,3072,3
6539.899758,272,125
6539.927823,2390,18
6541.510186,277,64
6541.890405,1689,3
6541.921473,2494,13
6543.393357,2657,385
6543.886678,549,51
6544.975088,129,30
6545.7658,5283,262
6545.992332,520,105
6546.747416,402,44
6546.977085,5821,247
6547.680039,2121,3
6548.944638,640,174
6550.134718,616,39
6550.939553,1235,3
6551.133775,825,18
6551.970929,689,218
6552.147603,2802,54
6552.469303,164,51
6552.726473,3915,294
6552.975318,211,76
6553.124568,574,30
6553.522415,347,60
6554.624554,4901,428
6555.006844,1842,393
6555.474852,140,73
6555.653752,2813,3
6555.880567,1842,3
6555.927982,558,55
6556.225006,2381,15
6556.560915,564,28
6556.76109,4807,17
6556.922495,2029,634
6557.254029,3626,595
6557.736774,816,11
6557.976445,2352,53
6558.726506,585,146
6558.97995,22,498
6558.984091,5370,454
6559.226039,1906,17
6559.434088,2107,291
6559.474712,1920,126
6559.673441,412,45
6559.740593,799,39
6560.181373,765,34
6560.481942,564,28
6560.974675,2687,231
6560.977756,1785,11
6560.98104,271,10
6562.884029,54,65
6563.022768,554,21
6563.927341,5342,7
6564.158379,563,6
6564.632728,2073,195
6564.928838,64,30
6565.142084,498,125
6565.142921,583,17
6565.429857,1835,58
6565.895433,2780,595
6566.291757,3874,19
6567.432846,560,23
6567.934231,530,107
6568.242809,2540,3
6568.669093,756,62
6570.397111,2109,33
6570.551743,5569,3
6570.882137,1049,414
6570.930458,582,37
6571.016453,243,117
6572.14615,243,100
6572.228372,2067,153
6572.478611,1520,3
6572.478979,1647,32
6572.492827,697,8
6573.17193,588,38
6573.723755,673,50
6573.771829,478,48
6574.382005,293,42
6577.247391,5611,1015
6577.413688,458,7
6577.733652,3798,3
6578.207087,1053,77
6578.219382,1650,3
6578.220652,1966,146
6578.544994,643,27
6579.139842,3236,524
6579.219054,104,60
6579.657435,3804,256
6580.42892,588,117
6581.770272,5069,623
6582.0253,588,16
6582.224887,333,77
6582.473711,2178,538
6582.976735,4572,3
6583.498391,132,57
6584.640601,2030,205
6584.973805,396,45
6585.736117,2252,11
6586.763807,2053,3
6586.98361,1668,3
6587.512023,2430,254
6587.890612,5368,892
6588.260926,890,7
6588.420019,2883,36
6589.681825,558,22
6589.742141,558,22
6590.169207,598,118
6590.269916,950,16
6590.419983,528,46
6590.512204,727,19
6590.673825,1856,423
6591.398496,3287,48
6592.165282,550,11
6592.169619,941,24
6592.971317,582,35
6593.428064,1073,10
6593.982176,558,24
6594.227288,556,24
6594.271997,1992,614
6595.230382,578,32
6596.679034,411,127
6597.008774,1717,3
6597.9016,1600,3
6599.230516,2153,11
6599.449106,4653,3
6599.462278,3016,3
6600.233226,328,10
6602.203033,6313,89
6602.981493,340,79
6603.149512,277,69
6603.693316,546,11
6604.982892,3254,230
6605.133518,4852,160
6606.760223,334,51
6606.763122,679,22
6606.763326,251,54
6606.980982,339,8
6607.678028,460,49
6607.747602,627,82
6607.760279,547,71
6609.012015,1310,41
6609.637675,2853,221
6609.981112,749,11
6610.409788,7273,3
6611.150247,333,8
6611.721032,2783,348
6612.233977,4357,3
6613.438409,6842,20
6613.641672,690,88
6616.510659,2194,3
6618.218707,3852,384
6618.639353,4421,50
6619.009431,5244,409
6620.719823,763,94
6621.266032,274,51
6621.282135,1737,3
6623.146315,4996,679
6624.012969,315,17
6624.425739,606,53
6624.734655,410,22
6625.223397,4884,400
6625.884619,4574,3
6626.478482,4644,3
6627.169422,626,75
6628.16817,883,12
6628.228403,987,3
6628.249419,2604,360
6629.249083,1681,300
6630.141952,540,7
6630.502568,2474,310
6631.379044,800,58
6632.396019,662,100
6633.725647,616,53
6633.933969,130,116
6635.485927,470,49
6636.520304,297,6
6636.520541,1254,3
6636.797699,1833,3
6637.217025,4758,3
6637.274389,6689,23
6637.387629,1605,34
6637.88971,1866,284
6638.167634,4828,723
6639.004882,2102,3
6639.219196,2383,704
6639.54032,1788,20
6639.748449,2064,3
6640.175351,2506,863
6640.376976,556,23
6641.14323,572,26
6641.436911,2313,120
6641.974785,2101,3
6643.390843,234,141
6644.266261,381,4
6644.374287,736,7
6644.533601,5151,510
6645.632203,564,26
6646.01785,2817,422
6646.219046,3062,344
6647.767576,323,6
6647.976612,566,27
6648.769453,4845,26
6648.930843,2345,432
6648.979623,2758,377
6649.207592,2205,309
6649.716335,3970,17
6650.224924,124,19
6651.02607,697,53
6651.467872,1421,3
6651.902194,552,11
6652.386044,2099,187
6652.710027,4705,3
6652.73176,556,13
6652.810939,261,160
6652.811431,604,31
6653.728741,2959,40
6653.882393,493,11
6654.051433,600,23
6654.97897,1311,62
6655.812856,153,50
6656.1804,1964,9
6656.4724,849,153
6656.98658,556,13
6657.76413,196,40
6658.143407,2261,344
6658.233815,5256,843
6659.228557,148,44
6659.477819,412,48
6660.136516,90,48
6660.62785,6,20
6661.241285,4447,12
6661.479191,899,12
6661.520827,554,20
6661.648258,3374,76
6661.8888,3872,139
6661.98333,353,12
6662.87455,4253,46
6662.902013,390,49
6663.488652,4759,278
6664.147235,552,19
6664.171387,2463,47
6664.39825,845,7
6665.264907,1393,3
6665.464188,5768,900
6665.490375,550,18
6665.901875,178,103
6666.484783,1950,3
6667.374309,2466,8
6667.681405,5960,303
6667.989112,2768,53
6668.180308,1048,57
6668.384093,578,20
6669.682601,2868,12
6670.890107,596,27
6671.500174,814,16
6671.512259,528,57
6671.877841,542,7
6672.527567,1269,12
6672.68904,53,55
6672.791896,570,30
6675.009794,1801,459
6675.232256,2509,266
6675.269318,4513,43
6678.497841,1075,95
6678.926095,1426,70
6679.160829,2293,378
6679.178702,135,54
6679.761776,759,115
6680.236454,429,80
6681.144032,1906,3
6681.154209,4661,13
6682.48302,117,58
6682.54157,562,33
6683.717813,1438,366
6683.780265,273,147
6683.783471,2667,3
6683.809134,291,114
6684.492359,5733,394
6684.629666,2739,3
6685.01236,2494,234
6685.477724,598,50
6686.970058,352,88
6687.637807,1950,9
6688.221905,5105,719
6688.471215,1945,58
6688.777238,1013,34
6689.231046,197,47
6689.682587,4487,186
6690.504927,443,141
6690.510514,446,11
6693.638711,931,17
6694.436746,1316,3
6694.480463,2363,96
6694.637778,2353,3
6696.984066,548,17
6697.264197,2669,44
6698.428603,3966,179
6698.734459,2731,167
6699.428968,590,21
6699.967986,1138,25
6700.229884,328,7
6700.957452,325,8
6701.130538,1991,10
6701.97779,3454,38
6702.138458,2273,3
6702.394328,363,150
6703.423295,1746,3
6703.676831,548,17
6703.724507,212,60
6704.161662,2260,339
6704.225001,5471,212
6705.474881,6543,20
6705.696956,727,32
6706.133515,2457,343
6706.919151,439,36
6707.171187,5787,226
6707.301654,566,27
6707.482684,6453,20
6708.019117,3026,288
6708.229452,753,11
6708.794279,2254,14
6709.299222,555,20
6709.55683,974,3
6709.797677,1297,3
6709.971171,5109,18
6710.275162,4137,31
6710.78206,313,53
6710.990662,388,7
6710.990827,518,7
6711.079084,3449,3
6711.079312,3120,367
6711.469623,347,35
6712.218737,562,27
6712.554109,462,52
6712.641869,781,30
6712.642103,574,32
6713.019967,592,22
6713.391361,3258,298
6713.921786,550,10
6715.168209,413,61
6715.224553,4860,845
6716.631633,2428,231
6717.474698,282,5
6718.222388,4074,19
6718.478868,771,186
6718.888385,2047,290
6719.881704,5003,22
6720.635961,286,8
6720.730537,1908,464
6720.88641,1723,11
6721.134111,2152,250
6721.383341,113,56
6721.725234,3110,298
6721.94502,6431,534
6722.635235,534,9
6722.768974,7512,27
6723.049456,2474,3
6723.650071,234,35
6723.985279,721,102
6724.463914,675,15
6724.47992,399,11
6724.877591,165,91
6724.978264,584,18
6725.6505,2191,45
6725.976616,4520,915
6726.039004,372,6
6726.274486,450,103
6727.726366,556,21
6727.728374,322,45
6728.010851,1838,3
6728.474839,5998,943
6730.012417,368,6
6730.493115,593,36
6731.140125,854,73
6731.39112,148,46
6732.378002,1895,10
6733.393992,3796,8
6733.444707,3443,11
6734.874536,2090,258
6734.877802,1586,43
6736.927025,5040,237
6737.296212,4271,580
6737.304812,613,25
6737.383516,5826,676
6737.892143,294,40
6738.141632,2078,306
6738.486298,559,105
6739.201486,2964,23
6739.727952,592,50
6740.391779,2274,76
6740.991311,344,44
6741.144851,403,44
6741.673506,701,13
6741.737276,54,61
6741.75957,1673,3
6741.90089,1858,11
6741.981398,4973,968
6742.097439,500,149
6742.426112,630,2
6742.483941,696,22
6742.891375,1641,338
6742.981239,1597,186
6743.488711,53,47
6744.132233,155,109
6744.480488,550,18
6745.879198,2496,362
6747.888842,389,194
6748.009118,1939,10
6748.682786,3143,3
6748.898099,2341,40
6749.379684,1979,104
6749.944324,2841,426
6750.123999,387,60
6750.146647,353,38
6750.172215,3149,14
6750.419946,2249,246
6750.776976,3039,10
6751.422633,979,16
6751.933782,375,67
6752.37409,2266,506
6753.512938,642,20
6753.764401,2838,297
6754.243612,152,40
6755.144227,393,46
6755.511818,698,118
6755.531947,3064,394
6755.668822,5228,19
6755.731006,621,31
6756.421826,624,21
6757.137066,572,32
6757.485772,554,12
6757.81166,2589,255
6758.64679,275,7
6758.77831,1803,3
6759.230723,769,82
6759.892169,711,134
6760.018967,1955,258
6760.420159,574,33
6761.982516,684,95
6763.138554,5567,493
6763.53013,1521,215
6764.222246,4166,3
6765.135115,576,34
6765.395349,2811,377
6765.488176,262,50
6765.640839,5126,692
6766.125037,337,31
6766.483991,622,47
6766.668753,566,29
6767.169381,4154,41
6767.742468,299,37
6767.937395,706,7
6768.239169,2890,471
6768.482054,2145,491
6768.482239,6260,23
6768.968296,267,59
6769.380217,546,16
6769.886614,335,35
6770.223975,1784,3
6770.235997,379,52
6770.981968,2173,549
6771.390327,613,27
6771.979833,3071,39
6772.773215,781,5
6774.627022,460,49
6775.011901,588,40
6775.479158,615,22
6775.719514,562,27
6777.139397,2861,3
6779.012293,297,42
6779.012521,4311,581
6779.670782,495,10
6780.168774,499,24
6780.524284,2539,3
6781.482955,385,6
6781.639832,609,19
6781.730121,1187,33
6781.88818,2681,306
6782.231654,4267,68
6783.588041,584,36
6783.974115,5135,289
6784.879197,588,20
6784.889345,4286,419
6785.673713,367,99
6786.931691,559,10
6786.944058,1753,3
6787.223806,3856,10
6787.975372,575,47
6788.268993,1407,33
6788.469679,6314,20
6791.028334,1983,204
6791.228124,6764,24
6791.646573,1805,3
6791.647191,2310,224
6791.720621,405,39
6792.373741,5310,505
6792.78947,324,11
6792.979594,3762,37
6793.092094,421,56
6793.181457,3134,442
6793.376945,2834,61
6793.377278,5683,122
6793.876224,457,83
6794.019149,398,11
6795.884475,215,42
6796.004086,2115,436
6796.728747,5371,678
6797.482768,2679,456
6798.385685,5220,3
6798.512377,269,46
6799.013684,562,64
6799.062162,2170,231
6799.182397,313,11
6799.607131,772,274
6799.645242,2774,90
6799.884071,472,48
6800.137442,624,32
6801.032259,693,53
6801.729619,603,14
6803.726359,313,39
6804.138542,2050,3
6805.68592,2530,224
6806.148224,521,19
6806.40452,3921,275
6806.480938,2765,13
6806.75816,5140,3
6807.013223,4278,352
6807.763486,333,50
6807.967216,572,31
6807.97873,2670,246
6808.388615,905,185
6808.423296,3156,191
6808.873072,7581,25
6808.973484,618,52
6809.016279,550,60
6809.474653,3445,339
6810.928165,388,69
6811.171675,424,59
6811.895432,4793,232
6812.640919,264,42
6812.919675,4031,17
6813.386518,55,45
6813.420143,2126,3
6813.422643,1214,43
6813.899741,1743,3
6813.92056,1942,3
6814.538326,421,36
6814.542794,595,3
6814.976671,1818,3
6815.162353,5725,17
6815.217075,5507,21
6815.687482,240,91
6817.476627,1724,77
6817.522018,1735,3
6818.424061,572,29
6818.982815,3008,419
6819.489139,594,7
6819.645558,4295,3
6819.922429,280,58
6820.21988,3571,445
6820.514184,1190,21
6820.799885,4180,3
6820.800233,1990,440
6821.016538,5586,550
6821.138958,1627,3
6821.169206,3112,225
6821.480835,1074,33
6821.485888,1775,3
6821.729263,1802,3
6822.226478,4191,820
6823.88829,564,21
6824.016604,4603,3
6824.138579,626,24
6826.260667,4456,393
6826.74815,1207,39
6827.507841,4635,3
6827.63134,360,110
6827.737588,2108,446
6828.259392,271,48
6828.704799,1823,3
6829.47343,548,2
6829.761899,2025,271
6830.428366,421,53
6831.429272,5271,19
6832.390238,734,63
6833.471466,1879,166
6834.138381,384,137
6834.669079,1470,115
6834.920916,458,18
6835.440745,419,11
6836.500596,1873,3
6837.135495,4471,343
6838.137339,2684,44
6838.233702,609,25
6838.326158,3365,8
6838.438246,94,33
6838.974848,4259,3
6839.140402,482,42
6839.517487,2036,221
6839.685732,2226,133
6839.717931,5300,424
6840.222996,572,30
6840.230925,4421,45
6840.640341,556,21
6841.000096,4007,647
6841.170127,1410,12
6841.668701,947,3
6842.171396,4941,264
6842.2187,354,72
6842.634542,2357,492
6843.526904,746,33
6844.521063,572,32
6845.155937,2481,161
6845.737333,5033,950
6846.269445,1819,3
6846.97038,949,21
6846.970421,3856,92
6847.02513,2035,15
6847.398452,5572,413
6847.719328,626,23
6847.733589,3073,245
6847.769569,3030,144
6848.471087,309,45
6848.718076,325,42
6848.959558,2769,386
6849.380244,2662,243
6849.486175,1959,45
6849.520405,580,35
6849.523279,79,25
6849.928428,360,39
6850.471954,2787,360
6851.033351,2497,394
6851.417187,490,9
6851.679023,2446,227
6852.474386,5773,3
6852.719075,611,29
6852.787921,1766,185
6853.315846,215,145
6853.406478,3002,333
6853.406723,1035,87
6853.995877,1618,16
6854.146475,2046,3
6855.97864,451,104
6856.672247,195,12
6856.74065,494,11
6857.020653,5197,198
6857.273976,594,24
6857.896257,6545,74
6858.519768,550,10
6858.738796,2104,10
6858.880272,162,39
6859.140277,848,57
6859.637925,560,10
6860.232367,5068,383
6861.678528,3566,12
6862.169803,4069,455
6862.472303,2513,210
6864.258108,2012,48
6864.487416,2517,103
6864.984548,4345,42
6865.232899,2144,269
6866.050494,4253,7
6866.273077,4635,3
6866.373083,542,142
6866.641593,347,51
6866.760523,1800,7
6867.029753,556,11
6867.423799,1669,3
6867.990257,3165,3
6868.721693,2421,473
6868.977016,610,34
6869.238876,3795,39
6869.467603,3778,761
6869.901302,2081,407
6869.907177,203,50
6870.475648,322,239
6871.419262,1993,3
6871.475718,3912,21
6872.477211,174,43
6873.131704,435,50
6873.729665,584,10
6873.90727,865,48
6874.137087,179,41
6874.509478,3991,3
6874.729638,1150,13
6874.737798,348,6
6874.927394,2982,239
6874.976933,3739,370
6875.726827,566,11
6876.140392,535,50
6876.479046,409,11
6877.389483,5038,3
6877.392371,297,5
6877.935367,844,53
6877.98269,1921,3
6878.484596,3673,69
6878.664719,5629,743
6879.377457,2462,270
6879.472097,246,48
6879.761341,50,36
6879.877523,576,22
6880.947339,2568,396
6881.16777,3105,10
6881.874819,2317,256
6882.241635,1799,3
6882.747551,433,62
6882.979948,192,61
6883.623288,5115,19
6884.629101,298,43
6885.241662,2730,278
6885.884115,4687,21
6886.482784,1928,36
6886.778793,3677,3
6887.169013,3025,388
6888.169995,1413,34
6888.174762,222,69
6888.476551,5113,19
6889.229234,725,63
6890.003248,237,41
6890.413916,5562,26
6890.417731,4240,523
6890.922713,588,7
6891.225052,1857,3
6891.227347,632,62
6891.64335,555,17
6893.548618,587,11
6894.724267,468,53
6895.519763,3329,580
6895.920506,3872,14
6896.012017,2979,290
6896.171653,2964,8
6896.432095,343,88
6897.393814,708,14
6898.52295,399,13
6899.478039,550,20
6900.638727,320,159
6900.729443,1131,99
6900.886722,2244,12
6901.0146,5650,378
6901.396601,3118,655
6902.145833,2051,3
6903.195069,731,13
6904.386495,635,11
6905.381186,770,86
6905.766851,718,53
6905.926137,692,94
6906.202879,4345,3
6906.203068,631,36
6906.264617,3189,605
6906.677965,7666,385
6906.908557,1944,3
6907.523579,603,41
6907.921026,639,54
6908.168692,677,41
6908.720591,2198,452
6909.129037,3779,3
6909.470195,578,32
6910.386881,554,12
6910.763267,1049,20
6910.895279,2432,17
6911.168553,522,42
6911.967479,521,50
6911.987983,585,41
6912.71915,554,20
6912.924883,3533,3
6913.647892,736,195
6913.725147,2057,265
6913.786757,580,16
6914.471336,1820,18
6915.261321,572,8
6916.166829,2827,277
6916.374207,458,16
6917.127995,631,61
6917.182236,420,54
6917.185023,2042,65
6918.725499,493,47
6918.984405,1517,39
6919.264619,1969,16
6919.553961,1762,3
6920.720615,617,11
6920.76836,2037,3
6920.935813,2411,41
6921.130783,1488,70
6921.37405,3091,534
6921.483259,1056,29
6921.647803,553,48
6921.673143,818,12
6921.890895,5596,467
6922.245859,4184,3
6922.729584,5483,20
6923.521858,55,53
6923.918446,392,13
6924.011372,445,44
6924.879173,4550,3
6924.890516,2409,320
6925.251247,2333,3
6927.524358,544,15
6927.639693,101,39
6927.884601,2734,279
6928.754068,198,49
6928.916916,4327,48
6928.940354,179,125
6929.383421,572,32
6929.406161,5396,240
6929.649118,875,155
6930.197416,4424,53
6930.723404,554,19
6930.760509,6072,3
6931.898106,629,3
6933.2652,196,109
6933.384666,4573,41
6933.78696,2013,10
6933.961313,2163,154
6933.972998,1461,51
6934.13702,238,50
6934.430917,5933,3
6934.478534,574,33
6935.727205,201,105
6936.519552,595,15
6937.219699,4081,175
6937.224582,3040,257
6937.228131,2169,235
6937.228674,2089,200
6937.228791,2756,405
6938.010541,2114,23
6938.138413,2481,50
6938.432969,110,51
6938.639899,5119,19
6939.153453,755,30
6940.630738,514,37
6941.420171,224,132
6942.09326,550,18
6942.756364,605,20
6942.760599,422,34
6943.469065,855,11
6943.624511,240,47
6944.400525,1807,3
6944.513843,5393,3
6945.146134,1815,277
6945.175948,1761,39
6945.724763,739,201
6945.974254,4448,338
6946.68668,2615,227
6947.928351,887,96
6949.14616,1893,3
6949.230893,4542,22
6949.640284,1799,13
6951.170685,612,31
6951.468135,3147,66
6951.628076,488,13
6951.718776,2813,337
6951.888783,4487,3
6952.152728,2191,3
6952.229829,2396,11
6952.262615,218,91
6952.988934,6627,20
6954.221184,248,49
6954.492695,365,10
6954.622776,1189,49
6955.497086,400,49
6955.975932,723,52
6956.647191,603,18
6957.762194,560,25
6958.257646,1432,61
6958.395118,2963,432
6958.47716,3021,345
6958.693572,2465,100
6958.98038,590,23
6959.218883,2603,52
6960.380513,386,51
6960.512942,1847,12
6960.736848,3094,533
6961.010654,3249,3
6961.6304,2397,321
6962.264045,620,45
6962.4553,267,86
6962.893592,556,23
6963.263759,554,18
6963.977758,3610,25
6964.182548,3319,44
6964.47704,556,21
6965.677308,566,28
6966.399331,223,10
6967.023075,2013,3
6967.972908,2327,210
6968.146671,2370,64
6968.627559,556,10
6970.479222,574,33
6970.495307,316,56
6971.401305,1734,71
6971.769237,1064,14
6972.448712,2579,3
6972.974465,2098,3
6973.737627,238,9
6973.764861,4087,16
6973.975248,387,45
6975.269213,1532,3
6975.693185,2527,439
6976.26031,2287,342
6977.133021,315,48
6977.2348,582,36
6977.262105,749,8
6977.39351,494,43
6977.489945,773,14
6977.691312,2892,545
6979.260496,2567,203
6979.922134,1110,3
6980.399313,617,21
6980.748091,6154,13
6980.759812,4963,3
6981.810377,2265,353
6981.986236,951,39
6982.918657,2587,307
6983.761982,341,6
6983.976589,5885,69
6984.227239,1772,156
6984.229953,731,19
6984.670255,4304,59
6985.021668,1920,3
6985.162309,3053,410
6985.390434,572,32
6985.392177,2452,152
6985.735333,1376,123
6986.328977,2156,67
6987.442022,4678,225
6987.482827,1900,332
6988.009256,4459,84
6989.73089,373,124
6989.733326,548,17
6990.376941,525,7
6990.674339,2419,3
6990.927877,3198,62
6991.767903,349,7
6991.970186,4025,281
6992.293586,1443,184
6992.293929,7168,360
6993.873635,639,92
6994.879359,562,24
6994.985077,5027,3
6995.128438,398,12
6995.506802,428,8
6997.000795,2451,330
6997.156031,271,109
6997.73008,558,25
6998.013984,757,75
6998.123794,654,114
6998.267308,2908,3
6998.626493,794,55
6999.013188,625,11
6999.126174,2794,46
7000.374924,852,222
7000.822296,659,84
7000.986882,2823,413
7002.386478,1599,317
7002.532162,258,10
7002.730034,402,39
7002.877426,3752,469
7002.969765,5818,764
7004.263342,700,40
7004.62724,515,57
7004.758009,994,43
7005.782603,5327,3
7005.891451,631,11
7006.39158,510,13
7006.509648,420,53
7006.626887,253,157
7006.732414,357,185
7007.179142,2936,3
7007.918902,2122,123
7007.96731,685,96
7008.893664,574,6
7009.050292,167,118
7009.0742,2050,217
7009.137289,442,48
7009.652591,3949,81
7010.638314,625,11
7010.944997,642,11
7011.900335,430,25
7012.224714,607,22
7013.154878,3874,19
7013.17787,4499,19
7014.146266,3378,203
7014.885871,1111,64
7015.637707,370,5
7015.887058,560,25
7016.243313,6337,24
7016.477012,239,10
7016.690319,1073,11
7017.272534,1696,3
7018.469389,4368,3
7018.633283,312,52
7018.650302,2212,57
7019.079308,1228,17
7019.126062,2008,270
7019.485931,3837,1024
7019.903526,4248,67
7020.522356,1315,226
7022.421438,2196,472
7022.974333,493,35
7023.220384,566,26
7024.476364,686,49
7024.624942,5227,500
7024.718682,4339,93
7027.157403,570,14
7027.225913,364,41
7027.765724,5024,365
7028.175995,2980,51
7029.151393,650,25
7029.166987,2151,235
7031.271337,1876,44
7032.524018,1572,85
7032.661723,3867,46
7032.666639,287,35
7032.667053,1318,22
7032.975682,3793,3
7033.808698,611,5
7036.997083,1751,53
7037.01267,5142,1024
7037.024821,598,42
7037.981063,81,38
7038.217674,341,100
7038.399172,388,5
7038.654859,2255,614
7040.515135,1937,193
7040.731993,776,26
7040.979949,2039,17
7041.419203,291,46
7041.904412,698,87
7042.01148,2721,40
7042.135489,1143,3
7042.505512,222,13
7042.738777,1702,36
7043.007492,2488,415
7044.922471,301,46
7045.031777,608,17
7045.169872,556,24
7046.173676,751,20
7046.743822,706,3
7046.894605,427,10
7047.388672,947,3
7047.888157,2715,404
7048.636766,442,43
7049.495727,295,6
7050.140029,566,29
7050.2254,2255,23
7050.511656,2115,12
7050.628673,2160,323
7050.875307,2914,534
7050.988509,550,18
7051.261483,760,42
7051.772721,1371,8
7052.520135,444,100
7054.263808,994,2
7054.911842,566,26
7055.762206,1678,102
7055.903823,579,7
7056.057465,4528,39
7056.478876,511,49
7056.896329,387,55
7058.230908,1856,3
7059.062067,775,98
7059.390053,271,78
7061.38598,614,22
7061.91566,562,26
7061.978853,926,43
7062.475437,407,19
7063.39984,613,40
7064.220183,274,56
7064.230833,560,23
7064.381841,4313,484
7064.644983,326,39
7065.381663,5162,23
7065.513212,496,5
7065.879871,184,140
7065.980685,1990,500
7066.881501,482,34
7067.652101,467,36
7067.736505,283,64
7068.470063,7024,18
7068.476239,2058,92
7068.559004,598,28
7069.98464,608,8
7070.017201,694,95
7070.131931,1479,194
7070.622725,553,86
7070.974405,2227,457
7071.12508,609,4
7071.177309,272,59
7071.268458,156,54
7071.470353,584,84
7072.628637,3494,984
7072.718783,2045,3
7072.913893,1113,38
7073.386878,2553,353
7074.172515,3388,625
7074.384829,560,10
7074.882236,429,48
7076.220934,1549,45
7076.430929,535,98
7076.44875,355,48
7076.681836,626,19
7076.974202,578,49
7078.020038,2350,561
7078.227982,602,41
7078.726146,1961,11
7078.72807,187,9
7078.73205,408,130
7079.72003,2577,311
7079.724795,562,27
7079.92462,554,11
7081.468535,566,29
7081.482076,475,56
7081.773072,550,18
7081.919614,5225,3
7082.642967,562,22
7083.656387,5149,252
7083.777834,659,59
7084.638116,1376,3
7085.888067,508,143
7087.384392,110,109
7087.426875,408,13
7087.629262,1776,241
7088.474772,632,31
7090.882285,3078,16
7090.884973,293,40
7091.649933,537,9
7091.720305,297,144
7092.021436,714,55
7092.51638,741,58
7092.630841,425,8
7092.669937,152,54
7092.972291,1942,3
7093.168687,2693,314
7093.221301,4437,968
7093.513551,562,27
7094.231041,539,107
7094.432417,615,11
7094.524879,450,6
7094.963785,2573,3
7095.270892,2683,136
7096.590358,2926,205
7097.625697,2139,245
7098.515182,7093,9
7098.876564,4199,62
7100.256518,1051,47
7100.513735,7302,11
7101.767323,558,22
7101.979835,89,47
7102.477636,962,2
7102.559081,3292,427
7103.510466,2200,281
7103.949057,201,3
7104.373016,379,44
7104.760322,603,18
7105.626888,221,37
7105.638815,189,3
7105.732126,524,60
7105.928086,850,56
7106.469092,599,15
7107.151751,3210,16
7108.479118,4161,813
7108.482571,4808,17
7108.738915,213,61
7109.006692,334,102
7109.296266,803,49
7109.731778,558,25
7110.142226,822,21
7110.974327,362,56
7111.03057,4540,3
7113.123671,612,20
7113.432865,6215,3
7114.319228,5469,3
7114.705585,692,19
7115.427212,6108,1198
7115.77431,812,90
7117.236349,824,53
7117.395728,244,47
7118.759367,1288,43
7118.964965,600,3
7118.990035,2673,226
7119.435695,2912,213
7120.143649,649,67
7120.727682,410,11
7121.153885,274,65
7121.635605,5189,3
7121.678631,176,39
7121.720665,1556,22
7122.225871,362,40
7122.969162,612,35
7123.636086,320,51
7124.687384,1384,3
7125.016873,553,84
7125.471311,812,36
7125.727131,3839,20
7125.909209,5545,589
7126.163151,1918,3
7126.25045,3108,478
7126.717887,1429,235
7126.892683,5686,26
7126.97464,1672,11
7127.496868,940,48
7127.730277,322,29
7127.974304,239,8
7128.136979,385,42
7128.517347,197,52
7129.892,2748,421
7131.991741,602,8
7132.23053,986,49
7133.168618,355,56
7133.422882,6103,17
7134.918391,525,8
7135.132846,1470,12
7135.743045,763,82
7136.145119,2917,238
7136.166148,2028,286
7136.224242,370,51
7136.399224,421,41
7136.670462,2896,56
7136.782896,4835,699
7137.374162,601,8
7137.683446,383,41
7137.989857,696,24
7138.646035,135,68
7138.727947,1507,56
7139.286092,1806,40
7139.676334,3288,719
7139.92687,773,49
7141.650298,419,49
7142.174842,1083,67
7142.38675,5007,3
7142.932906,341,43
7142.983601,2253,210
7143.129778,1789,137
7143.176429,735,103
7143.703588,562,27
7146.768871,3256,3
7146.930731,582,20
7147.484476,377,4
7149.169789,5326,580
7149.389396,2105,561
7149.763526,463,53
7150.168473,368,67
7150.731825,3971,8
7150.903565,1506,3
7151.224306,2027,23
7151.975267,773,51
7152.63699,309,3
7153.47587,449,63
7153.629156,1746,3
7154.166747,650,30
7154.395684,971,48
7154.483,509,9
7157.646697,823,35
7158.724158,769,8
7158.909091,2593,153
7159.673061,6668,629
7160.481722,3142,3
7161.475585,385,47
7162.168196,2080,132
7162.47196,4964,3
7162.668383,2377,114
7163.053057,1224,55
7164.762946,651,86
7165.034145,311,98
7165.474107,471,22
7167.016653,181,5
7167.160466,562,7
7167.482585,3602,865
7167.646901,1680,3
7167.769105,1979,142
7167.968866,4120,447
7168.162312,613,21
7168.395716,252,45
7168.448294,568,30
7168.5203,418,93
7168.675953,6916,639
7168.970233,607,6
7169.775878,3891,16
7170.470521,826,65
7170.529858,724,62
7170.683511,1410,61
7171.973583,1962,194
7172.477044,672,52
7173.219661,3740,456
7173.485062,553,117
7173.638636,3896,370
7174.740595,1986,3
7175.468696,4415,49
7176.638529,2302,443
7177.04885,730,29
7177.143255,2653,3
7177.475325,756,10
7177.676496,4392,73
7177.789749,1741,13
7178.399165,485,68
7178.4199,616,9
7178.671061,2502,8
7179.417349,409,21
7179.902006,562,26
7179.967878,2981,29
7180.421462,1283,7
7180.641832,385,51
7181.519395,2906,196
7181.625912,1522,3
7181.763456,2437,238
7181.777227,614,32
7182.141575,175,85
7182.515765,2915,286
7182.669458,1144,8
7182.721881,5338,319
7182.971134,109,31
7183.973389,591,6
7184.178558,1953,295
7184.228059,713,48
7185.308954,1220,196
7186.238359,324,9
7186.510164,1334,315
7187.514446,2277,13
7187.72043,706,89
7188.00972,296,50
7188.170611,342,130
7188.395419,349,40
7188.420089,2655,46
7188.762985,646,11
7189.642958,4078,3
7190.513945,3094,16
7190.986141,4384,3
7191.37844,205,51
7191.518436,2601,150
7191.921161,2298,70
7193.486275,926,53
7193.975181,1312,54
7195.258962,278,42
7195.761136,2533,84
7196.725254,729,55
7197.438003,595,80
7197.728913,4360,30
7198.024002,210,73
7198.225392,2103,302
7198.472335,597,27
7199.011536,2435,19
7199.627926,2146,343
